Date,Open,High,Low,Close,Volume,daily_return,log_return,vol_20d,cluster_regime,vol_z
2015-02-02,8802.5,8840.7998046875,8751.099609375,8797.400390625,210100,-0.001305497790875,-0.0013063506955069,0.1853966782447192,1.0,0.5462978474288449
2015-02-03,8823.150390625,8837.2998046875,8726.650390625,8756.5498046875,208700,-0.0046434837706185,-0.0046542982322204,0.1864469598350814,1.0,0.5590439860814128
2015-02-04,8789.150390625,8792.849609375,8704.400390625,8723.7001953125,195300,-0.003751432939651,-0.0037584872121479,0.1436736061144536,0.0,0.039949771576099885
2015-02-05,8733.099609375,8838.4501953125,8683.650390625,8711.7001953125,173600,-0.0013755630903555,-0.0013765100457609,0.1427370636683166,0.0,0.02858396265207532
2015-02-06,8696.849609375,8726.2001953125,8645.5498046875,8661.0498046875,171300,-0.0058140649344491,-0.0058310324086079,0.1383261401022379,0.0,-0.024946675107394425
2015-02-09,8584.400390625,8605.5498046875,8516.349609375,8526.349609375,146800,-0.015552409736704,-0.0156746171972853,0.1518229774920506,0.0,0.1388499317458109
2015-02-10,8478.099609375,8646.25,8470.5,8565.5498046875,196200,0.004597535534949,0.0045869991503771,0.1518092593454206,0.0,0.13868344934660812
2015-02-11,8603.2998046875,8651.9501953125,8593.650390625,8627.400390625,161600,0.0072208541597238,0.0071949086167784,0.1522387223404024,1.0,0.14389538006158634
2015-02-12,8676.9501953125,8732.5498046875,8599.25,8711.5498046875,158800,0.0097537392786291,0.0097064786272237,0.1536180543776359,1.0,0.16063485027208893
2015-02-13,8741.5,8822.099609375,8729.650390625,8805.5,221900,0.0107845558389561,0.0107268172689105,0.1309485687358114,0.0,-0.11448032819490461
2015-02-16,8831.400390625,8870.099609375,8793.400390625,8809.349609375,136400,0.000437182371813,0.0004370868354434,0.1310205157265608,0.0,-0.11360718490824519
2015-02-18,8811.5498046875,8894.2998046875,8808.900390625,8869.099609375,147600,0.0067825665513845,0.0067596684272623,0.1319477194152619,0.0,-0.10235471044443857
2015-02-19,8883.0498046875,8913.4501953125,8794.4501953125,8895.2998046875,213300,0.0029540986646272,0.0029497438893496,0.1196869441872713,0.0,-0.25115055955576626
2015-02-20,8895.5,8899.9501953125,8816.2998046875,8833.599609375,197600,-0.0069362693408024,-0.0069604370777794,0.1225374896622954,0.0,-0.216556553344939
2015-02-23,8856.849609375,8869.0,8736.099609375,8754.9501953125,139600,-0.0089034388630236,-0.0089433113192368,0.1264619406940211,0.0,-0.16892970979687771
2015-02-24,8772.900390625,8800.5,8726.75,8762.099609375,149800,0.0008166139044774,0.0008162806567537,0.122524610850445,0.0,-0.21671284964017248
2015-02-25,8801.900390625,8840.650390625,8751.400390625,8767.25,135200,0.0005878032497472,0.000587630561085,0.1180840761804206,0.0,-0.2706028455375082
2015-02-26,8779.0,8786.0498046875,8669.4501953125,8683.849609375,217500,-0.009512719567139,-0.0095582544879628,0.1219525490623315,0.0,-0.22365534861953298
2015-02-27,8729.5,8856.9501953125,8717.4501953125,8844.599609375,249500,0.0185113753958217,0.0183421253958649,0.1394692575082325,1.0,-0.011073887955192428
2015-03-02,8953.849609375,8972.349609375,8885.4501953125,8956.75,218100,0.0126800980912831,0.0126003788387932,0.1342020089084062,0.0,-0.07499682213494684
2015-03-03,8962.849609375,9008.400390625,8925.5498046875,8996.25,177800,0.0044100817818963,0.0044003858673006,0.1345242884659764,0.0,-0.07108566158203138
2015-03-04,9109.150390625,9119.2001953125,8893.9501953125,8922.650390625,248400,-0.0081811431846602,-0.0082147923882021,0.1371191126717123,0.0,-0.03959506952667237
2015-03-05,8929.400390625,8957.5498046875,8849.349609375,8937.75,160100,0.0016922784950608,0.0016908482052135,0.1360025949867372,0.0,-0.05314504445847067
2015-03-09,8891.150390625,8891.2998046875,8740.4501953125,8756.75,155500,-0.0202511817851248,-0.0204590481140191,0.1561896199923192,0.0,0.19184317780987425
2015-03-10,8769.75,8778.0,8677.349609375,8712.0498046875,163800,-0.0051046558726125,-0.0051177291370559,0.1558409376946369,0.0,0.18761159558208138
2015-03-11,8728.75,8755.599609375,8682.349609375,8699.9501953125,172800,-0.0013888361116221,-0.0013898014383852,0.1442455737606609,0.0,0.04689112805634368
2015-03-12,8740.650390625,8787.2001953125,8732.900390625,8776.0,173900,0.0087414069023608,0.0087034220055012,0.1463253815110778,0.0,0.07213151901507416
2015-03-13,8844.0498046875,8849.75,8631.75,8647.75,179200,-0.0146137192342753,-0.0147215514720097,0.154874113959513,0.0,0.17587829520476742
2015-03-16,8656.75,8663.5498046875,8612.0,8633.150390625,163300,-0.0016882552542568,-0.0016896819631506,0.1507439671467648,0.0,0.12575514307696922
2015-03-17,8689.099609375,8742.5498046875,8630.7998046875,8723.2998046875,177000,0.0104422383467797,0.010388094769848,0.1504152479766632,1.0,0.12176583186907952
2015-03-18,8742.900390625,8747.25,8664.0,8685.900390625,156400,-0.0042873012391942,-0.0042965180681336,0.1509745308908368,0.0,0.12855324739219698
2015-03-19,8749.4501953125,8788.2001953125,8614.650390625,8634.650390625,163500,-0.005900366996531,-0.0059178429387673,0.1493582443922674,0.0,0.10893811560079364
2015-03-20,8627.900390625,8627.900390625,8553.0,8570.900390625,174600,-0.0073830435647072,-0.007410433126336,0.1499384040233577,0.0,0.11597888939551444
2015-03-23,8591.5498046875,8608.349609375,8540.5498046875,8550.900390625,150700,-0.0023334771247459,-0.0023362039252688,0.1487447913221531,0.0,0.10149329512572111
2015-03-24,8537.0498046875,8627.75,8535.849609375,8542.9501953125,156700,-0.0009297494941253,-0.0009301819792756,0.1462147970410249,0.0,0.07078947417581472
2015-03-25,8568.900390625,8573.75,8516.5498046875,8530.7998046875,161000,-0.0014222710360253,-0.0014232834235154,0.1460159534047012,0.0,0.06837632271051207
2015-03-26,8474.9501953125,8499.4501953125,8325.349609375,8342.150390625,280100,-0.0221139187862363,-0.0223620971083219,0.1636609709952654,0.0,0.2825149335365587
2015-03-27,8396.0,8413.2001953125,8269.150390625,8341.400390625,193000,-8.990487642646094e-05,-8.990891811211022e-05,0.16167252169229,1.0,0.2583832618478394
2015-03-30,8390.9501953125,8492.2998046875,8380.75,8492.2998046875,134700,0.0180904173155502,0.017928732765285,0.1609874590934417,1.0,0.2500693934998304
2015-03-31,8527.599609375,8550.4501953125,8454.150390625,8491.0,167200,-0.0001530568535489,-0.0001530685679444,0.1517104896418586,0.0,0.13748478762785868
2015-04-01,8483.7001953125,8603.400390625,8464.75,8586.25,125500,0.0112177599811564,0.0111553075287278,0.1576638760484904,1.0,0.20973463879879412
2015-04-06,8615.7998046875,8667.5498046875,8573.75,8659.900390625,146900,0.0085777132770417,0.0085411337249402,0.1605642312656442,1.0,0.2449331323064187
2015-04-07,8684.4501953125,8693.599609375,8586.849609375,8660.2998046875,148700,4.612224673294918e-05,4.6121183134830896e-05,0.160237277983221,0.0,0.24096525177902475
2015-04-08,8698.9501953125,8730.5,8679.7998046875,8714.400390625,148200,0.0062469645575338,0.0062275331572998,0.1458857098397271,0.0,0.06679569656891504
2015-04-09,8756.2001953125,8785.5,8682.4501953125,8778.2998046875,152700,0.0073326231522761,0.0073058701712128,0.1470398617191086,0.0,0.08080239726300734
2015-04-10,8774.349609375,8787.400390625,8733.599609375,8780.349609375,139000,0.0002335081659441,0.0002334809071557,0.1468937297198198,0.0,0.07902895027354823
2015-04-13,8801.75,8841.650390625,8762.099609375,8834.0,121600,0.0061102795460121,0.0060916874846368,0.1452329471145715,0.0,0.05887381706687392
2015-04-16,8757.0498046875,8760.0,8645.650390625,8706.7001953125,142900,-0.0144102110807674,-0.0145150465251854,0.1449506817274068,0.0,0.05544826548657703
2015-04-17,8698.0498046875,8699.849609375,8596.7001953125,8606.0,150400,-0.0115658278169167,-0.0116332322327412,0.1509695081671495,0.0,0.12849229199402634
2015-04-20,8618.7998046875,8619.9501953125,8422.75,8448.099609375,148900,-0.0183477098100163,-0.0185181166395568,0.158851712523995,0.0,0.22415013322647243
2015-04-21,8416.099609375,8469.349609375,8352.7001953125,8377.75,407800,-0.0083272703481066,-0.0083621357545242,0.1604139678001243,0.0,0.24310954615246957
2015-04-22,8400.400390625,8449.9501953125,8284.7001953125,8429.7001953125,171800,0.0062009722553788,0.0061818253391529,0.1620419618255936,1.0,0.26286675961274564
2015-04-23,8478.2001953125,8504.9501953125,8361.849609375,8398.2998046875,156000,-0.003724971220502,-0.0037319262025762,0.1606928863096624,0.0,0.24649448027676904
2015-04-24,8405.7001953125,8413.2998046875,8273.349609375,8305.25,173600,-0.0110796002585623,-0.0111414361987288,0.1646426261201945,0.0,0.29442822654880274
2015-04-27,8330.5498046875,8334.4501953125,8202.349609375,8213.7998046875,171500,-0.0110111309487974,-0.0110722021738192,0.1681112426369568,0.0,0.33652309659217144
2015-04-28,8215.5498046875,8308.0,8185.14990234375,8285.599609375,174600,0.0087413628764758,0.0087033783611285,0.1723337003562577,1.0,0.3877665269623592
2015-04-29,8274.7998046875,8308.2001953125,8219.2001953125,8239.75,160400,-0.0055336501323479,-0.0055490174921902,0.1547183267641546,0.0,0.17398767347955155
2015-04-30,8224.5,8229.400390625,8144.75,8181.5,267700,-0.0070693892411783,-0.0070944957684806,0.1563903162558977,0.0,0.19427881262066973
2015-05-04,8230.0498046875,8346.0,8220.4501953125,8331.9501953125,131700,0.0183890723354518,0.0182220379751438,0.1568631111408593,1.0,0.20001661590432748
2015-05-05,8338.400390625,8355.650390625,8280.599609375,8324.7998046875,155500,-0.0008581893143123,-0.0008585577695799,0.1568353746829428,0.0,0.19968000833015045
2015-05-06,8316.599609375,8331.9501953125,8083.0,8097.0,209600,-0.0273639979377319,-0.0277453653883998,0.1764467687406572,0.0,0.4376824165638997
2015-05-07,8077.0,8122.60009765625,7997.14990234375,8057.2998046875,161600,-0.0049030746341237,-0.0049151341398104,0.1712284161210936,1.0,0.3743528803354192
2015-05-08,8131.5,8224.9501953125,8123.4501953125,8191.5,183100,0.0166557281676953,0.0165185427140141,0.1852942804521761,1.0,0.545055155494179
2015-05-11,8243.2001953125,8332.75,8224.650390625,8325.25,192000,0.016327900872856,0.0161960341674642,0.1948552723524958,1.0,0.6610866365139767
2015-05-12,8326.150390625,8326.650390625,8115.2998046875,8126.9501953125,173400,-0.023819081071139,-0.0241073419925435,0.2059392021612977,1.0,0.7956003778331973
2015-05-13,8181.5498046875,8254.9501953125,8089.7998046875,8235.4501953125,169800,0.0133506416789144,0.0132623072083406,0.2143892817371012,1.0,0.8981499101555536
2015-05-14,8232.4501953125,8236.25,8137.2998046875,8224.2001953125,134800,-0.0013660455388829,-0.0013669794296785,0.2117183975038598,1.0,0.8657362593077723
2015-05-15,8240.2998046875,8279.2001953125,8212.2001953125,8262.349609375,129800,0.004638677701966,0.0046279521918878,0.2094932116893599,1.0,0.838731571060726
2015-05-18,8284.9501953125,8384.599609375,8271.9501953125,8373.650390625,148700,0.0134708389879449,0.0133809139137836,0.2139864637997254,1.0,0.8932613418623946
2015-05-19,8356.2001953125,8427.7998046875,8335.0,8365.650390625,140300,-0.00095537783724,-0.0009558345015271,0.2041741895585253,1.0,0.7741803171895475
2015-05-20,8392.650390625,8440.349609375,8391.4501953125,8423.25,123600,0.0068852517957898,0.0068616566932103,0.2035398264494492,1.0,0.7664817340490305
2015-05-21,8434.5,8446.349609375,8382.5,8421.0,143800,-0.0002671177989493,-0.000267153481263,0.2023395767845232,1.0,0.7519155940850143
2015-05-22,8432.5,8489.5498046875,8420.599609375,8458.9501953125,187300,0.004506613859696,0.0044964894818342,0.2024626235881848,1.0,0.753408880870785
2015-05-25,8438.150390625,8441.9501953125,8364.150390625,8370.25,121300,-0.0104859578629098,-0.0105413228961067,0.2020212018729033,1.0,0.7480518200226632
2015-05-26,8377.099609375,8378.900390625,8320.0498046875,8339.349609375,116800,-0.0036916926764433,-0.0036985237912854,0.1981305514834139,1.0,0.7008351785351195
2015-05-27,8302.75,8342.849609375,8277.9501953125,8334.599609375,165500,-0.0005695887835976,-0.0005697510609127,0.1959206454214933,1.0,0.6740159242200202
2015-05-28,8345.7001953125,8364.5,8270.150390625,8319.0,232300,-0.0018716687190891,-0.0018734224796336,0.1948983090981845,1.0,0.6616089272336629
2015-05-29,8327.099609375,8443.900390625,8305.7001953125,8433.650390625,363900,0.0137817514875586,0.0136876467831972,0.1981222071849625,1.0,0.7007339127545936
2015-06-01,8417.25,8467.150390625,8405.400390625,8433.400390625,122200,-2.964315431874809e-05,-2.9643593685729908e-05,0.1880488540988738,1.0,0.5784844547903905
2015-06-02,8442.7998046875,8445.349609375,8226.0498046875,8236.4501953125,146800,-0.0233535924051987,-0.0236306089312696,0.2068343725338431,1.0,0.8064640983733237
2015-06-03,8232.4501953125,8236.7001953125,8094.14990234375,8135.10009765625,171400,-0.0123050701762186,-0.0123814043972364,0.1861840982197296,1.0,0.5558539172213497
2015-06-04,8155.14990234375,8160.0498046875,8056.75,8130.64990234375,154700,-0.0005470363313393,-0.0005471860103022,0.1852247892155046,1.0,0.5442118150549278
2015-06-05,8119.14990234375,8191.0,8100.14990234375,8114.7001953125,162100,-0.0019616767691168,-0.0019636033769903,0.1753167593020271,1.0,0.4239687067210728
2015-06-08,8124.35009765625,8131.0,8030.5498046875,8044.14990234375,135900,-0.0086941342588976,-0.0087321487398675,0.1659658695574704,0.0,0.3104870097145655
2015-06-09,8026.5,8057.14990234375,8005.14990234375,8022.39990234375,136000,-0.0027038282806817,-0.0027074902267056,0.1435445143540554,0.0,0.03838312364849798
2015-06-10,8024.14990234375,8152.25,8023.7998046875,8124.4501953125,136800,0.0127206689034458,0.0126404408480797,0.1427601067620749,0.0,0.028863611910638652
2015-06-11,8157.2998046875,8163.0498046875,7958.25,7965.35009765625,166200,-0.0195828756200689,-0.0197771607529252,0.1580735550386563,0.0,0.21470647231431642
2015-06-12,7959.85009765625,7995.60009765625,7940.2998046875,7982.89990234375,136600,0.0022032684655837,0.0022008448289133,0.1570368365523031,0.0,0.20212493447532479
2015-06-15,7986.60009765625,8057.7001953125,7944.85009765625,8013.89990234375,133000,0.0038833006024412,0.0038757800540692,0.1482948720657028,0.0,0.09603310875494209
2015-06-16,8004.2001953125,8061.85009765625,7952.35009765625,8047.2998046875,124000,0.0041677463845015,0.0041590853857635,0.1499640938070028,0.0,0.1162906586841505
2015-06-17,8084.2001953125,8136.85009765625,8048.9501953125,8091.5498046875,152500,0.00549873884085,0.005483675969067,0.1489678976862999,0.0,0.10420089723717457
2015-06-18,8113.7001953125,8186.89990234375,8101.7998046875,8174.60009765625,144800,0.0102638301652222,0.0102115147270589,0.1551097907880846,1.0,0.17873845153021062
2015-06-19,8201.150390625,8250.7998046875,8195.650390625,8224.9501953125,147100,0.0061593346530415,0.0061404434830307,0.1560574695860989,1.0,0.19023941038584818
2015-06-22,8259.2998046875,8369.4501953125,8257.400390625,8353.099609375,122700,0.0155805702185933,0.0154604393327622,0.1630014023055392,1.0,0.2745104573586573
2015-06-23,8377.4501953125,8398.4501953125,8334.9501953125,8381.5498046875,131700,0.0034059446963339,0.0034001576033196,0.1628719108959912,1.0,0.2729389593189307
2015-06-24,8399.400390625,8421.349609375,8338.900390625,8360.849609375,130100,-0.0024697336166782,-0.0024727884395158,0.1631391816015852,0.0,0.27618253656767194
2015-06-25,8336.25,8423.150390625,8329.5,8398.0,201200,0.0044433750588388,0.0044335324134881,0.1636333182848967,1.0,0.28217934231634395
2015-06-26,8393.9501953125,8408.5498046875,8339.7001953125,8381.099609375,110600,-0.0020124304149797,-0.0020144580738723,0.1561350116327348,0.0,0.19118045485134652
2015-06-29,8247.0498046875,8329.4501953125,8195.650390625,8318.400390625,132000,-0.0074810253632906,-0.0075091485816652,0.158198919399741,0.0,0.21622788480325209
2015-06-30,8316.349609375,8378.0,8298.9501953125,8368.5,158500,0.0060227456028039,0.0060046813650915,0.1343731632930651,0.0,-0.07291970535228962
2015-07-01,8376.25,8481.599609375,8370.150390625,8453.0498046875,131800,0.0101033404657346,0.0100526429119175,0.1286709782383847,0.0,-0.1421209957457475
2015-07-02,8471.9501953125,8479.25,8433.2001953125,8444.900390625,112000,-0.000964079740543,-0.0009645447643201,0.1287854649413789,0.0,-0.14073159370001956
2015-07-03,8440.099609375,8497.75,8424.150390625,8484.900390625,88400,0.0047365863597876,0.0047254040314225,0.1283145004962031,0.0,-0.1464471829036448
2015-07-06,8386.150390625,8533.150390625,8386.150390625,8522.150390625,101500,0.0043901517148223,0.0043805431106717,0.1217288777466498,0.0,-0.2263698069404658
2015-07-07,8525.5,8561.349609375,8483.849609375,8510.7998046875,122200,-0.001331892235789,-0.0013327799926047,0.1209865808910855,0.0,-0.23537826593775715
2015-07-08,8439.2001953125,8457.5,8341.400390625,8363.0498046875,188100,-0.0173602955527897,-0.0175127525255737,0.135450598757042,0.0,-0.05984402932496109
2015-07-09,8364.849609375,8400.2998046875,8323.0,8328.5498046875,131300,-0.0041252893149892,-0.0041338217950059,0.1123520128998648,0.0,-0.34016673584054785
2015-07-10,8365.7001953125,8377.099609375,8315.400390625,8360.5498046875,154100,0.0038422055160178,0.0038348430969963,0.1124961221794393,0.0,-0.3384178364259205
2015-07-13,8397.25,8471.650390625,8355.400390625,8459.650390625,117800,0.0118533575246375,0.0117836567339471,0.1173521437607859,0.0,-0.2794855225172658
2015-07-14,8470.599609375,8480.25,8424.099609375,8454.099609375,101700,-0.0006561478304294,-0.0006563631896272,0.117805584706614,0.0,-0.2739825971881802
2015-07-15,8463.400390625,8531.400390625,8462.9501953125,8523.7998046875,105500,0.0082445438938532,0.0082107432951097,0.1191225210375458,0.0,-0.25800035659223475
2015-07-16,8546.150390625,8616.099609375,8542.900390625,8608.0498046875,116000,0.0098840894824474,0.009835561378738,0.1188110676726431,0.0,-0.26178013128245814
2015-07-17,8623.650390625,8642.9501953125,8593.150390625,8609.849609375,105000,0.0002090839073118,0.000209062052318,0.1183202483524253,0.0,-0.2677366777612913
2015-07-20,8623.900390625,8624.099609375,8559.0,8603.4501953125,90600,-0.0007432666484129,-0.000743543008016,0.1079146427933029,0.0,-0.3940183268329152
2015-07-21,8601.5,8646.75,8517.900390625,8529.4501953125,164100,-0.0086012004858606,-0.0086384042959938,0.1133903068932149,0.0,-0.32756607776674024
2015-07-22,8512.25,8643.900390625,8498.650390625,8633.5,136800,0.0121988876545269,0.0121250808588124,0.1193574088962838,0.0,-0.2551497751455516
2015-07-23,8643.9501953125,8654.75,8573.7998046875,8589.7998046875,132900,-0.0050617009686106,-0.0050745547700366,0.1211270162828284,0.0,-0.23367395255046305
2015-07-24,8588.150390625,8589.150390625,8513.5,8521.5498046875,127400,-0.0079454703895143,-0.0079772038426155,0.124967808189216,0.0,-0.18706238987649998
2015-07-27,8492.099609375,8492.2001953125,8351.5498046875,8361.0,136600,-0.018840446675461,-0.019020189089775,0.1408301006591798,0.0,0.005441202517249515
2015-07-28,8371.099609375,8397.400390625,8321.75,8337.0,174600,-0.0028704700394689,-0.0028745977394444,0.1395434256380024,0.0,-0.01017378909187443
2015-07-29,8365.599609375,8381.5,8338.4501953125,8375.0498046875,141000,0.0045639684163967,0.0045535850933296,0.1354972519507463,0.0,-0.059277849663242774
2015-07-30,8417.0,8458.900390625,8408.2998046875,8421.7998046875,215200,0.0055820563567077,0.0055665344162307,0.1371501253251053,0.0,-0.039218702289773
2015-07-31,8456.099609375,8548.9501953125,8448.0,8532.849609375,203300,0.013185994355469,0.0130998158712683,0.1441316803407449,1.0,0.04550892604958077
2015-08-03,8510.650390625,8563.9501953125,8508.099609375,8543.0498046875,156700,0.0011954031512864,0.0011946892258352,0.143371695949056,0.0,0.036285812439721545
2015-08-04,8564.099609375,8565.150390625,8448.25,8516.900390625,187400,-0.0030608991707097,-0.0030655933038692,0.1437364504536188,0.0,0.04071244576545937
2015-08-05,8547.4501953125,8591.849609375,8545.849609375,8567.9501953125,132800,0.0059939417330385,0.0059760495252578,0.129142825604888,0.0,-0.1363946914750747
2015-08-06,8585.7998046875,8606.2998046875,8551.5,8588.650390625,134900,0.0024160032260487,0.0024130893825477,0.1276316872751627,0.0,-0.15473375297118855
2015-08-07,8580.7998046875,8595.9501953125,8552.7001953125,8564.599609375,143700,-0.0028002980859778,-0.002804226255741,0.1282211197559216,0.0,-0.14758044456797337
2015-08-10,8577.0,8621.5498046875,8497.7998046875,8525.599609375,123400,-0.0045536279311072,-0.0045640272766171,0.1233729375409555,0.0,-0.2064176205138654
2015-08-11,8548.4501953125,8556.25,8441.2998046875,8462.349609375,154400,-0.0074188330320424,-0.0074464894442594,0.1264514617844671,0.0,-0.16905688105773667
2015-08-12,8445.7001953125,8446.9501953125,8337.9501953125,8349.4501953125,190000,-0.0133413790819306,-0.0134311748403183,0.1311710264023652,0.0,-0.1117805986288141
2015-08-13,8384.4501953125,8429.5,8339.75,8355.849609375,189200,0.0007664473603414,0.0007661537895581,0.1250097014476407,0.0,-0.18655397643253496
2015-08-14,8402.349609375,8530.099609375,8381.2001953125,8518.5498046875,155900,0.019471412593395,0.0192842700246075,0.1451557872738527,1.0,0.05793741102373587
2015-08-17,8530.5,8530.599609375,8428.0498046875,8477.2998046875,174700,-0.0048423735196454,-0.0048541357972207,0.1459659474099832,0.0,0.06776945370701432
2015-08-18,8505.849609375,8525.75,8433.599609375,8466.5498046875,153300,-0.0012680924643075,-0.001268897173926,0.1429896936949198,0.0,0.03164986171803515
2015-08-19,8468.0498046875,8520.4501953125,8425.9501953125,8495.150390625,130500,0.0033780685872379,0.003372375730519,0.1360523604745526,0.0,-0.05254109422871457
2015-08-20,8471.0498046875,8501.349609375,8359.75,8372.75,184100,-0.0144082664810828,-0.0145130734956471,0.1438784414693547,0.0,0.04243563808892427
2015-08-21,8305.400390625,8322.2001953125,8225.0498046875,8299.9501953125,201300,-0.0086948499223672,-0.008732870680242,0.1443691578276157,0.0,0.048390935029167706
2015-08-24,8055.9501953125,8060.0498046875,7769.39990234375,7809.0,312400,-0.0591509808805563,-0.0609725995392517,0.2504374109424101,1.0,1.3356273040591247
2015-08-25,7895.39990234375,7925.39990234375,7667.25,7880.7001953125,299100,0.0091817384188115,0.0091398425148358,0.2543814254581023,1.0,1.3834915685821432
2015-08-26,7865.25,7930.0498046875,7777.10009765625,7791.85009765625,216600,-0.0112743912919183,-0.0113384290206531,0.2545311803666431,1.0,1.385308982926715
2015-08-27,7921.60009765625,7963.60009765625,7862.2998046875,7948.9501953125,305000,0.0201621047231779,0.0199615408679432,0.2662717910838417,1.0,1.5277921545260875
2015-08-28,8053.7001953125,8091.7998046875,7961.64990234375,8001.9501953125,195600,0.0066675471222921,0.0066454173430795,0.2620840972912776,1.0,1.476970616564908
2015-08-31,8009.25,8043.60009765625,7947.9501953125,7971.2998046875,198200,-0.0038303650831211,-0.0038377197180878,0.2615701226001304,1.0,1.4707330582401796
2015-09-01,7907.9501953125,7929.10009765625,7746.5,7785.85009765625,184900,-0.0232646759719408,-0.0235395704702459,0.2710802978194487,1.0,1.5861478318285123
2015-09-02,7856.64990234375,7862.5498046875,7699.25,7717.0,215300,-0.0088429775544967,-0.008882308721944,0.2685931340836618,1.0,1.5559637991663327
2015-09-03,7774.4501953125,7845.60009765625,7754.0498046875,7823.0,155800,0.0137359077361669,0.0136424252274776,0.2756951536130134,1.0,1.6421533758141942
2015-09-04,7803.39990234375,7804.89990234375,7626.85009765625,7655.0498046875,193600,-0.0214687709718138,-0.0217025774501897,0.2820872624154784,1.0,1.7197275290947653
2015-09-07,7685.85009765625,7705.0498046875,7545.89990234375,7558.7998046875,141400,-0.0125733995801127,-0.0126531136580957,0.2831474428612559,1.0,1.7325937995146454
2015-09-08,7587.7001953125,7720.89990234375,7539.5,7688.25,172200,0.0171257605251329,0.0169807677548254,0.2945593294785915,1.0,1.871087600078913
2015-09-09,7805.85009765625,7846.0498046875,7764.5498046875,7818.60009765625,208400,0.0169544561709427,0.0168123335375422,0.3022631759950494,1.0,1.9645809039299427
2015-09-10,7729.0498046875,7819.85009765625,7678.5,7788.10009765625,160300,-0.0039009540862875,-0.0039085826532683,0.3018875303021958,1.0,1.9600220959594998
2015-09-11,7833.7998046875,7864.85009765625,7759.89990234375,7789.2998046875,136400,0.0001540436070679,0.0001540317435698,0.2901310191142213,1.0,1.8173459574386748
2015-09-14,7811.10009765625,7879.9501953125,7761.85009765625,7872.25,122800,0.0106492492768839,0.0105929453984274,0.2950035109778291,1.0,1.8764781534582557
2015-09-15,7867.35009765625,7880.0,7799.75,7829.10009765625,136500,-0.0054812667717297,-0.0054963440346811,0.2949226339737973,1.0,1.8754966361997858
2015-09-16,7886.85009765625,7913.89990234375,7853.2998046875,7899.14990234375,140000,0.0089473635301291,0.0089075730435619,0.2973805942733669,1.0,1.9053262581490928
2015-09-18,7967.4501953125,8055.0,7955.85009765625,7981.89990234375,241800,0.0104758108180029,0.0104213197402917,0.2984548941327522,1.0,1.9183638807141399
2015-09-21,7911.5,7987.89990234375,7908.35009765625,7977.10009765625,121800,-0.000601336116241,-0.0006015169913181,0.2975573245432141,1.0,1.9074710434564326
2015-09-22,8014.7998046875,8021.60009765625,7787.75,7812.0,168400,-0.0206967564196365,-0.0209139361191767,0.2146565776893193,1.0,0.9013937937954327
2015-09-23,7737.35009765625,7882.89990234375,7723.25,7845.9501953125,146700,0.0043459031378008,0.0043364869720647,0.2126171379755969,1.0,0.8766433063040783
2015-09-24,7838.39990234375,7894.5,7804.10009765625,7868.5,202500,0.0028740693129778,0.0028699470722847,0.2087093252664847,1.0,0.8292183841920625
2015-09-28,7892.7998046875,7893.9501953125,7787.9501953125,7795.7001953125,136300,-0.0092520562607231,-0.0092951223724626,0.1980728453491192,1.0,0.7001348612149135
2015-09-29,7725.7001953125,7926.5498046875,7691.2001953125,7843.2998046875,240700,0.0061058799315578,0.0060873145802312,0.1977978385545739,1.0,0.6967973993705485
2015-09-30,7924.25,7957.7001953125,7874.5,7948.89990234375,210700,0.0134637334139819,0.0133739027610214,0.2038666274735069,1.0,0.7704477667803136
2015-10-01,7992.0498046875,8008.25,7930.64990234375,7950.89990234375,156900,0.0002516071437017,0.0002515754959328,0.184191775476156,1.0,0.5316752377478801
2015-10-05,8005.10009765625,8128.89990234375,8005.10009765625,8119.2998046875,183100,0.0211799801798673,0.0209588019821642,0.1930946630437408,1.0,0.6397200139164556
2015-10-06,8180.4501953125,8180.9501953125,8096.5,8152.89990234375,178500,0.0041382999106465,0.0041297606980133,0.1887443294308294,1.0,0.5869246912868613
2015-10-07,8146.2001953125,8188.89990234375,8132.89990234375,8177.39990234375,193900,0.0030050657181448,0.0030005595334899,0.1665497873855464,1.0,0.317573392706194
2015-10-08,8196.75,8196.75,8105.85009765625,8129.35009765625,171700,-0.0058759269769512,-0.0058932581603976,0.1595427879121649,0.0,0.23253697233497575
2015-10-09,8186.35009765625,8232.2001953125,8139.64990234375,8189.7001953125,199700,0.0074237296870323,0.0073963094292302,0.1523784729022102,1.0,0.1455913824041223
2015-10-12,8231.5,8244.5,8128.2001953125,8143.60009765625,199100,-0.0056290336101235,-0.0056449363258414,0.146425604133643,0.0,0.07334781324993697
2015-10-13,8121.9501953125,8150.25,8088.60009765625,8131.7001953125,145900,-0.0014612581906097,-0.0014623268695636,0.1453619310838766,0.0,0.06043915684985013
2015-10-14,8102.39990234375,8139.2998046875,8096.35009765625,8107.89990234375,138900,-0.0029268532283653,-0.0029311448392646,0.1463354940445494,0.0,0.07225424396326009
2015-10-15,8134.35009765625,8190.5498046875,8129.7998046875,8179.5,167200,0.0088309054772066,0.0087921410807536,0.1450678234954312,0.0,0.056869889202490365
2015-10-16,8193.650390625,8246.400390625,8147.64990234375,8238.150390625,156400,0.0071704126933187,0.0071448275156084,0.1434334701797417,0.0,0.03703549987278815
2015-10-19,8262.5498046875,8283.0498046875,8239.2001953125,8275.0498046875,124500,0.004479089639404,0.0044690883706706,0.1416772411805572,0.0,0.01572203638387107
2015-10-20,8280.2998046875,8294.0498046875,8229.2001953125,8261.650390625,155100,-0.0016192547934769,-0.0016205672034621,0.1389718823890025,0.0,-0.017109995119421552
2015-10-21,8258.349609375,8294.400390625,8217.150390625,8251.7001953125,144800,-0.0012043834878066,-0.0012051093404612,0.1391221870252678,0.0,-0.015285909320392425
2015-10-23,8308.25,8328.099609375,8280.75,8295.4501953125,152000,0.005301937657024,0.0052879318689634,0.1108747156450178,0.0,-0.3580951045886321
2015-10-26,8333.650390625,8336.2998046875,8252.0498046875,8260.5498046875,133900,-0.0042071725829565,-0.0042160476348582,0.113631681393571,0.0,-0.32463677492361215
2015-10-27,8230.349609375,8241.9501953125,8217.0498046875,8232.900390625,156700,-0.0033471638954116,-0.0033527781799373,0.1155479206340106,0.0,-0.3013814391410324
2015-10-28,8188.89990234375,8209.099609375,8131.7998046875,8171.2001953125,188900,-0.0074943449313147,-0.0075225686348222,0.1133465030648855,0.0,-0.32809767774385423
2015-10-29,8175.4501953125,8179.60009765625,8098.0,8111.75,217500,-0.0072755768909693,-0.0073021729802976,0.1173870233843203,0.0,-0.27906222602059433
2015-10-30,8123.5498046875,8146.10009765625,8044.39990234375,8065.7998046875,199500,-0.0056646463848737,-0.0056807513422626,0.111558071074388,0.0,-0.3498019543214414
2015-11-02,8054.5498046875,8060.7001953125,7995.60009765625,8050.7998046875,136100,-0.0018597039801661,-0.0018614353765358,0.1119297722091315,0.0,-0.3452910172125432
2015-11-03,8086.35009765625,8100.35009765625,8031.75,8060.7001953125,132500,0.0012297400090901,0.0012289844981697,0.0824061772040812,0.0,-0.7035871531343966
2015-11-04,8104.89990234375,8116.10009765625,8027.2998046875,8040.2001953125,122100,-0.0025432033822472,-0.0025464428174963,0.0809745744540688,0.0,-0.7209609767970229
2015-11-05,8030.35009765625,8031.2001953125,7944.10009765625,7955.4501953125,132100,-0.0105407823115412,-0.0105967298586547,0.0869089007793696,0.0,-0.6489424373443956
2015-11-06,7956.5498046875,8002.64990234375,7926.14990234375,7954.2998046875,219500,-0.000144604088613,-0.0001446145447922,0.0853269408176862,0.0,-0.6681409848572335
2015-11-09,7788.25,7937.75,7771.7001953125,7915.2001953125,211800,-0.00491553126423,-0.0049276522249893,0.0801288911696491,0.0,-0.7312241257451592
2015-11-10,7877.60009765625,7885.10009765625,7772.85009765625,7783.35009765625,165200,-0.0166578348497532,-0.0167981368479892,0.0956752798945422,0.0,-0.5425543175217558
2015-11-13,7762.4501953125,7775.10009765625,7730.89990234375,7762.25,160900,-0.002710927478722,-0.0027146086971354,0.095639665419848,0.0,-0.5429865321170189
2015-11-16,7732.9501953125,7838.85009765625,7714.14990234375,7806.60009765625,149500,0.0057135621316306,0.0056973016429889,0.0997309200884027,0.0,-0.49333537213583645
2015-11-17,7848.75,7860.4501953125,7793.0,7837.5498046875,145000,0.0039645564834993,0.0039567183391247,0.0941820645540023,0.0,-0.5606758669646053
2015-11-18,7823.14990234375,7843.39990234375,7725.0498046875,7731.7998046875,143600,-0.0134927372246812,-0.0135845913820275,0.095821266452427,0.0,-0.5407826355982737
2015-11-19,7788.5,7854.89990234375,7765.4501953125,7842.75,132600,0.0143498536065607,0.0142478689427783,0.1112140695081605,0.0,-0.3539767315431617
2015-11-20,7841.89990234375,7906.9501953125,7817.7998046875,7856.5498046875,151900,0.0017595619760288,0.0017580157603643,0.112283534367674,0.0,-0.34099778617413234
2015-11-23,7869.5,7877.5,7825.2001953125,7849.25,127000,-0.000929136181781,-0.0009295680963622,0.1123303804051487,0.0,-0.340429266174872
2015-11-24,7837.0,7870.35009765625,7812.64990234375,7831.60009765625,130600,-0.0022486100383795,-0.0022511419581774,0.108520943393742,0.0,-0.3866603081936787
2015-11-26,7837.14990234375,7897.10009765625,7832.0,7883.7998046875,219800,0.0066652671715032,0.0066431524907187,0.1134764358265541,0.0,-0.3265208234878752
2015-11-27,7910.60009765625,7959.2998046875,7879.4501953125,7942.7001953125,150300,0.007471066247773,0.0074432960618276,0.1185485384200436,0.0,-0.2649661666130729
2015-11-30,7936.25,7966.0,7922.7998046875,7935.25,216300,-0.0009379927643368,-0.0009384329548349,0.1166169370466653,0.0,-0.28840793608946635
2015-12-01,7958.14990234375,7972.14990234375,7934.14990234375,7954.89990234375,138600,0.0024762801857218,0.0024732192560477,0.1152820356441512,0.0,-0.3046081994474907
2015-12-02,7976.7001953125,7979.2998046875,7910.7998046875,7931.35009765625,126300,-0.0029604149614204,-0.0029648056574549,0.1142101598760041,0.0,-0.3176164034229781
2015-12-03,7902.2998046875,7912.2998046875,7853.2998046875,7864.14990234375,125700,-0.0084727309329539,-0.0085088285592863,0.1173914530705451,0.0,-0.27900846768061505
2015-12-04,7817.60009765625,7821.39990234375,7775.7001953125,7781.89990234375,152500,-0.0104588545515246,-0.01051393274392,0.1215322245346761,0.0,-0.22875637558004855
2015-12-07,7816.5498046875,7825.39990234375,7746.0498046875,7765.39990234375,137600,-0.0021203048364873,-0.0021225558652615,0.1215051547613314,0.0,-0.22908489232023643
2015-12-08,7738.5,7771.25,7685.4501953125,7701.7001953125,135100,-0.0082030169511326,-0.008236846826399,0.1194955026262853,0.0,-0.2534738799896225
2015-12-09,7695.5,7702.85009765625,7606.89990234375,7612.5,140000,-0.0115818836166577,-0.0116494760359169,0.1244846475982563,0.0,-0.19292599059114768
2015-12-10,7643.2998046875,7691.9501953125,7610.0,7683.2998046875,140800,0.009300466954023,0.0092574839139351,0.1303991174812186,0.0,-0.12114842743432101
2015-12-11,7699.60009765625,7703.0498046875,7575.2998046875,7610.4501953125,167800,-0.0094815523573029,-0.009526788440796,0.1213129820507381,0.0,-0.2314170859309208
2015-12-14,7558.2001953125,7663.9501953125,7551.0498046875,7650.0498046875,148900,0.0052033202187422,0.0051898297247641,0.1231682398292479,0.0,-0.20890181659921112
2015-12-15,7659.14990234375,7705.0,7625.10009765625,7700.89990234375,134300,0.0066470283141284,0.0066250342311558,0.1238522604670534,0.0,-0.20060059341231307
2015-12-16,7725.25,7776.60009765625,7715.75,7750.89990234375,154300,0.0064927476832652,0.0064717605906419,0.1254134307239228,0.0,-0.18165434819872206
2015-12-17,7783.0498046875,7852.89990234375,7737.5498046875,7844.35009765625,175900,0.0120566897379543,0.0119845868239735,0.123001544664471,0.0,-0.21092481662363924
2015-12-18,7828.89990234375,7836.14990234375,7753.35009765625,7761.9501953125,191400,-0.0105043631808796,-0.0105599234296625,0.1182510927674748,0.0,-0.2685759447564165
2015-12-21,7745.64990234375,7840.75,7733.4501953125,7834.4501953125,126300,0.0093404361243882,0.0092970839936813,0.1231040184264295,0.0,-0.20968120272984256
2015-12-22,7829.39990234375,7846.2998046875,7776.85009765625,7786.10009765625,125700,-0.0061714729752418,-0.0061905952301657,0.1249536649208705,0.0,-0.18723403152097565
2015-12-23,7830.4501953125,7871.4501953125,7826.10009765625,7865.9501953125,117900,0.010255467648083,0.0102032371351069,0.1302211616740581,0.0,-0.12330808577062996
2015-12-24,7888.75,7888.75,7835.5,7861.0498046875,93500,-0.0006229877514251,-0.0006231818889286,0.1280021205688772,0.0,-0.15023820228598214
2015-12-28,7863.2001953125,7937.2001953125,7863.0,7925.14990234375,122900,0.0081541396186075,0.0081210742469741,0.1285564141527954,0.0,-0.14351133690084883
2015-12-29,7929.2001953125,7942.14990234375,7902.75,7928.9501953125,113000,0.0004795231655652,0.000479408231073,0.1285338332632734,0.0,-0.14378537688344678
2015-12-30,7938.60009765625,7944.75,7889.85009765625,7896.25,106800,-0.0041241519377724,-0.0041326797069952,0.1289590737480523,0.0,-0.1386246902357755
2015-12-31,7897.7998046875,7955.5498046875,7891.14990234375,7946.35009765625,150900,0.0063447962838372,0.0063247528004326,0.1306842232941593,0.0,-0.11768840465972208
2016-01-04,7924.5498046875,7937.5498046875,7781.10009765625,7791.2998046875,134700,-0.0195121396695674,-0.0197050145234202,0.145646691934918,0.0,0.06389499319269722
2016-01-05,7828.39990234375,7831.2001953125,7763.25,7784.64990234375,145200,-0.0008535035886758,-0.0008538680302466,0.1407616406929728,0.0,0.004610377499052663
2016-01-06,7788.0498046875,7800.9501953125,7721.2001953125,7741.0,147100,-0.0056071760312057,-0.0056229552549625,0.1420103873125125,0.0,0.019765072868976708
2016-01-07,7673.35009765625,7674.9501953125,7556.60009765625,7568.2998046875,188900,-0.022309804329221,-0.0225624324733549,0.1606953645347003,0.0,0.2465245558300634
2016-01-08,7611.64990234375,7634.10009765625,7581.0498046875,7601.35009765625,157400,0.0043669375978314,0.0043574301946149,0.1564478082357947,1.0,0.19497653097915807
2016-01-11,7527.4501953125,7605.10009765625,7494.35009765625,7563.85009765625,189000,-0.0049333341469908,-0.0049455432107058,0.1533044637911692,0.0,0.15682913842116866
2016-01-12,7587.2001953125,7588.2998046875,7487.7998046875,7510.2998046875,163900,-0.0070797665576877,-0.0071049470232057,0.151705196749392,0.0,0.13742055348163412
2016-01-13,7557.89990234375,7590.9501953125,7425.7998046875,7562.39990234375,215200,0.0069371528449146,0.0069132015057189,0.1527069722838923,1.0,0.14957802627622785
2016-01-14,7467.39990234375,7604.7998046875,7443.7998046875,7536.7998046875,200800,-0.0033851816866119,-0.0033909243778356,0.1505661956733238,0.0,0.12359772180086277
2016-01-15,7561.64990234375,7566.5,7427.2998046875,7437.7998046875,197500,-0.0131355485836875,-0.0132225829045312,0.1536675197116689,0.0,0.1612351578580409
2016-01-18,7420.35009765625,7463.64990234375,7336.39990234375,7351.0,233600,-0.0116700915548703,-0.0117387215413259,0.1478706077742642,0.0,0.09088426911647424
2016-01-19,7381.7998046875,7462.75,7364.14990234375,7435.10009765625,188300,0.0114406336085226,0.0113756844633348,0.1538629023316035,1.0,0.16360630668787954
2016-01-20,7357.0,7470.89990234375,7241.5,7309.2998046875,225600,-0.0169197847125697,-0.0170645596338279,0.1562835545643848,0.0,0.19298316073522
2016-01-21,7376.64990234375,7398.7001953125,7250.0,7276.7998046875,240700,-0.0044463903340177,-0.0044563049278707,0.1560040046549065,0.0,0.18959056398857546
2016-01-22,7355.7001953125,7433.39990234375,7327.60009765625,7422.4501953125,229200,0.0200157204450197,0.0198180393784127,0.1701969848229902,1.0,0.3618355074167047
2016-01-25,7468.75,7487.14990234375,7421.2001953125,7436.14990234375,163200,0.0018457122204607,0.001844010986664,0.1708590928383621,1.0,0.36987080066029704
2016-01-27,7469.60009765625,7477.89990234375,7419.7001953125,7437.75,187600,0.0002151782410606,0.0002151550935434,0.1664169564474081,1.0,0.31596136639782296
2016-01-28,7426.5,7468.85009765625,7409.60009765625,7424.64990234375,274500,-0.0017612984647574,-0.0017628513745914,0.1659538290475794,1.0,0.31034088698907325
2016-01-29,7413.35009765625,7575.64990234375,7402.7998046875,7563.5498046875,298700,0.0187079396565086,0.0185350984938957,0.1830455107934435,1.0,0.5177642554813463
2016-02-01,7589.5,7600.4501953125,7541.25,7555.9501953125,200400,-0.0010047675458274,-0.0010052726631166,0.1803728607249845,1.0,0.48532917458972974
2016-02-02,7566.64990234375,7576.2998046875,7428.0498046875,7455.5498046875,230200,-0.0132875929604837,-0.0133766629206659,0.1736489924456793,0.0,0.40372881316658765
2016-02-03,7392.4501953125,7419.39990234375,7350.2998046875,7361.7998046875,192000,-0.0125745253476888,-0.0126542537612866,0.1774440109782556,1.0,0.4497848736071035
2016-02-04,7411.4501953125,7457.0498046875,7365.9501953125,7404.0,222700,0.0057323204151287,0.005715953184809,0.1795968198760158,1.0,0.47591120101789885
2016-02-05,7418.25,7503.14990234375,7406.64990234375,7489.10009765625,249800,0.0114938003317464,0.0114282484242265,0.1687480694786126,1.0,0.3442515794065971
2016-02-08,7489.7001953125,7512.5498046875,7363.2001953125,7387.25,171500,-0.0135997778542343,-0.0136931019234252,0.1739051865634404,0.0,0.406837965775679
2016-02-09,7303.9501953125,7323.4501953125,7275.14990234375,7298.2001953125,212100,-0.0120545270144505,-0.012127772043135,0.1776598845788093,1.0,0.45240469944175193
2016-02-10,7264.2998046875,7271.85009765625,7177.75,7215.7001953125,246900,-0.011304156886925,-0.011368534484495,0.1799818153678122,1.0,0.48058347744745905
2016-02-11,7203.60009765625,7208.64990234375,6959.9501953125,6976.35009765625,292300,-0.0331707375829912,-0.0337333633197819,0.2088045540796607,1.0,0.8303740739305089
2016-02-12,7023.64990234375,7034.7998046875,6869.0,6980.9501953125,333900,0.0006593845767279,0.0006591672782349,0.2094636436392683,1.0,0.8383727354212064
2016-02-15,7057.35009765625,7182.7998046875,7056.7998046875,7162.9501953125,354200,0.026070949499426,0.0257368959166137,0.2308542581247359,1.0,1.0979676293975675
2016-02-16,7201.25,7204.64990234375,7037.7001953125,7048.25,253800,-0.016012982386442,-0.0161425754990748,0.2338576873426562,1.0,1.1344170212521691
2016-02-17,7058.85009765625,7123.7001953125,6960.64990234375,7108.4501953125,260000,0.0085411549409428,0.0085048856518307,0.2318767929885729,1.0,1.1103770358568927
2016-02-18,7177.39990234375,7215.10009765625,7127.85009765625,7191.75,246700,0.0117184199647948,0.0116502910075185,0.2299328087005628,1.0,1.0867849882567389
2016-02-19,7170.5498046875,7226.85009765625,7145.9501953125,7210.75,192300,0.0026419160844022,0.0026384323585623,0.2298199699015747,1.0,1.0854155850505038
2016-02-22,7208.85009765625,7252.39990234375,7200.7001953125,7234.5498046875,154400,0.0033006004489823,0.003295165423269,0.2176492521000105,1.0,0.9377126661156714
2016-02-23,7240.2998046875,7241.7001953125,7090.7001953125,7109.5498046875,194400,-0.0172782002162744,-0.0174292103005059,0.2246182599328088,1.0,1.0222880227845876
2016-02-24,7075.0,7090.7998046875,7009.75,7018.7001953125,199700,-0.0127785319564257,-0.0128608796700014,0.2274954272641331,1.0,1.0572051098479263
2016-02-25,7029.85009765625,7034.2001953125,6961.39990234375,6970.60009765625,283100,-0.0068531346713418,-0.006876725240095,0.227880428489925,1.0,1.0618774558648263
2016-02-26,7039.2998046875,7052.89990234375,6985.10009765625,7029.75,206700,0.0084856255580689,0.0084498250215755,0.2177346252355607,1.0,0.9387487480892232
2016-02-29,7050.4501953125,7094.60009765625,6825.7998046875,6987.0498046875,473400,-0.0060742124986663,-0.0060927355742289,0.2176609630718982,1.0,0.9378547895926578
2016-03-01,7038.25,7235.5,7035.10009765625,7222.2998046875,275100,0.0336694322462356,0.0331150269508819,0.2508801707819116,1.0,1.3410006042824758
2016-03-02,7321.7001953125,7380.35009765625,7308.14990234375,7368.85009765625,338500,0.0202913610528372,0.0200882345975481,0.2585316007895333,1.0,1.4338577853113583
2016-03-03,7429.5498046875,7483.9501953125,7406.0498046875,7475.60009765625,278600,0.014486656477644,0.014382727390574,0.2628461388995352,1.0,1.4862186964008381
2016-03-04,7505.39990234375,7505.89990234375,7444.10009765625,7485.35009765625,281700,0.0013042431206367,0.0013033933343828,0.259691447682399,1.0,1.447933600262202
2016-03-08,7486.39990234375,7527.14990234375,7442.14990234375,7485.2998046875,257000,-6.71885323921817e-06,-6.718875810813698e-06,0.2546324088045833,1.0,1.3865374836615743
2016-03-09,7436.10009765625,7539.0,7424.2998046875,7531.7998046875,245100,0.0062121760267879,0.0061929600024488,0.2507041572974942,1.0,1.3388645178293823
2016-03-10,7545.35009765625,7547.10009765625,7447.39990234375,7486.14990234375,224700,-0.0060609553529741,-0.0060793974986435,0.2477680775116721,1.0,1.303232473634278
2016-03-11,7484.85009765625,7543.9501953125,7460.60009765625,7510.2001953125,198700,0.0032126384433233,0.0032074889464729,0.2091053180370271,1.0,0.8340241227721391
2016-03-14,7542.60009765625,7583.7001953125,7515.0498046875,7538.75,166900,0.0038014705260878,0.0037942631968658,0.2087991632145139,1.0,0.8303086507951811
2016-03-15,7535.85009765625,7545.2001953125,7452.7998046875,7460.60009765625,193700,-0.0103664271057867,-0.010420532757604,0.1976649160430909,1.0,0.6951842617349306
2016-03-16,7457.0498046875,7508.0,7405.14990234375,7498.75,195400,0.0051135165863849,0.0051004869597104,0.1857792582937361,1.0,0.5509408102258925
2016-03-17,7557.39990234375,7585.2998046875,7479.39990234375,7512.5498046875,239600,0.0018402806717785,0.0018385894298917,0.1847098589005081,1.0,0.5379626593507967
2016-03-18,7534.64990234375,7613.60009765625,7517.89990234375,7604.35009765625,237400,0.0122195919302219,0.0121455354001086,0.185033928260149,1.0,0.5418955408074805
2016-03-21,7619.2001953125,7713.5498046875,7617.7001953125,7704.25,196800,0.0131372045027937,0.0130516598291204,0.1885793390029814,1.0,0.5849223798220172
2016-03-22,7695.5498046875,7728.2001953125,7643.7998046875,7714.89990234375,208900,0.0013823412199436,0.0013813866658977,0.1887036463921651,1.0,0.5864309649791919
2016-03-23,7717.4501953125,7726.85009765625,7670.60009765625,7716.5,199600,0.0002074035537082,0.0002073820485646,0.1728310469301209,1.0,0.39380228770215664
2016-03-28,7741.0,7749.39990234375,7587.7001953125,7615.10009765625,242400,-0.01314065992921,-0.0132277622974579,0.1733127024892103,0.0,0.39964762346284183
2016-03-29,7606.5498046875,7652.89990234375,7582.25,7597.0,216800,-0.0023768693023248,-0.0023796985402065,0.1702508467979945,1.0,0.36248917230791644
2016-03-30,7651.10009765625,7741.9501953125,7643.4501953125,7735.2001953125,232600,0.0181914170478478,0.0180279329159478,0.1766209746509294,1.0,0.4397965664326607
2016-03-31,7727.64990234375,7777.60009765625,7702.0,7738.39990234375,380100,0.000413655361265,0.0004135698294723,0.1727761098545374,1.0,0.3931355754709039
2016-04-01,7718.0498046875,7740.14990234375,7666.10009765625,7713.0498046875,183900,-0.0032758836421172,-0.0032812610960895,0.1396491820222477,0.0,-0.008890337540067435
2016-04-04,7733.14990234375,7764.4501953125,7704.39990234375,7758.7998046875,155500,0.0059315058450932,0.0059139837185546,0.1253644671778654,0.0,-0.18224856612341583
2016-04-05,7736.2998046875,7736.2998046875,7588.64990234375,7603.2001953125,203800,-0.0200545977846978,-0.0202584208946938,0.1413833514205739,0.0,0.012155412286399159
2016-04-06,7636.0498046875,7638.64990234375,7591.75,7614.35009765625,165600,0.0014664749128432,0.0014654006885952,0.1413914684556211,0.0,0.012253920015286942
2016-04-07,7630.39990234375,7630.75,7535.85009765625,7546.4501953125,234400,-0.0089173601782048,-0.0089573577941213,0.145620817739042,0.0,0.06358098589105028
2016-04-08,7542.35009765625,7569.35009765625,7526.7001953125,7555.2001953125,143400,0.0011594855559287,0.0011588138717068,0.1440557967697897,0.0,0.044588008720625794
2016-04-11,7577.7998046875,7678.7998046875,7516.85009765625,7671.39990234375,179800,0.0153800963610923,0.015263021567415,0.1515314635199172,1.0,0.1353121400315986
2016-04-12,7669.25,7717.39990234375,7663.35009765625,7708.9501953125,163400,0.0048948423295307,0.0048829015384887,0.1519387472286613,0.0,0.14025490459133363
2016-04-13,7777.14990234375,7864.7998046875,7772.2001953125,7850.4501953125,220400,0.0183552878686439,0.0181888630048617,0.1632368505991999,1.0,0.27736784020155275
2016-04-18,7908.14990234375,7920.60009765625,7842.75,7914.7001953125,184600,0.0081842440116828,0.0081509347042485,0.1576723487955221,1.0,0.2098374634216624
2016-04-20,7950.0498046875,7950.39990234375,7877.5498046875,7914.75,205300,6.292681500319475e-06,6.292661701482301e-06,0.1577895272298802,0.0,0.21125953211745294
2016-04-21,7953.64990234375,7978.4501953125,7884.10009765625,7912.0498046875,223700,-0.0003411598992387,-0.0003412181075164,0.1581366164984716,0.0,0.21547178146361032
2016-04-22,7891.7998046875,7923.35009765625,7873.35009765625,7899.2998046875,183300,-0.0016114660947212,-0.0016127659027939,0.1546127825329429,0.0,0.17270679660105737
2016-04-25,7894.7998046875,7911.0,7827.0,7855.0498046875,146300,-0.0056017623199643,-0.0056175110317398,0.1509153605384168,0.0,0.12783516043057913
2016-04-26,7828.14990234375,7974.5,7822.5498046875,7962.64990234375,202400,0.0136982069282411,0.0136052345659834,0.1574541651940484,1.0,0.20718960358900404
2016-04-27,7942.0,7991.0,7940.5498046875,7979.89990234375,206800,0.002166364239488,0.0021640210559946,0.1573810299955533,0.0,0.20630204030220975
2016-04-28,7967.39990234375,7992.0,7834.4501953125,7847.25,292500,-0.0166230032916565,-0.0167627158699707,0.1622466118067921,0.0,0.26535037644421056
2016-04-29,7844.25,7889.0498046875,7788.7001953125,7849.7998046875,243700,0.0003249297126382,0.0003248769344116,0.1616715248863202,1.0,0.2583711646853096
2016-05-02,7822.7001953125,7829.7998046875,7777.2998046875,7805.89990234375,146300,-0.0055924868704976,-0.0056081833742117,0.1513272346874165,0.0,0.132833634229161
2016-05-03,7824.7998046875,7890.25,7735.14990234375,7747.0,186500,-0.0075455620851691,-0.0075741738575637,0.1539890428711324,0.0,0.1651371388202326
2016-05-04,7724.14990234375,7749.0,7697.25,7706.5498046875,199700,-0.0052214012278947,-0.0052350803802913,0.1547050839714391,0.0,0.17382695993982286
2016-05-05,7731.0,7777.5498046875,7706.85009765625,7735.5,185100,0.0037565701962882,0.0037495319075121,0.1537879087750013,0.0,0.16269619050639791
2016-05-06,7717.64990234375,7738.89990234375,7678.35009765625,7733.4501953125,163600,-0.0002649867090039,-0.0002650218241854,0.1342500237081369,0.0,-0.07441411812455674
2016-05-09,7755.25,7873.64990234375,7753.5498046875,7866.0498046875,160600,0.0171462421074843,0.0170009042776952,0.1460068496263262,1.0,0.06826583993856344
2016-05-10,7873.5498046875,7896.89990234375,7837.7001953125,7887.7998046875,162000,0.0027650473287161,0.0027612316174809,0.1405646852650388,0.0,0.0022201411892291785
2016-05-11,7804.64990234375,7893.10009765625,7780.89990234375,7848.85009765625,214100,-0.0049379685077838,-0.0049502005585438,0.1428262285417315,0.0,0.02966606087212794
2016-05-12,7871.4501953125,7916.0498046875,7849.64990234375,7900.39990234375,152700,0.0065678161827671,0.0065463420522076,0.13516058321305,0.0,-0.06336363622757003
2016-05-13,7881.0,7881.0,7784.2001953125,7814.89990234375,179500,-0.01082223698254,-0.0108812233515407,0.1413248901353069,0.0,0.011445930510599047
2016-05-16,7831.2001953125,7873.89990234375,7772.14990234375,7860.75,205200,0.0058670102277955,0.0058498663461592,0.1271263647245748,0.0,-0.16086630956664527
2016-05-17,7896.85009765625,7940.10009765625,7879.7001953125,7890.75,183400,0.0038164297299876,0.0038091656381104,0.1243681331833675,0.0,-0.19434000079643304
2016-05-18,7846.75,7882.0498046875,7810.75,7870.14990234375,156400,-0.0026106640884896,-0.0026140778146703,0.1246714814991789,0.0,-0.1906585883744352
2016-05-19,7875.5,7876.2001953125,7766.7998046875,7783.39990234375,170400,-0.0110226617124745,-0.0110838613858264,0.1304369265333007,0.0,-0.12068957961238189
2016-05-20,7792.2001953125,7812.39990234375,7735.75,7749.7001953125,157000,-0.0043296897826234,-0.0043390900326874,0.131014506545615,0.0,-0.11368011187776102
2016-05-23,7813.9501953125,7820.60009765625,7722.2001953125,7731.0498046875,172000,-0.0024065951139995,-0.0024094956185153,0.1299915079452629,0.0,-0.12609514620867232
2016-05-24,7738.0498046875,7761.5498046875,7715.7998046875,7748.85009765625,147000,0.0023024418957897,0.0022997953380331,0.1191198811477234,0.0,-0.25803239409723583
2016-05-25,7811.7998046875,7941.2001953125,7809.2998046875,7934.89990234375,176200,0.0240099888812888,0.0237262813366222,0.1485388829181948,1.0,0.09899440616997332
2016-05-26,7974.4501953125,8083.0,7948.5,8069.64990234375,264300,0.0169819407501534,0.0168393595342784,0.1469735288161903,1.0,0.07999738612543957
2016-05-27,8081.9501953125,8164.2001953125,8077.0498046875,8156.64990234375,260900,0.0107811368588284,0.0107234347618368,0.1505583969775106,1.0,0.12350307741305644
2016-05-30,8166.5,8200.0,8150.7998046875,8178.5,247400,0.0026788078338353,0.0026752262230023,0.1479149140620104,0.0,0.0914219669034068
2016-05-31,8209.849609375,8213.599609375,8134.2998046875,8160.10009765625,471000,-0.0022497893677019,-0.0022523239460265,0.1443513525263639,0.0,0.04817485122784381
2016-06-01,8179.2001953125,8215.349609375,8171.0498046875,8179.9501953125,194400,0.0024325801667495,0.0024296262330994,0.1413684346272995,0.0,0.011974383201369157
2016-06-02,8156.89990234375,8229.5,8154.75,8218.9501953125,181700,0.0047677551902882,0.0047564254428807,0.141486188468579,0.0,0.01340343499242573
2016-06-03,8246.2001953125,8262.0,8209.849609375,8220.7998046875,379000,0.0002250420468608,0.0002250167286977,0.1413453961448283,0.0,0.01169478990504044
2016-06-06,8228.75,8234.7001953125,8186.0498046875,8201.0498046875,171600,-0.0024024426417412,-0.0024053331374929,0.132457576279927,0.0,-0.09616712575322856
2016-06-07,8235.5498046875,8294.9501953125,8216.400390625,8266.4501953125,241900,0.0079746364407662,0.0079430070714572,0.1340754918867449,0.0,-0.07653222322623779
2016-06-08,8285.5,8288.900390625,8252.0498046875,8273.0498046875,174300,0.0007983607496653,0.0007980422292402,0.1314545258431393,0.0,-0.10834007066641684
2016-06-09,8273.349609375,8273.349609375,8184.60009765625,8203.599609375,174900,-0.0083947512649023,-0.0084301856371499,0.1362031279672829,0.0,-0.0507113912383216
2016-06-10,8180.25,8265.599609375,8162.85009765625,8170.0498046875,182200,-0.0040896443372443,-0.0040980298028367,0.1297472005721829,0.0,-0.12906004217533265
2016-06-13,8102.25,8125.25,8063.89990234375,8110.60009765625,169700,-0.0072765415698128,-0.0073031447296469,0.1332232759893446,0.0,-0.08687465147582811
2016-06-14,8134.39990234375,8134.9501953125,8069.5,8108.85009765625,145500,-0.0002157670183375,-0.0002157902993896,0.1330898456916239,0.0,-0.08849395156716357
2016-06-15,8139.39990234375,8213.2001953125,8123.14990234375,8206.599609375,169800,0.0120546699644876,0.0119825911101933,0.1373225948280009,0.0,-0.03712562533077482
2016-06-16,8180.64990234375,8180.64990234375,8074.4501953125,8140.75,189200,-0.008023982222768,-0.0080563476172897,0.1338460333927293,0.0,-0.07931691430962963
2016-06-17,8176.64990234375,8195.25,8135.7998046875,8170.2001953125,166600,0.0036176267926788,0.0036110989197415,0.1316159248815006,0.0,-0.10638134403517623
2016-06-20,8115.75,8244.150390625,8107.35009765625,8238.5,168600,0.008359624373303,0.0083248762334282,0.1316671541859326,0.0,-0.10575962903668713
2016-06-21,8255.400390625,8257.25,8202.150390625,8219.900390625,137000,-0.00225764512654,-0.0022601974495153,0.1330584379150475,0.0,-0.08887511398939892
2016-06-22,8213.650390625,8238.349609375,8153.25,8203.7001953125,136100,-0.0019708505629796,-0.0019727952444882,0.1089190513119719,0.0,-0.381828900339816
2016-06-23,8201.150390625,8285.599609375,8188.2998046875,8270.4501953125,154100,0.0081365723284403,0.0081036488925214,0.0964819708699104,0.0,-0.5327643763134439
2016-06-24,8029.10009765625,8100.7001953125,7927.0498046875,8088.60009765625,297600,-0.0219879321393312,-0.0222332696976114,0.1212184599198831,0.0,-0.2325641994256917
2016-06-27,8039.35009765625,8120.64990234375,8039.35009765625,8094.7001953125,162500,0.0007541598771854,0.0007538756415223,0.1207589875266933,0.0,-0.23814032194784768
2016-06-28,8096.0498046875,8146.35009765625,8086.85009765625,8127.85009765625,170400,0.0040952600521197,0.0040868972986644,0.1216426109538934,0.0,-0.22741673427088416
2016-06-29,8173.10009765625,8212.400390625,8157.64990234375,8204.0,147000,0.0093690092003184,0.0093253922536919,0.1260028498664299,0.0,-0.174501201667531
2016-06-30,8260.25,8308.150390625,8242.099609375,8287.75,279400,0.0102084349098001,0.0101566807593836,0.1300172841564783,0.0,-0.12578232804152137
2016-07-01,8313.0498046875,8356.75,8308.650390625,8328.349609375,165500,0.0048987492835812,0.0048867894542098,0.1309755812859812,0.0,-0.11415250591087803
2016-07-04,8376.75,8398.4501953125,8364.7001953125,8370.7001953125,154200,0.0050851114475101,0.0050722259326849,0.1313510865436126,0.0,-0.10959540225176534
2016-07-05,8379.2998046875,8381.4501953125,8319.9501953125,8335.9501953125,139000,-0.0041513850919495,-0.0041600260138615,0.1299129902969746,0.0,-0.12704803050269414
2016-07-07,8342.0,8361.9501953125,8317.7001953125,8337.900390625,155500,0.0002339499717256,0.0002339226096985,0.1299065703769952,0.0,-0.12712594217033305
2016-07-08,8350.0,8353.2998046875,8287.5498046875,8323.2001953125,137900,-0.0017630571995113,-0.0017646132140196,0.1259997477157486,0.0,-0.17453884913566517
2016-07-11,8413.349609375,8475.25,8407.0498046875,8467.900390625,149800,0.0173851633887158,0.0172357704308392,0.1374115798596621,0.0,-0.036045709656764485
2016-07-12,8502.599609375,8526.599609375,8479.2001953125,8521.0498046875,183600,0.0062765752560507,0.0062569595942416,0.133894914988082,0.0,-0.07872369093254508
2016-07-13,8540.4501953125,8550.25,8493.5498046875,8519.5,195500,-0.0001818795480631,-0.0001818960901539,0.1338859567844802,0.0,-0.07883240701995851
2016-07-14,8515.75,8571.400390625,8500.7001953125,8565.0,153900,0.0053406890075708,0.0053264781029264,0.1296307378799664,0.0,-0.13047342467814393
2016-07-15,8565.4501953125,8594.7998046875,8510.0498046875,8541.400390625,221700,-0.0027553542761237,-0.0027591572520208,0.1254006815673725,0.0,-0.18180907100695243
2016-07-18,8564.0498046875,8587.099609375,8494.349609375,8508.7001953125,164300,-0.0038284348955694,-0.0038357821106622,0.1272213029414613,0.0,-0.15971414648298543
2016-07-19,8514.2998046875,8540.0498046875,8476.7001953125,8528.5498046875,167900,0.0023328603569714,0.0023301434628515,0.125048113089258,0.0,-0.186087815629166
2016-07-20,8515.4501953125,8569.900390625,8512.5498046875,8565.849609375,160300,0.0043735225263032,0.0043639864706521,0.1244538818325708,0.0,-0.19329936161733546
2016-07-21,8582.7001953125,8585.25,8503.4501953125,8510.099609375,150000,-0.0065084028487942,-0.0065296748506876,0.1274285494603717,0.0,-0.1571990182644828
2016-07-22,8519.650390625,8548.9501953125,8489.7998046875,8541.2001953125,143200,0.0036545501656923,0.0036478885225085,0.1254873846221171,0.0,-0.18075684923374716
2016-07-25,8519.9501953125,8641.150390625,8517.2001953125,8635.650390625,150000,0.0110581877432558,0.0109974930243212,0.0929672264753048,0.0,-0.5754190508246191
2016-07-26,8633.75,8644.900390625,8577.150390625,8590.650390625,154800,-0.0052109566696739,-0.0052245810557146,0.0974300808125928,0.0,-0.5212581851184324
2016-07-27,8599.400390625,8665.0,8572.0498046875,8615.7998046875,184100,0.0029275331807177,0.0029232563005614,0.0973411864387082,0.0,-0.5223370005764616
2016-07-28,8636.9501953125,8674.7001953125,8625.25,8666.2998046875,233500,0.0058613246761518,0.0058442139411648,0.0950581557419163,0.0,-0.5500436899790087
2016-07-29,8668.2998046875,8670.349609375,8631.150390625,8638.5,157000,-0.0032078055587764,-0.0032129615963578,0.0930500899056907,0.0,-0.5744134264448164
2016-08-01,8654.2998046875,8711.2998046875,8590.5,8636.5498046875,188400,-0.0002257562438502,-0.0002257817306269,0.0927685206590483,0.0,-0.5778305297159169
2016-08-02,8647.4501953125,8687.2001953125,8611.400390625,8622.900390625,169400,-0.0015804244022412,-0.0015816745902789,0.0926783591723709,0.0,-0.578924722759818
2016-08-03,8635.2001953125,8635.4501953125,8529.599609375,8544.849609375,163000,-0.0090515693924585,-0.0090927837382057,0.098154966899783,0.0,-0.5124610219010353
2016-08-04,8599.9501953125,8601.400390625,8518.150390625,8551.099609375,164700,0.0007314347572768,0.0007311673892417,0.0981033885927137,0.0,-0.5130869723693694
2016-08-05,8600.2001953125,8689.400390625,8590.150390625,8683.150390625,157900,0.0154425497634509,0.0153245270883402,0.1092326473498751,0.0,-0.378023122330671
2016-08-08,8712.849609375,8723.5,8697.599609375,8711.349609375,172600,0.0032475792173825,0.0032423172214172,0.0937390475260023,0.0,-0.5660522884082956
2016-08-09,8727.7998046875,8728.349609375,8638.2001953125,8678.25,200100,-0.0037995960280803,-0.0038068328301676,0.0936543549049704,0.0,-0.5670801117086638
2016-08-10,8686.7001953125,8690.099609375,8564.599609375,8575.2998046875,173600,-0.0118630133163367,-0.0119339403558223,0.1041775857616037,0.0,-0.43937097084352333
2016-08-11,8572.7998046875,8601.150390625,8540.0498046875,8592.150390625,189200,0.0019650142060676,0.0019630860910883,0.1027103114187138,0.0,-0.4571777022834039
2016-08-16,8670.25,8682.349609375,8600.4501953125,8642.5498046875,224800,0.0058657509204553,0.0058486143833095,0.1040040928809787,0.0,-0.4414764674379339
2016-08-17,8639.7998046875,8667.099609375,8603.599609375,8624.0498046875,174100,-0.0021405719860551,-0.0021428662849281,0.1032195525226897,0.0,-0.450997590417761
2016-08-18,8648.849609375,8690.7001953125,8645.0498046875,8673.25,164300,0.0057049989769026,0.0056887871001746,0.1046136902405618,0.0,-0.4340784395768476
2016-08-19,8694.2998046875,8696.599609375,8647.099609375,8666.900390625,191900,-0.0007320911278931,-0.0007323592374647,0.1038992128192596,0.0,-0.4427492840052514
2016-08-22,8667.0,8684.849609375,8614.0,8629.150390625,152300,-0.0043556517669032,-0.0043651652530661,0.1022032247325233,0.0,-0.463331668296296
2016-08-23,8628.349609375,8642.150390625,8580.0,8632.599609375,187500,0.0003997170745508,0.0003996372089627,0.1016069763500539,0.0,-0.4705676939717565
2016-08-24,8648.5,8661.0498046875,8620.900390625,8650.2998046875,149600,0.0020503899304304,0.002048290749933,0.0940677509942288,0.0,-0.5620631677571852
2016-08-25,8668.849609375,8683.0498046875,8583.650390625,8592.2001953125,213100,-0.0067164850567972,-0.0067391421502295,0.0953464786358346,0.0,-0.5465446249508146
2016-08-26,8614.349609375,8622.9501953125,8547.5498046875,8572.5498046875,147500,-0.002287003349354,-0.0022896225356679,0.0950282511271751,0.0,-0.5504066101418875
2016-08-29,8583.75,8622.0,8543.75,8607.4501953125,129700,0.0040711796863421,0.004062914858462,0.093713992254304,0.0,-0.5663563573075078
2016-08-30,8646.75,8750.599609375,8642.25,8744.349609375,150200,0.0159047581985491,0.0157796028316789,0.108996762472807,0.0,-0.3808858035170728
2016-08-31,8754.0498046875,8819.2001953125,8754.0498046875,8786.2001953125,362200,0.0047860147188798,0.0047745981624819,0.1099300840666336,0.0,-0.36955908261525533
2016-09-01,8793.599609375,8813.25,8759.9501953125,8774.650390625,238900,-0.0013145392127147,-0.0013154039773133,0.1098557149239774,0.0,-0.3704616209558937
2016-09-02,8796.349609375,8824.099609375,8768.2001953125,8809.650390625,191500,0.0039887629069979,0.0039808288831956,0.1037594950932069,0.0,-0.4444448878555246
2016-09-06,8852.7001953125,8950.849609375,8848.4501953125,8943.0,195600,0.0151367651906944,0.0150233474468299,0.1141861276942815,0.0,-0.31790805617893486
2016-09-07,8968.7001953125,8968.7001953125,8913.349609375,8917.9501953125,290100,-0.002801051625573,-0.0028049819116828,0.1043438079381229,0.0,-0.4373537109691361
2016-09-08,8915.5,8960.349609375,8896.0,8952.5,217200,0.0038741867728371,0.0038667014380895,0.1045186478061292,0.0,-0.43523186743683495
2016-09-09,8934.2998046875,8939.150390625,8858.7001953125,8866.7001953125,175900,-0.0095838932909801,-0.0096301143518348,0.1102286829420679,0.0,-0.3659353090456605
2016-09-12,8732.9501953125,8746.9501953125,8699.400390625,8715.599609375,184500,-0.0170413550260085,-0.0171882299396912,0.1196296132873107,0.0,-0.25184632306022064
2016-09-14,8710.650390625,8739.849609375,8688.900390625,8726.599609375,184300,0.0012621047883116,0.0012613090035687,0.1195659272865668,0.0,-0.25261921159140904
2016-09-15,8743.849609375,8751.9501953125,8704.349609375,8742.5498046875,145400,0.0018277675184461,0.0018260991839711,0.1181467824416176,0.0,-0.26984184705202074
2016-09-16,8780.849609375,8847.650390625,8750.5,8779.849609375,265800,0.0042664675089985,0.0042573919410826,0.1183779432425748,0.0,-0.2670364968991887
2016-09-19,8788.4501953125,8824.2998046875,8774.2001953125,8808.400390625,131700,0.0032518531091367,0.0032465772692253,0.1173795050125658,0.0,-0.27915346841663724
2016-09-20,8816.099609375,8816.4501953125,8759.2998046875,8775.900390625,136500,-0.0036896597064991,-0.0036964832905136,0.1183512715310029,0.0,-0.2673601827915402
2016-09-21,8790.2998046875,8826.849609375,8757.2998046875,8777.150390625,148800,0.0001424355273373,0.0001424253843608,0.1169032637660614,0.0,-0.2849330964856425
2016-09-22,8873.349609375,8893.349609375,8837.7998046875,8867.4501953125,172800,0.010288054854791,0.0102354930170989,0.1215227120893338,0.0,-0.22887181790367933
2016-09-23,8880.75,8885.2001953125,8820.2998046875,8831.5498046875,185900,-0.0040485584733227,-0.0040567760733005,0.1229757192074776,0.0,-0.2112382324338604
2016-09-26,8807.900390625,8809.5498046875,8715.099609375,8723.0498046875,164000,-0.0122854994196388,-0.0123615900172105,0.1291552077833621,0.0,-0.1362444222852688
2016-09-27,8748.900390625,8768.5,8690.5,8706.400390625,151400,-0.0019086689214536,-0.0019104927510736,0.1290436058698244,0.0,-0.1375988147423932
2016-09-28,8711.2001953125,8767.0498046875,8703.150390625,8745.150390625,165500,0.004450748674702,0.0044408733836031,0.1291782477486159,0.0,-0.13596481099400173
2016-09-29,8792.7001953125,8800.650390625,8558.25,8591.25,372900,-0.0175983698107679,-0.0177550621960591,0.1323850326257384,0.0,-0.09704751010266094
2016-09-30,8581.5,8637.150390625,8555.2001953125,8611.150390625,181700,0.002316355667103,0.0023136770509358,0.1312736433219965,0.0,-0.11053524738423111
2016-10-03,8666.150390625,8745.2001953125,8635.0,8738.099609375,137300,0.0147424226719126,0.0146348095219124,0.1425044248548801,1.0,0.025760675450585066
2016-10-04,8770.0,8783.650390625,8736.099609375,8769.150390625,184300,0.0035534936242527,0.0035471948830647,0.142343560895451,0.0,0.02380844249715653
2016-10-05,8806.349609375,8806.9501953125,8731.400390625,8743.9501953125,157200,-0.0028737328235858,-0.0028778699216004,0.130599063902049,0.0,-0.11872189265890888
2016-10-06,8768.7001953125,8781.150390625,8684.650390625,8709.5498046875,163600,-0.0039341933401497,-0.0039419526365027,0.1308551013721428,0.0,-0.11561464111416585
2016-10-07,8721.7001953125,8723.7001953125,8663.7998046875,8697.599609375,150400,-0.0013720795655899,-0.0013730217286708,0.1294883127324978,0.0,-0.13220188559177481
2016-10-10,8735.349609375,8745.7998046875,8703.9501953125,8708.7998046875,108400,0.0012877340663539,0.0012869056479532,0.1260888094958313,0.0,-0.1734580020485644
2016-10-13,8671.5,8681.5498046875,8541.349609375,8573.349609375,212300,-0.0155532562867726,-0.0156754771216134,0.1235862009512452,0.0,-0.20382947175260363
2016-10-14,8594.0,8604.4501953125,8549.7998046875,8583.400390625,162800,0.0011723284023095,0.001171641761961,0.1235665538727981,0.0,-0.2040679072239122
2016-10-17,8612.9501953125,8615.400390625,8506.150390625,8520.400390625,197400,-0.0073397484834576,-0.0073668169692744,0.1252456683956855,0.0,-0.18369029923891214
2016-10-18,8556.0498046875,8685.099609375,8555.900390625,8677.900390625,216600,0.0184850468028823,0.0183162749892034,0.1422833097710744,1.0,0.02307723936808667
2016-10-19,8697.5,8698.75,8636.7001953125,8659.099609375,172100,-0.0021665126820665,-0.002168862965894,0.1416467220603585,0.0,0.015351658628822776
2016-10-20,8693.349609375,8727.0,8678.2998046875,8699.400390625,161000,0.0046541537882722,0.0046433567024341,0.1425184160757063,0.0,0.02593047185776389
2016-10-21,8708.599609375,8709.099609375,8652.0498046875,8693.0498046875,157300,-0.0007300027188475,-0.0007302693005771,0.1425049613891023,0.0,0.025767186789687486
2016-10-24,8709.849609375,8736.9501953125,8684.150390625,8708.9501953125,157100,0.0018290923188344,0.0018274215664756,0.1371429395447008,0.0,-0.039305908382122834
2016-10-25,8721.7001953125,8722.650390625,8663.4501953125,8691.2998046875,189800,-0.0020266955521803,-0.0020287520787162,0.1367124104117868,0.0,-0.04453077766712977
2016-10-26,8657.2998046875,8657.2998046875,8596.599609375,8615.25,219300,-0.0087501071642338,-0.0087886141432832,0.1332493588653183,0.0,-0.08655811164815792
2016-10-27,8607.099609375,8624.849609375,8550.25,8615.25,242800,0.0,0.0,0.1331768379807554,0.0,-0.08743821966711945
2016-10-28,8625.0,8653.75,8581.75,8638.0,175500,0.0026406662604103,0.0026371858270232,0.1324364366956856,0.0,-0.09642367416297966
2016-11-01,8653.150390625,8669.599609375,8614.5,8626.25,165000,-0.0013602685806899,-0.0013611945858348,0.116071984279453,0.0,-0.29502144202323516
2016-11-02,8542.7998046875,8549.5,8504.849609375,8514.0,155300,-0.0130126068685697,-0.0130980125467139,0.1249107593553491,0.0,-0.18775473024798472
2016-11-03,8499.849609375,8537.650390625,8476.150390625,8484.9501953125,170500,-0.0034120043090791,-0.0034178384703509,0.1114862086884465,0.0,-0.35067407085049423
2016-11-04,8503.599609375,8504.0,8400.25,8433.75,224800,-0.0060342363990286,-0.0060525159761116,0.1109627591529293,0.0,-0.35702661517627227
2016-11-07,8535.75,8535.849609375,8481.4501953125,8497.0498046875,172800,0.0075055348673485,0.0074775084884729,0.1157971594871592,0.0,-0.2983566951019186
2016-11-08,8540.0,8559.400390625,8480.099609375,8543.5498046875,195700,0.0054724876361613,0.0054575679826926,0.1178830956630351,0.0,-0.2730419300311981
2016-11-09,8067.5,8476.2001953125,8002.25,8432.0,314300,-0.0130566108043634,-0.0131425976316571,0.1255789814266648,0.0,-0.17964523727976195
2016-11-10,8555.599609375,8598.4501953125,8510.7001953125,8525.75,263100,0.0111183586337761,0.0110570040404547,0.1330721864005635,0.0,-0.08870826339974963
2016-11-11,8456.650390625,8460.599609375,8284.9501953125,8296.2998046875,266900,-0.0269126112438788,-0.0272813871024,0.15461008888652,0.0,0.1726741067099823
2016-11-15,8284.849609375,8288.5498046875,8093.2001953125,8108.4501953125,359200,-0.0226425772690691,-0.022902856859881,0.1714931737586797,0.0,0.37756595917919383
2016-11-16,8205.650390625,8210.0498046875,8089.39990234375,8111.60009765625,269500,0.0003884715658204,0.0003883961302774,0.1709904664496561,1.0,0.3714651409593253
2016-11-17,8105.10009765625,8151.25,8060.2998046875,8079.9501953125,191300,-0.0039018075302916,-0.0039094394399234,0.1523609644011583,0.0,0.1453789005477761
2016-11-18,8097.5498046875,8128.9501953125,8048.2998046875,8074.10009765625,161200,-0.0007240264500198,-0.0007242886837538,0.1526231827052344,0.0,0.14856116223041937
2016-11-21,8102.10009765625,8102.4501953125,7916.39990234375,7929.10009765625,218800,-0.0179586577137048,-0.018121871425978,0.1578220380703747,0.0,0.2116540812407137
2016-11-22,7989.14990234375,8019.0498046875,7938.14990234375,8002.2998046875,210200,0.0092317799157166,0.0091894274947825,0.1648493117101497,1.0,0.2969365473755517
2016-11-23,8051.2001953125,8055.2001953125,7973.10009765625,8033.2998046875,181000,0.0038738863522509,0.0038664021768522,0.1659832016669069,1.0,0.3106973508954891
2016-11-24,8011.7998046875,8024.85009765625,7952.5498046875,7965.5,260500,-0.0084398449374363,-0.0084756620986245,0.166524895471343,0.0,0.31727130630129474
2016-11-25,8007.9501953125,8122.25,7976.75,8114.2998046875,177900,0.0186805353948276,0.0185081971326499,0.1841532356575424,1.0,0.531207521398092
2016-11-28,8080.64990234375,8146.5,8066.5,8126.89990234375,189700,0.0015528262400374,0.0015516218520139,0.1845698567556163,1.0,0.536263603814812
2016-11-29,8131.5498046875,8197.349609375,8128.7001953125,8142.14990234375,189700,0.0018764842908427,0.0018747258935887,0.1842851259405468,1.0,0.5328081319862684
2016-11-30,8172.14990234375,8234.25,8139.25,8224.5,248000,0.0101140483341561,0.0100632436210104,0.1899704884807174,1.0,0.6018052656046344
2016-12-01,8244.0,8250.7998046875,8185.0498046875,8192.900390625,157700,-0.0038421313605689,-0.0038495313077255,0.1858446208438029,1.0,0.5517340452339913
2016-12-02,8153.5498046875,8159.2998046875,8070.0498046875,8086.7998046875,171500,-0.0129503083009417,-0.0130348946163291,0.1899608256687162,1.0,0.6016879984425025
2016-12-05,8088.75,8141.89990234375,8056.85009765625,8128.75,126500,0.0051874902712669,0.0051740815952034,0.1912756189362275,1.0,0.6176442309814187
2016-12-06,8153.14990234375,8178.7001953125,8130.85009765625,8143.14990234375,115300,0.0017714780678148,0.0017699108511295,0.1886422097229347,1.0,0.5856853741666433
2016-12-07,8168.39990234375,8190.4501953125,8077.5,8102.0498046875,169800,-0.0050471989523882,-0.0050599790817267,0.1867180249264206,1.0,0.5623336117111346
2016-12-08,8152.10009765625,8256.25,8151.75,8246.849609375,142500,0.0178719963685887,0.017714169916451,0.1956391021657425,1.0,0.6705991363724323
2016-12-09,8271.7001953125,8274.9501953125,8241.9501953125,8261.75,149700,0.0018067979083868,0.0018051676124941,0.1907017282091788,1.0,0.6106795361362363
2016-12-12,8230.650390625,8230.650390625,8154.4501953125,8170.7998046875,108100,-0.0110085872015613,-0.0110696301085065,0.1691833017248679,0.0,0.34953352532257337
2016-12-13,8196.150390625,8228.849609375,8155.7998046875,8221.7998046875,184000,0.006241739024219,0.0062223400515642,0.1490158178457089,0.0,0.10478245269971444
2016-12-14,8229.349609375,8229.400390625,8165.10009765625,8182.4501953125,144600,-0.0047860091840919,-0.0047974988003114,0.1502884834512663,0.0,0.12022742709100608
2016-12-15,8128.39990234375,8225.900390625,8121.9501953125,8153.60009765625,181800,-0.0035258506886821,-0.0035320811496494,0.1501497143877013,0.0,0.11854333613757281
2016-12-16,8178.2001953125,8178.7001953125,8127.4501953125,8139.4501953125,203000,-0.0017354177509658,-0.001736925332793,0.1502980357560023,0.0,0.12034335314525099
2016-12-19,8126.0,8132.5,8094.85009765625,8104.35009765625,107400,-0.0043123425801492,-0.0043216675473717,0.1349359815208888,0.0,-0.06608938552771809
2016-12-20,8110.60009765625,8124.10009765625,8062.75,8082.39990234375,128000,-0.0027084460873485,-0.0027121205636996,0.1320470197018843,0.0,-0.10114960960944039
2016-12-21,8105.85009765625,8112.5498046875,8053.25,8061.2998046875,123700,-0.0026106228238139,-0.0026140364419853,0.1318579893239423,0.0,-0.10344366810661448
2016-12-22,8043.85009765625,8046.4501953125,7964.9501953125,7979.10009765625,122600,-0.0101968304147989,-0.0102491742213465,0.1335405574670419,0.0,-0.08302414724559895
2016-12-23,7972.5,8022.60009765625,7942.0498046875,7985.75,124100,0.0008334150796909,0.0008330679821808,0.1145938919902681,0.0,-0.3129594592484492
2016-12-26,7965.10009765625,7970.0498046875,7893.7998046875,7908.25,106900,-0.0097047866512225,-0.0097521850030884,0.1184781414057805,0.0,-0.26582049950127945
2016-12-27,7915.0498046875,8044.64990234375,7903.7001953125,8032.85009765625,118800,0.0157557105119654,0.0156328778358968,0.1326798347404243,0.0,-0.09346981373690724
2016-12-28,8047.5498046875,8100.5498046875,8028.39990234375,8034.85009765625,126700,0.0002489776325569,0.0002489466427699,0.126577323283624,0.0,-0.16752943533842166
2016-12-29,8030.60009765625,8111.10009765625,8020.7998046875,8103.60009765625,178500,0.0085564757480733,0.0085200765943986,0.1306496810663619,0.0,-0.11810760654702003
2016-12-30,8119.64990234375,8197.0,8114.75,8185.7998046875,127600,0.0101436035886104,0.0100925025171995,0.1270757699448281,0.0,-0.16148032402111662
2017-01-02,8210.099609375,8212.0,8133.7998046875,8179.5,118300,-0.0007696016073948,-0.0007698979027411,0.1259902366331252,0.0,-0.1746542749214414
2017-01-03,8196.0498046875,8219.099609375,8148.60009765625,8192.25,127300,0.001558774986246,0.0015575613575361,0.1259598791384891,0.0,-0.17502269120077726
2017-01-04,8202.650390625,8218.5,8180.89990234375,8190.5,132400,-0.0002136165278159,-0.0002136393470761,0.1243893020171671,0.0,-0.19408309741623592
2017-01-05,8226.650390625,8282.650390625,8223.7001953125,8273.7998046875,159100,0.0101702954261033,0.0101189259729877,0.1128716116439296,0.0,-0.33386092443118454
2017-01-06,8281.849609375,8306.849609375,8233.25,8243.7998046875,139400,-0.0036259035398709,-0.0036324930615801,0.1134711866747294,0.0,-0.32658452680094857
2017-01-09,8259.349609375,8263.0,8227.75,8236.0498046875,99100,-0.0009401004613908,-0.000940542632975,0.1059405531727061,0.0,-0.4179757304926754
2017-01-10,8262.7001953125,8293.7998046875,8261.0,8288.599609375,142900,0.0063804622280927,0.006360193250249,0.1060421587083542,0.0,-0.41674265332830035
2017-01-11,8327.7998046875,8389.0,8322.25,8380.650390625,186500,0.011105709720359,0.0110444941375065,0.110548954775607,0.0,-0.36204851408108946
2017-01-12,8391.0498046875,8417.2001953125,8382.2998046875,8407.2001953125,172600,0.0031679885748723,0.0031629810720875,0.1092979578114937,0.0,-0.37723051946407515
2017-01-13,8457.650390625,8461.0498046875,8373.150390625,8400.349609375,185300,-0.0008148474852923,-0.0008151796539613,0.1089808943455368,0.0,-0.3810783779201648
2017-01-16,8390.9501953125,8426.7001953125,8374.400390625,8412.7998046875,124100,0.0014821044232022,0.0014810071904502,0.1067382969765071,0.0,-0.40829437148783193
2017-01-17,8415.0498046875,8440.900390625,8378.2998046875,8398.0,122000,-0.0017592008642893,-0.001760750075312,0.1062491938882595,0.0,-0.41423008990412175
2017-01-18,8403.849609375,8460.2998046875,8397.400390625,8417.0,163800,0.002262443438914,0.0022598879674375,0.1048934155966378,0.0,-0.43068371362344493
2017-01-19,8418.400390625,8445.150390625,8404.0498046875,8435.099609375,165900,0.0021503634757038,0.0021480547533008,0.094120656058505,0.0,-0.5614211158628404
2017-01-20,8404.349609375,8423.650390625,8340.9501953125,8349.349609375,202600,-0.0101658550545976,-0.0102178802464588,0.1047273868255588,0.0,-0.4326986263439075
2017-01-23,8329.599609375,8404.150390625,8327.2001953125,8391.5,195000,0.0050483441941,0.0050356440298158,0.0949971212150409,0.0,-0.5507844004220807
2017-01-24,8407.0498046875,8480.9501953125,8398.150390625,8475.7998046875,179200,0.01004585648424,0.0099957322821512,0.0867795014345935,0.0,-0.6505128180929516
2017-01-25,8499.4501953125,8612.599609375,8493.9501953125,8602.75,292500,0.0149779605745632,0.0148668985383623,0.0963274329206279,0.0,-0.5346398372819247
2017-01-27,8610.5,8672.7001953125,8606.900390625,8641.25,275400,0.0044753131266164,0.0044653286907273,0.0945357432389081,0.0,-0.5563836489559925
2017-01-30,8635.5498046875,8662.599609375,8617.75,8632.75,304700,-0.0009836539852451,-0.0009841380903137,0.0919851189530212,0.0,-0.5873378340972458
2017-01-31,8629.4501953125,8631.75,8552.400390625,8561.2998046875,521000,-0.0082766436318091,-0.0083110852188643,0.0993154377825325,0.0,-0.49837763425573506
2017-02-01,8570.349609375,8722.400390625,8537.5,8716.400390625,327700,0.0181164764084746,0.0179543284874153,0.1137384624928877,0.0,-0.32334088750651
2017-02-02,8724.75,8757.599609375,8685.7998046875,8734.25,283500,0.002047818890261,0.00204572496732,0.1131464056369776,0.0,-0.3305260451298395
2017-02-03,8735.150390625,8748.25,8707.75,8740.9501953125,191000,0.0007671174184962,0.0007668233343177,0.1104134973002055,0.0,-0.3636924158488039
2017-02-06,8785.4501953125,8814.099609375,8770.2001953125,8801.0498046875,194400,0.0068756380064067,0.0068521085989636,0.1086378213355706,0.0,-0.38524188625270167
2017-02-07,8805.7001953125,8809.2998046875,8741.0498046875,8768.2998046875,226300,-0.0037211469911869,-0.0037280876822229,0.1105054767183507,0.0,-0.3625761605248798
2017-02-08,8774.5498046875,8791.25,8715.0,8769.0498046875,218700,8.55353964515082e-05,8.553173850807276e-05,0.1103180782054266,0.0,-0.3648504148305197
2017-02-09,8795.5498046875,8821.400390625,8724.099609375,8778.400390625,187500,0.0010663168924529,0.0010657487804178,0.1060519392265963,0.0,-0.41662395769205235
2017-02-10,8812.349609375,8822.099609375,8771.2001953125,8793.5498046875,225900,0.0017257602055471,0.0017242727924366,0.106022937790212,0.0,-0.4169759169500931
2017-02-13,8819.7998046875,8826.900390625,8754.2001953125,8805.0498046875,204900,0.0013077767517584,0.0013069223565665,0.1054763410668074,0.0,-0.4236093738129825
2017-02-14,8819.900390625,8820.4501953125,8772.5,8792.2998046875,188300,-0.0014480326951941,-0.0014490821077153,0.1063070046398195,0.0,-0.41352850295662624
2017-02-15,8778.9501953125,8807.900390625,8712.849609375,8724.7001953125,216100,-0.0076885014019836,-0.0077182103048163,0.111244096996864,0.0,-0.3536123201910869
2017-02-16,8739.0,8783.9501953125,8719.599609375,8778.0,184600,0.0061090700533339,0.0060904853366915,0.112231314016409,0.0,-0.3416315284426987
2017-02-17,8883.7001953125,8896.4501953125,8804.25,8821.7001953125,298300,0.0049783772285827,0.0049660260841438,0.1126922105537438,0.0,-0.3360381226139514
2017-02-20,8818.5498046875,8886.25,8809.7998046875,8879.2001953125,167800,0.0065180179247708,0.0064968675020789,0.1034209063881853,0.0,-0.4485539749993928
2017-02-21,8890.75,8920.7998046875,8860.9501953125,8907.849609375,175700,0.0032265759789518,0.0032213817527225,0.1031652413097235,0.0,-0.4516567072272041
2017-02-22,8931.599609375,8960.75,8905.25,8926.900390625,247100,0.002138650974748,0.0021363673161383,0.099799340115105,0.0,-0.49250503182047484
2017-02-23,8956.400390625,8982.150390625,8927.5498046875,8939.5,377200,0.0014114204061503,0.0014104252886116,0.0886577402315663,0.0,-0.6277186528438093
2017-02-27,8943.7001953125,8951.7998046875,8888.650390625,8896.7001953125,189900,-0.004787717958219,-0.0047992157934504,0.091192775556026,0.0,-0.5969536541699033
2017-02-28,8898.9501953125,8914.75,8867.599609375,8879.599609375,293600,-0.001922126806803,-0.0019239764630964,0.0915865821652216,0.0,-0.5921744466800589
2017-03-01,8904.400390625,8960.7998046875,8898.599609375,8945.7998046875,205900,0.0074553131024743,0.0074276596143023,0.0863185835103337,0.0,-0.6561064834718175
2017-03-02,8982.849609375,8992.5,8879.7998046875,8899.75,218800,-0.0051476453411544,-0.0051609401115677,0.0672400427160125,0.0,-0.8876422244431798
2017-03-03,8883.5,8907.099609375,8860.099609375,8897.5498046875,202600,-0.0002472199008398,-0.0002472504647169,0.0672781510447804,0.0,-0.8871797446218151
2017-03-06,8915.099609375,8967.7998046875,8914.0,8963.4501953125,174800,0.0074065773242744,0.0073792833177025,0.0710586083522163,0.0,-0.8413003981181082
2017-03-07,8977.75,8977.849609375,8932.7998046875,8946.900390625,173400,-0.0018463654426456,-0.001848072076356,0.0686422381036716,0.0,-0.8706252863257263
2017-03-08,8950.7001953125,8957.0498046875,8891.9501953125,8924.2998046875,177800,-0.0025260799775062,-0.0025292759007722,0.0677139425785744,0.0,-0.8818910112341929
2017-03-09,8914.5,8945.7998046875,8899.5,8927.0,171500,0.0003025666294942,0.0003025208654424,0.0676844762553637,0.0,-0.8822486123239115
2017-03-10,8953.7001953125,8975.7001953125,8903.9501953125,8934.5498046875,152700,0.0008457269729471,0.0008453695473995,0.0676815192678969,0.0,-0.8822844981021558
2017-03-14,9091.650390625,9122.75,9060.5,9087.0,270300,0.0170629968655517,0.0169190589685852,0.088484763161047,0.0,-0.6298178896054417
2017-03-15,9086.849609375,9106.5498046875,9075.5,9084.7998046875,240600,-0.0002421255983823,-0.0002421549155174,0.0887329110605635,0.0,-0.6268063852978303
2017-03-16,9129.650390625,9158.4501953125,9128.5498046875,9153.7001953125,208600,0.0075841396735512,0.0075555246752815,0.0904185009648195,0.0,-0.6063501925699291
2017-03-17,9207.7998046875,9218.400390625,9147.599609375,9160.0498046875,286700,0.0006936658662091,0.0006934253912419,0.0830389062108159,0.0,-0.6959084013374037
2017-03-20,9166.9501953125,9167.599609375,9116.2998046875,9126.849609375,332100,-0.0036244557639315,-0.0036310400180971,0.0845193167431301,0.0,-0.6779422500873458
2017-03-21,9133.9501953125,9147.75,9087.2001953125,9121.5,247700,-0.0005861397529225,-0.0005863115999817,0.0841875142235893,0.0,-0.6819689805929047
2017-03-22,9047.2001953125,9072.900390625,9019.2998046875,9030.4501953125,232300,-0.0099818894576001,-0.0100320425436534,0.0917278817133938,0.0,-0.5904596459551152
2017-03-23,9048.75,9099.0498046875,9048.599609375,9086.2998046875,191800,0.0061845874975303,0.0061655414240061,0.0933212097324106,0.0,-0.5711231365506173
2017-03-24,9104.0,9133.5498046875,9089.400390625,9108.0,203700,0.0023882323694959,0.0023853850750034,0.0933658949561008,0.0,-0.5705808400254733
2017-03-27,9093.4501953125,9094.849609375,9024.650390625,9045.2001953125,202700,-0.0068950158857598,-0.0069188963418471,0.0974761160430891,0.0,-0.5206995050118846
2017-03-28,9081.5,9110.400390625,9079.7998046875,9100.7998046875,183300,0.0061468633280017,0.0061280484260037,0.0971835231341995,0.0,-0.524250390621694
2017-03-29,9128.7001953125,9153.150390625,9109.099609375,9143.7998046875,243400,0.0047248594544242,0.0047137323415894,0.0972694013625138,0.0,-0.5232081788802186
2017-03-30,9142.599609375,9183.150390625,9136.349609375,9173.75,323400,0.0032754648999584,0.0032701122498964,0.0949823637774162,0.0,-0.5509634955788912
2017-03-31,9158.900390625,9191.7001953125,9152.099609375,9173.75,190900,0.0,0.0,0.0920786775542067,0.0,-0.5862024139263186
2017-04-03,9220.599609375,9245.349609375,9192.400390625,9237.849609375,139100,0.0069872853931052,0.0069629874333823,0.0937883592071796,0.0,-0.5654538455418828
2017-04-05,9264.400390625,9273.900390625,9215.400390625,9265.150390625,184800,0.002955317785461,0.0029509594186491,0.0916349587214099,0.0,-0.5915873524204164
2017-04-06,9245.7998046875,9267.9501953125,9218.849609375,9261.9501953125,186100,-0.0003454013348491,-0.0003454609996294,0.0910262418713261,0.0,-0.5989746944842212
2017-04-07,9223.7001953125,9250.5,9188.099609375,9198.2998046875,190000,-0.0068722449681508,-0.0068959675911915,0.0949707233012667,0.0,-0.551104763524883
2017-04-10,9225.599609375,9225.650390625,9174.849609375,9181.4501953125,135800,-0.0018318178068531,-0.0018334976368336,0.0956318927404021,0.0,-0.543080860772142
2017-04-11,9184.5498046875,9242.7001953125,9172.849609375,9237.0,200100,0.0060502212075235,0.0060319921089607,0.0969916711795527,0.0,-0.5265786915622552
2017-04-12,9242.5,9246.400390625,9161.7998046875,9203.4501953125,161800,-0.0036321104998917,-0.003638722628744,0.0800862948438607,0.0,-0.7317410715619487
2017-04-13,9202.5,9202.650390625,9144.9501953125,9150.7998046875,166500,-0.0057207231535643,-0.0057371491660003,0.0832007928933393,0.0,-0.6939437566931651
2017-04-17,9144.75,9160.0,9120.25,9139.2998046875,0,-0.0012567207506942,-0.0012575110864404,0.0788625987524686,0.0,-0.7465917556000364
2017-04-18,9163.0,9217.900390625,9095.4501953125,9105.150390625,174200,-0.0037365459928324,-0.0037435443192956,0.0798528836868336,0.0,-0.7345737318673604
2017-04-19,9112.2001953125,9120.5,9075.150390625,9103.5,173700,-0.0001812590187086,-0.0001812754481099,0.0788775266157951,0.0,-0.7464105921696839
2017-04-20,9108.099609375,9143.900390625,9102.650390625,9136.400390625,170300,0.0036140375267754,0.0036075225852634,0.0799518563470165,0.0,-0.7333726070822734
2017-04-21,9179.099609375,9183.650390625,9088.75,9119.400390625,155200,-0.0018606890321317,-0.0018624222643066,0.071003719930967,0.0,-0.8419665198840078
2017-04-24,9135.349609375,9225.400390625,9130.5498046875,9217.9501953125,167700,0.0108066101351149,0.0107486360189436,0.0774349238685899,0.0,-0.7639179109736932
2017-04-25,9273.0498046875,9309.2001953125,9250.349609375,9306.599609375,168700,0.0096170419870114,0.0095710926019384,0.0834526455629541,0.0,-0.6908872915733465
2017-04-26,9336.2001953125,9367.0,9301.349609375,9351.849609375,185700,0.0048621410503593,0.0048503590177315,0.0788218293797961,0.0,-0.7470865296507581
2017-04-27,9359.150390625,9367.150390625,9322.650390625,9342.150390625,209400,-0.0010371444318647,-0.001037682638315,0.0775364605998889,0.0,-0.7626856688137412
2017-04-28,9340.9501953125,9342.650390625,9282.25,9304.0498046875,162200,-0.004078352878555,-0.0040866920407427,0.0786947412209539,0.0,-0.7486288620200644
2017-05-02,9339.849609375,9352.5498046875,9269.900390625,9313.7998046875,161600,0.0010479307618374,0.0010473820656935,0.0781890203138592,0.0,-0.7547662530402275
2017-05-03,9344.7001953125,9346.2998046875,9298.400390625,9311.9501953125,151600,-0.0001985880536179,-0.0001986077748364,0.0782177149500372,0.0,-0.7544180170864928
2017-05-04,9360.9501953125,9365.650390625,9323.25,9359.900390625,269600,0.0051493182745583,0.0051361058723783,0.0765432162621959,0.0,-0.7747396076433718
2017-05-05,9374.5498046875,9377.099609375,9272.0,9285.2998046875,231900,-0.0079702328896812,-0.0080021649798102,0.0818766541563103,0.0,-0.710013405149621
2017-05-08,9311.4501953125,9338.7001953125,9297.9501953125,9314.0498046875,174300,0.0030962920535411,0.0030915084131222,0.0825301682257333,0.0,-0.7020824073898708
2017-05-09,9337.349609375,9338.9501953125,9307.7001953125,9316.849609375,132300,0.0003006001413146,0.0003005549701442,0.0780629245333351,0.0,-0.7562965419806531
2017-05-10,9339.650390625,9414.75,9336.0,9407.2998046875,152700,0.0097082382033391,0.009661416055306,0.0836922550918099,0.0,-0.6879794082920455
2017-05-11,9448.599609375,9450.650390625,9411.2998046875,9422.400390625,171100,0.00160519875533,0.0016039118008357,0.0817658282479521,0.0,-0.7113583800660558
2017-05-12,9436.650390625,9437.75,9372.5498046875,9400.900390625,154300,-0.0022817964752794,-0.0022844037397764,0.0808847540324772,0.0,-0.7220510307006087
2017-05-15,9433.5498046875,9449.25,9423.099609375,9445.400390625,140800,0.0047335891405015,0.0047224209373486,0.0776823400026428,0.0,-0.7609152873168954
2017-05-16,9461.0,9517.2001953125,9456.349609375,9512.25,166500,0.007077477566896,0.0070525497707111,0.0792352408821149,0.0,-0.7420693986475339
2017-05-17,9517.599609375,9532.599609375,9486.099609375,9525.75,205500,0.0014192225814082,0.0014182164368899,0.0763383085150228,0.0,-0.7772263527033828
2017-05-18,9453.2001953125,9489.099609375,9418.099609375,9429.4501953125,193300,-0.010109419697924,-0.0101608669092315,0.0879096593414841,0.0,-0.6367973064504444
2017-05-19,9469.900390625,9505.75,9390.75,9427.900390625,252100,-0.0001643579058586,-0.0001643714140994,0.0878772552655059,0.0,-0.6371905598875385
2017-05-22,9480.25,9498.650390625,9427.900390625,9438.25,196800,0.0010977639714238,0.0010971618691591,0.0869671270006676,0.0,-0.6482358082873029
2017-05-23,9445.0498046875,9448.0498046875,9370.0,9386.150390625,224400,-0.0055200497311471,-0.0055353415058651,0.0836882265035215,0.0,-0.6880282989375345
2017-05-24,9410.900390625,9431.900390625,9341.650390625,9360.5498046875,211800,-0.0027274851639997,-0.0027312115289387,0.077989455252806,0.0,-0.7571881596619698
2017-05-25,9384.0498046875,9523.2998046875,9379.2001953125,9509.75,289200,0.0159392555379369,0.0158135595125637,0.0944630709076115,0.0,-0.5572655949211619
2017-05-26,9507.75,9604.900390625,9495.400390625,9595.099609375,218800,0.0089749582665159,0.0089349226953205,0.0983890758847803,0.0,-0.5096198928076856
2017-05-29,9560.0498046875,9637.75,9547.7001953125,9604.900390625,235000,0.00102143611312,0.0010209148022137,0.0963039072850436,0.0,-0.5349253426319174
2017-05-30,9590.650390625,9635.2998046875,9581.2001953125,9624.5498046875,193900,0.0020457696866569,0.0020436799494468,0.0962942252114771,0.0,-0.5350428435509618
2017-05-31,9636.5498046875,9649.599609375,9609.25,9621.25,414300,-0.0003428528870922,-0.0003429116745806,0.0963321437640858,0.0,-0.5345826668388397
2017-06-01,9603.5498046875,9634.650390625,9589.900390625,9616.099609375,176100,-0.0005353140834091,-0.000535457415147,0.0956988613030407,0.0,-0.542268135315857
2017-06-02,9657.150390625,9673.5,9637.4501953125,9653.5,162200,0.0038893514152595,0.0038818074424912,0.0893841858077775,0.0,-0.6189025637845511
2017-06-05,9656.2998046875,9687.2001953125,9640.7001953125,9675.099609375,127700,0.0022374899647796,0.0022349905117481,0.0892900542254438,0.0,-0.6200449376117427
2017-06-06,9704.25,9709.2998046875,9630.2001953125,9637.150390625,145900,-0.0039223594879816,-0.0039300721143596,0.0915308833284896,0.0,-0.5928504035875087
2017-06-07,9663.9501953125,9678.5498046875,9630.5498046875,9663.900390625,160700,0.002775716774745,0.00277187158673,0.0867131496200127,0.0,-0.6513180587410379
2017-06-08,9682.400390625,9688.7001953125,9641.5,9647.25,155400,-0.0017229472523487,-0.0017244332330555,0.0873838818980244,0.0,-0.643178102092515
2017-06-09,9638.5498046875,9676.25,9608.150390625,9668.25,159000,0.0021767861307626,0.0021744203643893,0.0864684265239977,0.0,-0.6542879998900751
2017-06-12,9646.7001953125,9647.0498046875,9598.5,9616.400390625,141400,-0.0053628742921417,-0.0053773061230002,0.088727115042961,0.0,-0.6268767253329904
2017-06-13,9615.5498046875,9654.150390625,9595.400390625,9606.900390625,129700,-0.0009878956380873,-0.0009883839285963,0.0858733989914085,0.0,-0.6615092094229031
2017-06-14,9621.5498046875,9627.400390625,9580.4501953125,9618.150390625,181800,0.0011710332721861,0.0011703481475408,0.0858425593439312,0.0,-0.6618834770729782
2017-06-15,9617.900390625,9621.400390625,9560.7998046875,9578.0498046875,171100,-0.0041692616884621,-0.0041779772935031,0.0782993622784239,0.0,-0.7534271512293945
2017-06-16,9595.4501953125,9615.849609375,9565.5,9588.0498046875,213200,0.0010440538735876,0.0010435092284018,0.0782231229686808,0.0,-0.7543523857776139
2017-06-19,9626.400390625,9673.2998046875,9614.900390625,9657.5498046875,141700,0.007248606485755,0.0072224616043765,0.0814433913030955,0.0,-0.7152714506592815
2017-06-20,9670.5,9676.5,9643.75,9653.5,159500,-0.0004193408027297,-0.0004194287506718,0.0778187952919007,0.0,-0.759259276155015
2017-06-21,9648.099609375,9650.4501953125,9608.599609375,9633.599609375,144000,-0.0020614689620345,-0.0020635967138743,0.0773831001517703,0.0,-0.7645468397163613
2017-06-22,9642.650390625,9698.849609375,9617.75,9630.0,198800,-0.0003736515446933,-0.0003737213698258,0.0558286638164833,0.0,-1.0261298633822074
2017-06-23,9643.25,9647.650390625,9565.2998046875,9574.9501953125,175200,-0.0057164906217549,-0.005732892290795,0.0509479209245023,0.0,-1.0853621932636361
2017-06-27,9594.0498046875,9615.400390625,9473.4501953125,9511.400390625,203300,-0.0066370898428914,-0.0066592132681246,0.0557628365117378,0.0,-1.026928738618249
2017-06-28,9520.2001953125,9522.5,9474.349609375,9491.25,172400,-0.002118551401207,-0.002120798705808,0.0552106940199725,0.0,-1.0336294985102585
2017-06-29,9522.9501953125,9575.7998046875,9493.7998046875,9504.099609375,259300,0.0013538374160411,0.0013529218044662,0.0556812365426997,0.0,-1.0279190297258427
2017-06-30,9478.5,9535.7998046875,9448.75,9520.900390625,179600,0.0017677404426008,0.0017661798283679,0.0563192301757257,0.0,-1.0201763868188098
2017-07-03,9587.9501953125,9624.0,9543.5498046875,9615.0,183000,0.0098834779815213,0.0098349558626024,0.0656502301206377,0.0,-0.9069360709298709
2017-07-04,9645.900390625,9650.650390625,9595.5,9613.2998046875,144800,-0.0001768273855954,-0.0001768430214008,0.0650190349853362,0.0,-0.9145962077781278
2017-07-05,9619.75,9643.650390625,9607.349609375,9637.599609375,130800,0.0025277277502206,0.0025245384198064,0.0642991344850491,0.0,-0.9233328662865836
2017-07-06,9653.599609375,9700.7001953125,9639.9501953125,9674.5498046875,147400,0.0038339624813379,0.0038266315788128,0.0650068083448243,0.0,-0.9147445893708834
2017-07-07,9670.349609375,9684.25,9642.650390625,9665.7998046875,141800,-0.0009044348498532,-0.0009048440978294,0.0647739245587668,0.0,-0.9175708495417394
2017-07-10,9719.2998046875,9782.150390625,9646.4501953125,9771.0498046875,37500,0.0108889075013698,0.0108300502235875,0.074945652145488,0.0,-0.7941275260119152
2017-07-11,9797.4501953125,9830.0498046875,9778.849609375,9786.0498046875,179700,0.0015351472257161,0.0015339700917757,0.071665355121456,0.0,-0.8339369648077519
2017-07-12,9807.2998046875,9824.9501953125,9787.7001953125,9816.099609375,145500,0.0030706776776372,0.0030659727759677,0.0717126427262735,0.0,-0.8333630859803186
2017-07-13,9855.7998046875,9897.25,9853.4501953125,9891.7001953125,181300,0.0077016930294082,0.0076721863955028,0.075441598822992,0.0,-0.7881087543093982
2017-07-14,9913.2998046875,9913.2998046875,9845.4501953125,9886.349609375,159600,-0.0005409167111671,-0.0005410630593885,0.0729366498897793,0.0,-0.8185086267943769
2017-07-17,9908.150390625,9928.2001953125,9894.7001953125,9915.9501953125,163500,0.0029940865038224,0.0029896131536668,0.0730723673989715,0.0,-0.8168615692760705
2017-07-18,9832.7001953125,9885.349609375,9792.0498046875,9827.150390625,293900,-0.0089552491630583,-0.0089955884194955,0.0791825415860556,0.0,-0.7427089533542224
2017-07-19,9855.9501953125,9905.0498046875,9851.650390625,9899.599609375,200200,0.0073723527034974,0.0073453097434605,0.0822427324408513,0.0,-0.705570706529297
2017-07-20,9920.2001953125,9922.5498046875,9863.4501953125,9873.2998046875,161100,-0.0026566533723842,-0.0026601885384835,0.0825889102097692,0.0,-0.701369519074852
2017-07-21,9899.599609375,9924.7001953125,9838.0,9915.25,187500,0.0042488525763781,0.0042398516888927,0.0830240584149836,0.0,-0.6960885930746485
2017-07-24,9936.7998046875,9982.0498046875,9919.599609375,9966.400390625,174500,0.0051587595496835,0.0051454987363173,0.0794266763402926,0.0,-0.7397461522769015
2017-07-25,10010.5498046875,10011.2998046875,9949.099609375,9964.5498046875,185500,-0.0001856824796283,-0.0001856997207542,0.0731373832222276,0.0,-0.8160725421185561
2017-07-26,9983.650390625,10025.9501953125,9965.9501953125,10020.650390625,197600,0.0056300171143817,0.0056142278030353,0.0720437953163654,0.0,-0.8293442429698336
2017-07-27,10063.25,10114.849609375,10005.5,10020.5498046875,287900,-1.003786516629024e-05,-1.0037915545995924e-05,0.0725459825708479,0.0,-0.823249736092893
2017-07-28,9996.5498046875,10026.0498046875,9944.5,10014.5,191600,-0.0006037397952625,-0.0006039221195206,0.0734097839617918,0.0,-0.8127667071620944
2017-07-31,10034.7001953125,10085.900390625,10016.9501953125,10077.099609375,237700,0.0062508971366519,0.0062314413146132,0.0696712338589595,0.0,-0.8581374709720548
2017-08-01,10101.0498046875,10128.599609375,10065.75,10114.650390625,184300,0.003726348126505,0.0037194224908793,0.0691701242042654,0.0,-0.8642189001787391
2017-08-02,10136.2998046875,10137.849609375,10054.2001953125,10081.5,161500,-0.003277462823206,-0.0032828454686495,0.0721950114314376,0.0,-0.8275090955323275
2017-08-03,10081.150390625,10081.150390625,9998.25,10013.650390625,192700,-0.0067301105366265,-0.0067528598582955,0.0786151741018608,0.0,-0.749594482613106
2017-08-04,10008.599609375,10075.25,9988.349609375,10066.400390625,178600,0.005267809234621,0.0052539828627585,0.0789242816540837,0.0,-0.7458431765297246
2017-08-07,10074.7998046875,10088.099609375,10046.349609375,10057.400390625,137400,-0.0008940633842045,-0.0008944632972548,0.0722796583610864,0.0,-0.8264818267391598
2017-08-08,10068.349609375,10083.7998046875,9947.0,9978.5498046875,203300,-0.0078400563639686,-0.0078709511899248,0.0794761945695151,0.0,-0.7391452027588946
2017-08-09,9961.150390625,9969.7998046875,9893.0498046875,9908.0498046875,169200,-0.0070651548952416,-0.0070902312842737,0.0839794225604326,0.0,-0.6844943654186294
2017-08-10,9872.849609375,9892.650390625,9776.2001953125,9820.25,235500,-0.0088614617829193,-0.0089009580382115,0.0857055390323311,0.0,-0.6635463453036503
2017-08-11,9712.150390625,9771.650390625,9685.5498046875,9710.7998046875,285900,-0.0111453573292431,-0.0112079322048922,0.093966091641611,0.0,-0.5632968980402705
2017-08-14,9755.75,9818.2998046875,9752.099609375,9794.150390625,195600,0.008583287433983,0.0085466604597317,0.0989518444722348,0.0,-0.5027901754149136
2017-08-16,9825.849609375,9903.9501953125,9773.849609375,9897.2998046875,219500,0.0105317367968165,0.0104766643914226,0.10120139356144,0.0,-0.47548981629229065
2017-08-17,9945.5498046875,9947.7998046875,9883.75,9904.150390625,197600,0.0006921671640436,0.0006919277268328,0.0978053636415073,0.0,-0.5167037808375552
2017-08-18,9865.9501953125,9865.9501953125,9783.650390625,9837.400390625,246300,-0.0067395987911476,-0.0067624124481208,0.1003488862660424,0.0,-0.48583578092613366
2017-08-21,9864.25,9884.349609375,9740.099609375,9754.349609375,205300,-0.008442350412935,-0.0084781889031269,0.1030345487046794,0.0,-0.4532427828854311
2017-08-22,9815.75,9828.4501953125,9752.599609375,9765.5498046875,183600,0.001148225741441,0.0011475670344457,0.1009211315275814,0.0,-0.4788910553270342
2017-08-23,9803.0498046875,9857.900390625,9786.75,9852.5,168600,0.0089037685590178,0.0088643637399371,0.1068496611693202,0.0,-0.40694286399160173
2017-08-24,9881.2001953125,9881.5,9848.849609375,9857.0498046875,184700,0.0004617918992642,0.0004616853061997,0.1044353433238237,0.0,-0.4362428443896729
2017-08-28,9907.150390625,9925.75,9882.0,9912.7998046875,159600,0.0056558504932671,0.0056399162238638,0.1069149507219462,0.0,-0.40615051487497267
2017-08-29,9886.400390625,9887.349609375,9783.75,9796.0498046875,173300,-0.0117777017896388,-0.0118476083539409,0.1142042193236383,0.0,-0.3176884975211914
2017-08-30,9859.5,9909.4501953125,9850.7998046875,9884.400390625,157800,0.0090190013014452,0.0089785730092648,0.1169279428258753,0.0,-0.2846335932656589
2017-08-31,9905.7001953125,9925.099609375,9856.9501953125,9917.900390625,327700,0.0033891787742403,0.0033834484516002,0.1167553611849049,0.0,-0.28672803112392686
2017-09-01,9937.650390625,9983.4501953125,9909.849609375,9974.400390625,157800,0.0056967702613153,0.0056806050296273,0.1187312909317578,0.0,-0.26274829582985665
2017-09-04,9984.150390625,9988.400390625,9861.0,9912.849609375,148800,-0.0061708753247816,-0.0061899938685985,0.1183564920157103,0.0,-0.2672968273804536
2017-09-05,9933.25,9963.099609375,9901.0498046875,9952.2001953125,139200,0.0039696542859164,0.0039617959979342,0.1176089617283781,0.0,-0.2763687989133873
2017-09-06,9899.25,9931.5498046875,9882.5498046875,9916.2001953125,149200,-0.0036172905783141,-0.0036238487939692,0.1181066846532456,0.0,-0.2703284708060128
2017-09-07,9945.849609375,9964.849609375,9917.2001953125,9929.900390625,188800,0.0013815972895521,0.0013806437621763,0.1151934221605966,0.0,-0.3056836060415304
2017-09-08,9958.650390625,9963.599609375,9913.2998046875,9934.7998046875,163600,0.0004934001218306,0.000493278440014,0.1123254818173481,0.0,-0.34048871506922684
2017-09-11,9971.75,10028.650390625,9968.7998046875,10006.0498046875,173000,0.0071717600153737,0.0071461652446926,0.1096146763627081,0.0,-0.3733868468674462
2017-09-12,10056.849609375,10097.5498046875,10028.0498046875,10093.0498046875,182600,0.0086947398522085,0.0086571582858433,0.1028969452565277,0.0,-0.4549127280175819
2017-09-13,10099.25,10131.9501953125,10063.150390625,10079.2998046875,215000,-0.001362323605459,-0.0013632524119145,0.1004288181319039,0.0,-0.484865733793652
2017-09-14,10107.400390625,10126.5,10070.349609375,10086.599609375,225600,0.0007242372812548,0.0007239751479918,0.0945794446928024,0.0,-0.5558532913873488
2017-09-15,10062.349609375,10115.150390625,10043.650390625,10085.400390625,266600,-0.0001188922725637,-0.0001188993408102,0.0946522451106619,0.0,-0.554969790973253
2017-09-18,10133.099609375,10171.7001953125,10131.2998046875,10153.099609375,156100,0.0067125960425855,0.0066901668857368,0.0922093997596768,0.0,-0.5846159790395404
2017-09-19,10175.599609375,10178.9501953125,10129.9501953125,10147.5498046875,187500,-0.0005466118624873,-0.0005467613092135,0.0847300503358478,0.0,-0.6753848030025051
2017-09-20,10160.9501953125,10171.0498046875,10134.2001953125,10141.150390625,199400,-0.0006306363787978,-0.0006308353135604,0.0851945427125848,0.0,-0.6697477583363134
2017-09-21,10139.599609375,10158.900390625,10058.599609375,10121.900390625,191800,-0.0018982067377479,-0.001900010615274,0.0820109238771312,0.0,-0.7083839178824638
2017-09-22,10094.349609375,10095.0498046875,9952.7998046875,9964.400390625,226600,-0.0155603191023178,-0.0156826515481897,0.1019301807276675,0.0,-0.46664530987211783
2017-09-25,9960.099609375,9960.5,9816.0498046875,9872.599609375,221400,-0.0092128756022661,-0.0092555766090874,0.1056926359264009,0.0,-0.42098443561020427
2017-09-26,9875.25,9891.349609375,9813.0,9871.5,190900,-0.0001113799220577,-0.0001113861252619,0.0963395831880705,0.0,-0.5344923825470133
2017-09-27,9920.599609375,9921.0498046875,9714.400390625,9735.75,200100,-0.0137517094666463,-0.0138471401230699,0.1031600565139167,0.0,-0.4517196295204683
2017-09-28,9736.400390625,9789.2001953125,9687.5498046875,9768.9501953125,385000,0.0034101322766608,0.0034043309606841,0.1031712007368378,0.0,-0.4515843840664577
2017-09-29,9814.2998046875,9854.0,9775.349609375,9788.599609375,196300,0.002011415113154,0.002009394926278,0.1009318427419116,0.0,-0.47876106483282505
2017-10-03,9893.2998046875,9895.400390625,9831.0498046875,9859.5,162800,0.00724315974239,0.0072170540435651,0.1028835704977323,0.0,-0.45507504308776436
2017-10-04,9884.349609375,9938.2998046875,9850.650390625,9914.900390625,156200,0.0056189858131752,0.0056032582003749,0.1039385938035736,0.0,-0.44227135933157613
2017-10-05,9927.0,9945.9501953125,9881.849609375,9888.7001953125,147800,-0.0026425071639926,-0.0026460047490028,0.1035671350497172,0.0,-0.4467793549241973
2017-10-06,9908.150390625,9989.349609375,9906.599609375,9979.7001953125,195800,0.009202422785872,0.0091603384813211,0.1086384978898403,0.0,-0.3852336756407984
2017-10-09,9988.2001953125,10015.75,9959.4501953125,9988.75,143900,0.0009068212982741,0.0009064103842389,0.1086606570797746,0.0,-0.3849647533727867
2017-10-10,10013.7001953125,10034.0,10002.2998046875,10016.9501953125,148600,0.0028231956263296,0.0028192178944088,0.1060843982828747,0.0,-0.41623003701815625
2017-10-11,10042.599609375,10067.25,9955.7998046875,9984.7998046875,189700,-0.0032095987299651,-0.0032147605398203,0.1015904580541266,0.0,-0.47076815877293515
2017-10-12,10011.2001953125,10104.4501953125,9977.099609375,10096.400390625,200900,0.0111770479248975,0.0111150462937749,0.1095890631552552,0.0,-0.3736976868331539
2017-10-13,10123.7001953125,10191.900390625,10120.099609375,10167.4501953125,230100,0.0070371421435972,0.0070124970121348,0.1123150245990287,0.0,-0.3406156230868883
2017-10-16,10207.400390625,10242.9501953125,10175.099609375,10230.849609375,203000,0.0062355273785092,0.0062161669177718,0.1141633893715319,0.0,-0.31818400675938185
2017-10-17,10227.650390625,10251.849609375,10212.599609375,10234.4501953125,195700,0.000351934206344,0.0003518722920273,0.1119598806432334,0.0,-0.344925623513181
2017-10-18,10209.400390625,10236.4501953125,10175.75,10210.849609375,254200,-0.0023059945074831,-0.00230865740736,0.112331347051332,0.0,-0.34041753502925026
2017-10-19,10210.349609375,10211.9501953125,10123.349609375,10146.5498046875,30200,-0.0062972041649173,-0.0063171151882634,0.1147509870980091,0.0,-0.31105296479659816
2017-10-23,10176.650390625,10224.150390625,10124.5,10184.849609375,218100,0.0037746628582857,0.0037675566950721,0.1152513318781246,0.0,-0.30498081805046556
2017-10-24,10218.5498046875,10237.75,10182.400390625,10207.7001953125,217200,0.0022435859942857,0.0022410729134023,0.0986257348040668,0.0,-0.5067478179029427
2017-10-25,10321.150390625,10340.5498046875,10240.900390625,10295.349609375,594200,0.0085865976062609,0.008549942456258,0.0937040737432484,0.0,-0.5664767276141968
2017-10-26,10291.7998046875,10355.650390625,10271.849609375,10343.7998046875,429700,0.0047060272016776,0.0046949884744854,0.0937552101962738,0.0,-0.5658561394534185
2017-10-27,10362.2998046875,10366.150390625,10311.2998046875,10323.0498046875,312700,-0.0020060326371162,-0.0020080474155119,0.0739837110342374,0.0,-0.8058015712318997
2017-10-30,10353.849609375,10384.5,10344.2998046875,10363.650390625,236900,0.0039330030083806,0.0039252889716531,0.0740512086681874,0.0,-0.8049824250058382
2017-10-31,10364.900390625,10367.7001953125,10323.9501953125,10335.2998046875,232600,-0.002735579151063,-0.0027393276855447,0.076725498422412,0.0,-0.7725274450106794
2017-11-01,10390.349609375,10451.650390625,10383.0498046875,10440.5,260300,0.0101787270132973,0.0101272726369556,0.0796296573490707,0.0,-0.7372827899696259
2017-11-02,10440.5,10453.0,10412.5498046875,10423.7998046875,201500,-0.0015995589591015,-0.0016008396193766,0.0804432918651248,0.0,-0.7274085824720307
2017-11-03,10461.5498046875,10461.7001953125,10403.599609375,10452.5,199900,0.0027533333189682,0.0027495498399802,0.0781091421685095,0.0,-0.7557356482246047
2017-11-06,10431.75,10490.4501953125,10413.75,10451.7998046875,193600,-6.698831021290097e-05,-6.699055402996047e-05,0.0749019121226699,0.0,-0.7946583516501268
2017-11-07,10477.150390625,10485.75,10340.7998046875,10350.150390625,286900,-0.0097255416255591,-0.0097731435935725,0.0862860588358917,0.0,-0.6565012004828281
2017-11-08,10361.9501953125,10384.25,10285.5,10303.150390625,274500,-0.0045409968189999,-0.0045513384645174,0.0890282420765216,0.0,-0.6232222702258832
2017-11-09,10358.650390625,10368.4501953125,10266.9501953125,10308.9501953125,240200,0.0005629156585715,0.0005627572809849,0.0874216946205615,0.0,-0.642719209726209
2017-11-10,10304.349609375,10344.9501953125,10254.099609375,10321.75,279400,0.00124162057678,0.0012408504033945,0.0798632412933509,0.0,-0.7344480327310624
2017-11-13,10322.0,10334.150390625,10216.25,10224.9501953125,210300,-0.0093782357340083,-0.0094224882779228,0.0848853248337307,0.0,-0.6735004033354208
2017-11-14,10223.400390625,10248.0,10175.5498046875,10186.599609375,305000,-0.0037506868204679,-0.0037577382836893,0.0829996054521267,0.0,-0.69638535239891
2017-11-15,10171.9501953125,10175.4501953125,10094.0,10118.0498046875,207400,-0.006729409942098,-0.0067521545169891,0.0861259096146619,0.0,-0.658444759427046
2017-11-16,10152.900390625,10232.25,10139.2001953125,10214.75,182600,0.0095571970072434,0.0095118159148355,0.0929173384483538,0.0,-0.5760244881801393
2017-11-17,10324.5498046875,10343.599609375,10268.0498046875,10283.599609375,203300,0.0067402148241513,0.0067176011334316,0.0926476809091275,0.0,-0.5792970318629276
2017-11-20,10287.2001953125,10309.849609375,10261.5,10298.75,147200,0.0014732575363192,0.0014721733571545,0.0919860090441597,0.0,-0.5873270320179094
2017-11-21,10329.25,10358.7001953125,10315.0498046875,10326.900390625,186100,0.0027333793542905,0.0027296504663746,0.092120961745685,0.0,-0.5856892561481191
2017-11-22,10350.7998046875,10368.7001953125,10309.5498046875,10342.2998046875,157600,0.0014911942092983,0.0014900834832817,0.0873030376701399,0.0,-0.644159221582118
2017-11-23,10358.4501953125,10374.2998046875,10307.2998046875,10348.75,153000,0.000623671275665,0.0006234768735595,0.0857216098746167,0.0,-0.6633513107663266
2017-11-24,10366.7998046875,10404.5,10362.25,10389.7001953125,129200,0.0039570185106896,0.0039492101048355,0.0864537710858182,0.0,-0.6544658571892643
2017-11-27,10361.0498046875,10407.150390625,10340.2001953125,10399.5498046875,141900,0.0009480167078781,0.0009475676238426,0.085447896826023,0.0,-0.6666730718068008
2017-11-28,10387.900390625,10409.5498046875,10355.2001953125,10370.25,196000,-0.0028174108723719,-0.0028213872448567,0.0854854787215605,0.0,-0.6662169807396593
2017-11-29,10376.650390625,10392.9501953125,10345.900390625,10361.2998046875,152500,-0.0008630645657047,-0.0008634372203591,0.0769835599349345,0.0,-0.7693956298387418
2017-11-30,10332.7001953125,10332.7001953125,10211.25,10226.5498046875,342500,-0.0130051250846963,-0.0130904321504817,0.0892281448321123,0.0,-0.6207962653685469
2017-12-01,10263.7001953125,10272.7001953125,10108.5498046875,10121.7998046875,143400,-0.0102429462527026,-0.0102957662243262,0.093935721017866,0.0,-0.563665473653488
2017-12-04,10175.0498046875,10179.2001953125,10095.7001953125,10127.75,148600,0.0005878594150563,0.0005876866933977,0.0941067083691983,0.0,-0.5615903839747617
2017-12-05,10118.25,10147.9501953125,10069.099609375,10118.25,155500,-0.0009380168349337,-0.0009384570480314,0.0889843615568066,0.0,-0.6237548009239041
2017-12-06,10088.7998046875,10104.2001953125,10033.349609375,10044.099609375,166100,-0.0073283809576755,-0.0073553654573627,0.0909480152658648,0.0,-0.5999240467043108
2017-12-07,10063.4501953125,10182.650390625,10061.900390625,10166.7001953125,166200,0.0122062295980285,0.0121323342918719,0.1025747210355412,0.0,-0.45882321700986567
2017-12-08,10198.4501953125,10270.849609375,10195.25,10265.650390625,200000,0.0097327739986001,0.0096857156462463,0.108874907212219,0.0,-0.38236462982541913
2017-12-11,10310.5,10329.2001953125,10282.0498046875,10322.25,147400,0.005513494734507,0.0054983510599599,0.1050589416586973,0.0,-0.42867490174196055
2017-12-12,10324.900390625,10326.099609375,10230.2001953125,10240.150390625,175100,-0.0079536544236963,-0.0079854534576269,0.1083379374612568,0.0,-0.38888125447237565
2017-12-13,10236.599609375,10296.5498046875,10169.849609375,10192.9501953125,181600,-0.004609326378225,-0.0046199820794001,0.1067598702553309,0.0,-0.4080325597931378
2017-12-14,10229.2998046875,10276.099609375,10141.5498046875,10252.099609375,154300,0.005802972930222,0.0057862005380184,0.1032907645661845,0.0,-0.45013336639589246
2017-12-15,10345.650390625,10373.099609375,10319.650390625,10333.25,255100,0.007915489872025,0.0078843267217833,0.104347441410724,0.0,-0.43730961541801067
2017-12-18,10263.099609375,10443.5498046875,10074.7998046875,10388.75,230400,0.0053710110565408,0.0053566386167099,0.1058555130861802,0.0,-0.41900777060823313
2017-12-19,10414.7998046875,10472.2001953125,10406.0,10463.2001953125,169100,0.0071664247683793,0.0071408679743189,0.1082546541476996,0.0,-0.3898919745228713
2017-12-20,10494.400390625,10494.4501953125,10437.150390625,10444.2001953125,175200,-0.0018158880309402,-0.0018175387542658,0.1085527648338356,0.0,-0.3862741255820065
2017-12-21,10473.9501953125,10473.9501953125,10426.900390625,10440.2998046875,151900,-0.0003734503889297,-0.0003735201388922,0.1085942134713366,0.0,-0.3857711080242431
2017-12-22,10457.2998046875,10501.099609375,10448.25,10493.0,138800,0.0050477664720738,0.0050350692095142,0.1091266584202509,0.0,-0.3793093960357651
2017-12-26,10512.2998046875,10545.4501953125,10477.9501953125,10531.5,155600,0.0036691127418277,0.0036623979675021,0.1097000843698178,0.0,-0.3723503416952624
2017-12-27,10531.0498046875,10552.400390625,10469.25,10490.75,165200,-0.0038693443479086,-0.0038768496273459,0.1102033882485575,0.0,-0.36624228355003774
2017-12-28,10498.2001953125,10534.5498046875,10460.4501953125,10477.900390625,272900,-0.001224851357148,-0.0012256021006669,0.1102736764535279,0.0,-0.3653892711632511
2017-12-29,10492.349609375,10538.7001953125,10488.650390625,10530.7001953125,152000,0.0050391588695328,0.0050265048012466,0.0986714724259589,0.0,-0.506192749552107
2018-01-02,10477.5498046875,10495.2001953125,10404.650390625,10442.2001953125,153400,-0.0084039995782421,-0.0084395122885362,0.0959185135724604,0.0,-0.5396024518390962
2018-01-03,10482.650390625,10503.599609375,10429.5498046875,10443.2001953125,167300,9.576525840304662e-05,9.5760673203421e-05,0.0960003876369079,0.0,-0.5386088343301602
2018-01-04,10469.400390625,10513.0,10441.4501953125,10504.7998046875,174900,0.0058985376343401,0.0058812093687898,0.0967206167172715,0.0,-0.5298681881985258
2018-01-05,10534.25,10566.099609375,10520.099609375,10558.849609375,180900,0.005145248428569,0.005132056867763,0.0908971527447457,0.0,-0.600541310448008
2018-01-08,10591.7001953125,10631.2001953125,10588.5498046875,10623.599609375,169000,0.0061322968311348,0.006113570815585,0.0847390683545354,0.0,-0.6752753610036941
2018-01-09,10645.099609375,10659.150390625,10603.599609375,10637.0,205000,0.0012613794869653,0.0012605846162125,0.0800105213172454,0.0,-0.7326606534010435
2018-01-10,10652.0498046875,10655.5,10592.7001953125,10632.2001953125,176400,-0.0004512366915013,-0.0004513385294137,0.0791223962574809,0.0,-0.7434388725533708
2018-01-11,10637.0498046875,10664.599609375,10612.349609375,10651.2001953125,153800,0.0017870242895141,0.0017854294613236,0.0707824717373441,0.0,-0.84465157137727
2018-01-12,10682.5498046875,10690.400390625,10597.099609375,10681.25,175200,0.0028212599647432,0.0028172876803263,0.0663885482834437,0.0,-0.8979758970496554
2018-01-15,10718.5,10782.650390625,10713.7998046875,10741.5498046875,175900,0.0056453883850204,0.0056295129008365,0.0662829068715735,0.0,-0.8992579533053366
2018-01-16,10761.5,10762.349609375,10687.849609375,10700.4501953125,211000,-0.0038262271387564,-0.0038335658715686,0.0663145886451862,0.0,-0.8988734656756072
2018-01-17,10702.4501953125,10803.0,10666.75,10788.5498046875,252700,0.0082332619438378,0.0081995535364297,0.069077851363656,0.0,-0.8653387164556939
2018-01-18,10873.400390625,10887.5,10782.400390625,10817.0,312000,0.002637073177355,0.0026336022006909,0.0663302074446208,0.0,-0.8986839170964387
2018-01-19,10829.2001953125,10906.849609375,10793.900390625,10894.7001953125,207600,0.0071831557097623,0.0071574797298409,0.0677205745115034,0.0,-0.8818105265932896
2018-01-22,10883.2001953125,10975.099609375,10881.400390625,10966.2001953125,231600,0.0065628240078385,0.0065413824387291,0.0687949136066111,0.0,-0.868772427866457
2018-01-23,10997.400390625,11092.900390625,10994.5498046875,11083.7001953125,284600,0.0107147414699053,0.0106577453981743,0.0742668500468438,0.0,-0.8023654173987282
2018-01-24,11069.349609375,11110.099609375,11046.150390625,11086.0,283400,0.0002074943066823,0.000207472782716,0.0747079666180094,0.0,-0.7970120597567238
2018-01-25,11095.599609375,11095.599609375,11009.2001953125,11069.650390625,330300,-0.0014747978869745,-0.001475886471805,0.0724127222705992,0.0,-0.8248669731076512
2018-01-29,11079.349609375,11171.5498046875,11075.9501953125,11130.400390625,241700,0.0054879781977079,0.0054729741150458,0.071512160296266,0.0,-0.8357961257229253
2018-01-30,11120.849609375,11121.099609375,11033.900390625,11049.650390625,228000,-0.0072549052294663,-0.0072813500350772,0.0797983944926673,0.0,-0.7352350086433066
2018-01-31,11018.7998046875,11058.5,10979.2998046875,11027.7001953125,245900,-0.0019865058654817,-0.0019884815852113,0.0709674106304309,0.0,-0.8424071668336048
2018-02-01,11044.5498046875,11117.349609375,10878.7998046875,11016.900390625,306200,-0.0009793342670024,-0.0009798141281276,0.0715963910171756,0.0,-0.8347739080078178
2018-02-02,10938.2001953125,10954.9501953125,10736.099609375,10760.599609375,282700,-0.0232643277294313,-0.0235392139330768,0.1163148208293134,0.0,-0.2920743958569167
2018-02-05,10604.2998046875,10702.75,10586.7998046875,10666.5498046875,240100,-0.0087402011134732,-0.0087786206983058,0.120488541150285,0.0,-0.24142243889954634
2018-02-06,10295.150390625,10594.150390625,10276.2998046875,10498.25,266500,-0.0157782795532946,-0.0159040816546759,0.1317247892289083,0.0,-0.10506017447540003
2018-02-07,10607.2001953125,10614.0,10446.400390625,10476.7001953125,250400,-0.0020527044686019,-0.0020548141539544,0.1316315408497704,0.0,-0.10619182981481118
2018-02-08,10518.5,10637.7998046875,10479.5498046875,10576.849609375,232200,0.009559251691416,0.0095138511458138,0.1365997629899699,0.0,-0.04589785833436061
2018-02-09,10416.5,10480.2001953125,10398.2001953125,10454.9501953125,191600,-0.0115251155650782,-0.0115920444485001,0.142085091824935,0.0,0.02067168123195994
2018-02-12,10518.2001953125,10555.5,10485.400390625,10539.75,217400,0.0081109716548932,0.0080782545170889,0.1451200938166356,0.0,0.057504237902495335
2018-02-14,10585.75,10590.5498046875,10456.650390625,10500.900390625,229200,-0.0036860086221209,-0.0036928186917027,0.1435195386231012,0.0,0.038080020049793904
2018-02-15,10537.900390625,10618.099609375,10511.0498046875,10545.5,210600,0.0042472176400052,0.0042382236684079,0.1443625542229959,0.0,0.048310794178501565
2018-02-16,10596.2001953125,10612.900390625,10434.0498046875,10452.2998046875,184300,-0.0088379114610497,-0.0088771974425149,0.1430743397071107,0.0,0.03267711937700279
2018-02-19,10488.900390625,10489.349609375,10302.75,10378.400390625,187300,-0.0070701582851038,-0.0070952702880844,0.1434386362236263,0.0,0.03709819459413001
2018-02-20,10391.0,10429.349609375,10347.650390625,10360.400390625,187700,-0.0017343713214474,-0.0017358770846747,0.1392639747589535,0.0,-0.01356518401265084
2018-02-21,10426.0,10426.099609375,10349.599609375,10397.4501953125,234100,0.0035760977655869,0.003569718731482,0.1370835123653493,0.0,-0.04002711217613022
2018-02-22,10354.349609375,10397.5498046875,10340.650390625,10382.7001953125,313600,-0.0014186170381128,-0.0014196242279203,0.1279150638519698,0.0,-0.15129471607668504
2018-02-23,10408.099609375,10499.099609375,10396.650390625,10491.0498046875,210600,0.0104355906784168,0.010381515779008,0.1363969262148939,0.0,-0.048359470232239056
2018-02-26,10526.5498046875,10592.9501953125,10520.2001953125,10582.599609375,171900,0.0087264674548199,0.0086886119084176,0.1423081711093217,0.0,0.023378954705474693
2018-02-27,10615.2001953125,10631.650390625,10537.25,10554.2998046875,187500,-0.0026741826897078,-0.002677764703635,0.1393519155022709,0.0,-0.012497941743701687
2018-02-28,10488.9501953125,10535.5,10461.5498046875,10492.849609375,286000,-0.0058222901044755,-0.005839305714195,0.138810229252817,0.0,-0.01907180546280971
2018-03-01,10479.9501953125,10525.5,10447.150390625,10458.349609375,176000,-0.0032879533476946,-0.0032933705438877,0.1388131051304148,0.0,-0.019036904027855583
2018-03-05,10428.2998046875,10428.7001953125,10323.900390625,10358.849609375,194000,-0.009513929416818,-0.0095594759578815,0.1407705568311869,0.0,0.00471858308407381
2018-03-06,10420.5,10441.349609375,10215.900390625,10249.25,222900,-0.0105802877257538,-0.0106366569240448,0.1221124423913499,0.0,-0.2217148951640112
2018-03-07,10232.9501953125,10243.349609375,10141.5498046875,10154.2001953125,249500,-0.0092738302497743,-0.0093170999384615,0.1224978489709756,0.0,-0.21703762980336913
2018-03-08,10216.25,10270.349609375,10146.400390625,10242.650390625,226400,0.008710700361544,0.008672981093711,0.1176971897916533,0.0,-0.27529806975096766
2018-03-09,10271.2998046875,10296.7001953125,10211.900390625,10226.849609375,186500,-0.0015426457652466,-0.0015438368683495,0.1176638055757694,0.0,-0.275703218092487
2018-03-12,10301.599609375,10433.650390625,10295.4501953125,10421.400390625,216400,0.019023530088059,0.0188448453263506,0.1326475708008729,0.0,-0.09386136648883024
2018-03-13,10389.5,10478.599609375,10377.849609375,10426.849609375,266700,0.0005228873803659,0.0005227507223954,0.1263223458107638,0.0,-0.1706238228361944
2018-03-14,10393.0498046875,10420.349609375,10336.2998046875,10410.900390625,181400,-0.0015296296913748,-0.0015308007692338,0.1225861030370142,0.0,-0.21596658507336206
2018-03-15,10405.4501953125,10420.0,10346.2001953125,10360.150390625,173900,-0.0048746984502608,-0.0048866185464449,0.1230559814200339,0.0,-0.21026417623865304
2018-03-16,10345.150390625,10346.2998046875,10180.25,10195.150390625,328500,-0.0159264097313983,-0.0160545978679463,0.1329918565483996,0.0,-0.08968314046416473
2018-03-19,10215.349609375,10224.5498046875,10075.2998046875,10094.25,210200,-0.0098969006595315,-0.0099462005278247,0.1338097769447174,0.0,-0.07975691984495449
2018-03-20,10051.5498046875,10155.650390625,10049.099609375,10124.349609375,203000,0.0029818569358792,0.0029774200184666,0.1332415405352584,0.0,-0.08665299431571045
2018-03-21,10181.9501953125,10227.2998046875,10132.9501953125,10155.25,204800,0.0030520864862653,0.0030474383256294,0.1340842023707552,0.0,-0.07642651344521806
2018-03-22,10167.5,10207.849609375,10105.400390625,10114.75,230500,-0.003988084980675,-0.0039960585982851,0.1333517984427635,0.0,-0.08531491261505242
2018-03-23,9968.7998046875,10027.7001953125,9951.900390625,9998.0498046875,285700,-0.0115376252811487,-0.0116047001015945,0.1382061488559005,0.0,-0.02640287987852025
2018-03-26,9989.150390625,10143.5,9958.5498046875,10130.650390625,262600,0.0132626450685744,0.0131754661607952,0.1418047839452258,0.0,0.01726988581541007
2018-03-27,10188.0,10207.900390625,10139.650390625,10184.150390625,225700,0.0052810034832027,0.0052671078846415,0.1389564282847875,0.0,-0.0172975449697504
2018-03-28,10143.599609375,10158.349609375,10096.900390625,10113.7001953125,344400,-0.0069176310846069,-0.0069416688147598,0.1400849643099303,0.0,-0.0036017163625597414
2018-04-02,10151.650390625,10220.099609375,10127.75,10211.7998046875,225400,0.0096996754383196,0.0096529355844099,0.145342496743278,0.0,0.06020330314912457
2018-04-03,10186.849609375,10255.349609375,10171.0498046875,10245.0,205300,0.003251160025411,0.0032458864317621,0.146039178117822,0.0,0.06865817608804461
2018-04-04,10274.599609375,10279.849609375,10111.2998046875,10128.400390625,231100,-0.0113811234138604,-0.0114463840308595,0.1476455183647986,0.0,0.08815260091567907
2018-04-05,10228.4501953125,10331.7998046875,10227.4501953125,10325.150390625,236800,0.0194255748599863,0.0192393067589805,0.1597108419078176,1.0,0.23457646302905588
2018-04-06,10322.75,10350.4501953125,10290.849609375,10331.599609375,200200,0.0006246125727966,0.0006244175835545,0.1555588102986977,0.0,0.1841877186529535
2018-04-09,10333.7001953125,10397.7001953125,10328.5,10379.349609375,221600,0.0046217431767943,0.0046110957157475,0.1535097731020852,0.0,0.1593207568286627
2018-04-10,10412.900390625,10424.849609375,10381.5,10402.25,251700,0.0022063415808168,0.0022039111834326,0.1533715936540659,0.0,0.15764382140529531
2018-04-11,10428.150390625,10428.150390625,10355.599609375,10417.150390625,250400,0.0014324199692374,0.0014313950343946,0.1379549444378647,0.0,-0.0294514778657681
2018-04-12,10410.650390625,10469.900390625,10395.25,10458.650390625,238600,0.0039838150015909,0.0039759006232568,0.138677914444534,0.0,-0.020677568057945118
2018-04-13,10495.2998046875,10519.900390625,10451.4501953125,10480.599609375,213100,0.0020986664560156,0.00209646733185,0.1386917517178721,0.0,-0.020509639945942352
2018-04-16,10398.2998046875,10540.150390625,10396.349609375,10528.349609375,195000,0.0045560370379273,0.0045456897177942,0.1380227381138376,0.0,-0.028628738895907793
2018-04-17,10557.2998046875,10560.4501953125,10495.650390625,10548.7001953125,206100,0.0019329321966454,0.0019310664870136,0.1228106588174844,0.0,-0.21324139295405453
2018-04-18,10578.900390625,10594.2001953125,10509.7001953125,10526.2001953125,205400,-0.0021329642120266,-0.002135242220041,0.115918999162235,0.0,-0.29687805793818006
2018-04-19,10563.650390625,10572.2001953125,10546.2001953125,10565.2998046875,262600,0.003714503681244,0.0037076219486611,0.116021650179272,0.0,-0.2956322928900375
2018-04-20,10560.349609375,10582.349609375,10527.4501953125,10564.0498046875,244600,-0.0001183118343168,-0.000118318833714,0.1162342073623613,0.0,-0.2930527148491417
2018-04-23,10592.7998046875,10638.349609375,10514.9501953125,10584.7001953125,194200,0.0019547797489403,0.0019528716532068,0.1140803181790019,0.0,-0.3191921525249918
2018-04-24,10578.099609375,10636.7998046875,10569.0,10614.349609375,219200,0.0028011576629851,0.0027972417319144,0.1016214469168401,0.0,-0.47039208025793866
2018-04-25,10612.400390625,10612.599609375,10536.4501953125,10570.5498046875,189200,-0.004126470890766,-0.0041350082660198,0.0970872351275143,0.0,-0.5254189346531721
2018-04-26,10586.5,10628.400390625,10559.650390625,10617.7998046875,335100,0.004469966167611,0.0044600055402558,0.0967826171050701,0.0,-0.5291157561396896
2018-04-27,10651.650390625,10719.7998046875,10647.5498046875,10692.2998046875,0,0.0070165195587046,0.0069920183274944,0.0920695858627934,0.0,-0.5863127500118063
2018-04-30,10705.75,10759.0,10704.599609375,10739.349609375,173800,0.0044003446916887,0.0043906914829232,0.0886936774231429,0.0,-0.6272825217806521
2018-05-02,10783.849609375,10784.650390625,10689.7998046875,10718.0498046875,229700,-0.001983342144752,-0.0019853115722468,0.0900579919612457,0.0,-0.6107253028139029
2018-05-03,10720.150390625,10720.599609375,10647.4501953125,10679.650390625,185200,-0.0035826866605626,-0.0035891198524198,0.0776673105727436,0.0,-0.7610976833515609
2018-05-04,10700.4501953125,10700.4501953125,10601.599609375,10618.25,186500,-0.005749288448515,-0.0057658792280254,0.0539143520359266,0.0,-1.0493618076561286
2018-05-07,10653.150390625,10725.650390625,10635.650390625,10715.5,168400,0.0091587596826219,0.0091170725845766,0.0603399370583874,0.0,-0.9713813894790327
2018-05-08,10757.900390625,10758.5498046875,10689.400390625,10717.7998046875,269800,0.0002146241134337,0.0002146010849736,0.0596610499067722,0.0,-0.9796203130623263
2018-05-09,10693.349609375,10766.25,10689.849609375,10741.7001953125,215400,0.0022299717349214,0.0022274890381628,0.0596642509810602,0.0,-0.9795814650647164
2018-05-10,10779.650390625,10785.5498046875,10705.0,10716.5498046875,192100,-0.0023413789407356,-0.0023441242544579,0.0612933366337293,0.0,-0.9598110036985713
2018-05-11,10741.9501953125,10812.0498046875,10724.4501953125,10806.5,203100,0.0083935778727175,0.008358547680564,0.0655469285062683,0.0,-0.9081897315784714
2018-05-14,10815.150390625,10834.849609375,10774.75,10806.599609375,171400,9.217542682682378e-06,9.217500201396874e-06,0.065770768168122,0.0,-0.9054732302210142
2018-05-15,10812.599609375,10929.2001953125,10781.400390625,10801.849609375,254300,-0.0004395462191344,-0.00043964284789,0.0651179854804333,0.0,-0.9133953519868606
2018-05-16,10751.9501953125,10790.4501953125,10699.7001953125,10741.099609375,231100,-0.005624036826737,-0.0056399112687945,0.0695146488758612,0.0,-0.8600377745894805
2018-05-17,10775.599609375,10777.25,10664.5,10682.7001953125,214100,-0.0054370051657959,-0.0054518394722826,0.0723757214596758,0.0,-0.8253160121754735
2018-05-18,10671.849609375,10674.9501953125,10589.099609375,10596.400390625,223000,-0.0080784636009318,-0.0081112711974543,0.0778925706540109,0.0,-0.7583639438905736
2018-05-21,10616.7001953125,10621.7001953125,10505.7998046875,10516.7001953125,0,-0.007521440524559,-0.0075498691977662,0.0825555616036663,0.0,-0.7017742352587384
2018-05-22,10518.4501953125,10558.599609375,10490.5498046875,10536.7001953125,241700,0.0019017372016476,0.0018999311888009,0.0825372533647547,0.0,-0.701996422673802
2018-05-23,10521.099609375,10533.5498046875,10417.7998046875,10430.349609375,290900,-0.0100933483885982,-0.01014463160082,0.0887946340230883,0.0,-0.6260573200513213
2018-05-24,10464.849609375,10535.150390625,10419.7998046875,10513.849609375,297600,0.0080054842960344,0.0079736104042513,0.0931910335358069,0.0,-0.5727029451147211
2018-05-25,10533.0498046875,10628.0498046875,10524.0,10605.150390625,260800,0.008683858400313,0.0086463705716234,0.0971109352002403,0.0,-0.5251313123471033
2018-05-28,10648.349609375,10709.7998046875,10640.5498046875,10688.650390625,232600,0.007873532851907,0.0078426983374126,0.0979733356522368,0.0,-0.5146652851063575
2018-05-29,10689.400390625,10717.25,10616.099609375,10633.2998046875,225800,-0.0051784447909389,-0.0051918994055849,0.0981599231876838,0.0,-0.5124008727625895
2018-05-30,10579.0,10648.7001953125,10558.4501953125,10614.349609375,238700,-0.0017821556488181,-0.0017837455774774,0.0981219671983322,0.0,-0.5128615038042171
2018-05-31,10670.099609375,10763.7998046875,10620.400390625,10736.150390625,610300,0.0114751054687722,0.0114097658238058,0.1059618967857445,0.0,-0.4177167060047376
2018-06-01,10738.4501953125,10764.75,10681.5,10696.2001953125,220600,-0.0037210912532843,-0.0037280317361382,0.1046628106516224,0.0,-0.4334823179502335
2018-06-04,10765.9501953125,10770.2998046875,10618.349609375,10628.5,203800,-0.0063293687549125,-0.00634948413268,0.1018723694528975,0.0,-0.4673469031692507
2018-06-05,10630.7001953125,10633.150390625,10550.900390625,10593.150390625,167700,-0.0033259264595192,-0.0033314696471618,0.102361574663216,0.0,-0.4614099454071633
2018-06-06,10603.4501953125,10698.349609375,10587.5,10684.650390625,189900,0.0086376570355291,0.0086005659099089,0.1070752245232012,0.0,-0.4042054440369074
2018-06-07,10722.599609375,10818.0,10722.599609375,10768.349609375,220900,0.0078335945201764,0.0078030712197688,0.1104679870906854,0.0,-0.36303113183604063
2018-06-08,10736.400390625,10779.4501953125,10709.0498046875,10767.650390625,209400,-6.493276828523076e-05,-6.49348765086917e-05,0.1062234205396841,0.0,-0.41454287333048806
2018-06-11,10781.849609375,10850.5498046875,10777.0498046875,10786.9501953125,211400,0.0017923877528847,0.0017907833428202,0.1064535243007278,0.0,-0.4117503513348118
2018-06-12,10816.150390625,10856.5498046875,10789.400390625,10842.849609375,198300,0.0051821333231696,0.0051687522786096,0.1080592723329143,0.0,-0.39226311358147825
2018-06-13,10887.5,10893.25,10842.650390625,10856.7001953125,213400,0.0012773935299743,0.0012765783569831,0.1058775751120971,0.0,-0.4187400275154533
2018-06-14,10832.900390625,10833.7001953125,10773.5498046875,10808.0498046875,184300,-0.0044811397339686,-0.0044912101364749,0.1052099121150527,0.0,-0.4268427356002271
2018-06-15,10808.650390625,10834.0,10755.400390625,10817.7001953125,305400,0.0008928891705157,0.0008924907821071,0.1000699850300892,0.0,-0.4892205054195013
2018-06-18,10830.2001953125,10830.2001953125,10787.349609375,10799.849609375,196600,-0.0016501276255774,-0.0016514905857463,0.095443170150284,0.0,-0.5453711839793568
2018-06-19,10789.4501953125,10789.4501953125,10701.2001953125,10710.4501953125,224500,-0.0082778387936898,-0.0083122903559554,0.1013341930112124,0.0,-0.47387817212436817
2018-06-20,10734.650390625,10781.7998046875,10724.0498046875,10772.0498046875,193500,0.0057513557555179,0.0057348798513441,0.0939584036736886,0.0,-0.5633901986426942
2018-06-21,10808.4501953125,10809.599609375,10725.900390625,10741.099609375,223600,-0.0028731945983977,-0.0028773301453849,0.0920900284059229,0.0,-0.5860646608407395
2018-06-22,10742.7001953125,10837.0,10710.4501953125,10821.849609375,229800,0.0075178522624927,0.0074897340489533,0.0909117832520668,0.0,-0.6003637557078475
2018-06-25,10822.900390625,10831.0498046875,10753.0498046875,10762.4501953125,229600,-0.0054888412061319,-0.0055039602444048,0.0899493457867885,0.0,-0.6120438246431059
2018-06-26,10742.7001953125,10805.25,10732.5498046875,10769.150390625,220000,0.0006225529680423,0.0006223592623338,0.0875386937694308,0.0,-0.6412993168256715
2018-06-27,10785.5,10785.5,10652.400390625,10671.400390625,246000,-0.0090768534614481,-0.0091182990836827,0.09386899409279,0.0,-0.5644752666144262
2018-06-28,10660.7998046875,10674.2001953125,10557.7001953125,10589.099609375,352300,-0.0077122756374413,-0.0077421690317812,0.0881628220465687,0.0,-0.6337249428383634
2018-06-29,10612.849609375,10723.0498046875,10612.349609375,10714.2998046875,242800,0.0118234977411728,0.0117541463075279,0.0976986487603016,0.0,-0.5179988646366257
2018-07-02,10732.349609375,10736.150390625,10604.650390625,10657.2998046875,295400,-0.005319993003655,-0.0053341945569373,0.0968748361211032,0.0,-0.527996593073758
2018-07-03,10668.599609375,10713.2998046875,10630.25,10699.900390625,202100,0.0039973151471972,0.0039893471097838,0.0968854775800984,0.0,-0.5278674491250656
2018-07-04,10715.0,10777.150390625,10677.75,10769.900390625,173900,0.0065421169772132,0.0065208102070441,0.0948392087170437,0.0,-0.5527008146608103
2018-07-05,10786.0498046875,10786.0498046875,10726.25,10749.75,220500,-0.0018709913642785,-0.0018727438548922,0.0909578257207909,0.0,-0.5998049877587095
2018-07-06,10744.150390625,10816.349609375,10735.0498046875,10772.650390625,0,0.002130318437638,0.0021280525268188,0.091297167118371,0.0,-0.5956867659943724
2018-07-09,10838.2998046875,10860.349609375,10807.150390625,10852.900390625,183600,0.0074494202531476,0.0074218103557948,0.0948615948636697,0.0,-0.5524291380634005
2018-07-10,10902.75,10956.900390625,10876.650390625,10947.25,197000,0.0086934926129518,0.0086559217967663,0.0979891326291835,0.0,-0.514473574178258
2018-07-11,10956.400390625,10976.650390625,10923.0,10948.2998046875,222300,9.589665783638068e-05,9.589206004582807e-05,0.0979513094865487,0.0,-0.5149325930020886
2018-07-12,11006.9501953125,11078.2998046875,10999.650390625,11023.2001953125,248300,0.0068412805605608,0.0068179851871449,0.0986540722166061,0.0,-0.5064039171885102
2018-07-13,11056.900390625,11071.349609375,10999.75,11018.900390625,0,-0.0003900686380828,-0.0003901447346433,0.0987751032928364,0.0,-0.5049350931197489
2018-07-16,11018.9501953125,11019.5,10926.25,10936.849609375,210500,-0.0074463674542162,-0.0074742300512774,0.1028645494208,0.0,-0.4553058814516135
2018-07-17,10939.650390625,11018.5,10925.599609375,11008.0498046875,210600,0.006510119262449,0.0064890199591897,0.0991485697769465,0.0,-0.5004027318632664
2018-07-18,11060.2001953125,11076.2001953125,10956.2998046875,10980.4501953125,225500,-0.0025072206126145,-0.0025103689537061,0.0986531541902855,0.0,-0.5064150582871226
2018-07-19,10999.5,11006.5,10935.4501953125,10957.099609375,215400,-0.0021265599790679,-0.0021288243184788,0.0983023480017872,0.0,-0.5106724158946537
2018-07-20,10963.5,11030.25,10946.2001953125,11010.2001953125,187300,0.0048462264495676,0.0048345212961502,0.0964094166316855,0.0,-0.5336448891099475
2018-07-23,11019.849609375,11093.400390625,11010.9501953125,11084.75,229100,0.0067709763096985,0.0067481562013002,0.0954830584959717,0.0,-0.5448871020060817
2018-07-24,11109.0,11143.400390625,11092.5,11134.2998046875,205800,0.004470087704955,0.0044601265367422,0.0959987331595613,0.0,-0.5386289129432205
2018-07-25,11148.400390625,11157.150390625,11113.25,11132.0,205900,-0.0002065513528324,-0.0002065726875009,0.087560173088748,0.0,-0.6410386454165065
2018-07-26,11132.9501953125,11185.849609375,11125.7001953125,11167.2998046875,365400,0.0031710209025781,0.003166003819182,0.0794635558003391,0.0,-0.7392985859142249
2018-07-27,11232.75,11283.400390625,11210.25,11278.349609375,314600,0.0099441948035536,0.0098950766569342,0.0768729203647815,0.0,-0.770738343368686
2018-07-30,11296.650390625,11328.099609375,11261.4501953125,11319.5498046875,278800,0.0036530340643325,0.0036463779405013,0.071019851157669,0.0,-0.8417707525259333
2018-07-31,11311.0498046875,11366.0,11267.75,11356.5,256500,0.0032642813495284,0.0032589651490718,0.0709341253587678,0.0,-0.8428111143954773
2018-08-01,11359.7998046875,11390.5498046875,11313.5498046875,11346.2001953125,269700,-0.0009069523785937,-0.0009073639087465,0.0709137947237072,0.0,-0.8430578454586084
2018-08-02,11328.900390625,11328.900390625,11234.9501953125,11244.7001953125,210000,-0.0089457261684782,-0.008985979419681,0.0806936168057378,0.0,-0.7243706577568608
2018-08-03,11297.7998046875,11368.0,11294.5498046875,11360.7998046875,218300,0.0103248292403026,0.0102718922559686,0.0855606155247941,0.0,-0.6653051261277966
2018-08-06,11401.5,11427.650390625,11370.599609375,11387.099609375,203700,0.0023149606664707,0.002312285273185,0.083689225746229,0.0,-0.6880161722029385
2018-08-07,11423.150390625,11428.9501953125,11359.7001953125,11389.4501953125,226400,0.0002064253425486,0.0002064040397692,0.080633945429301,0.0,-0.7250948251083907
2018-08-08,11412.5,11459.9501953125,11379.2998046875,11450.0,210500,0.0053163061999621,0.0053022245304194,0.0811367268963089,0.0,-0.7189931069127836
2018-08-09,11493.25,11495.2001953125,11454.099609375,11470.7001953125,302200,0.001807877319869,0.0018062450766348,0.079316298936057,0.0,-0.7410856841809238
2018-08-10,11474.9501953125,11478.75,11419.650390625,11429.5,0,-0.0035917768410803,-0.0035982427589175,0.0813835044525095,0.0,-0.7159982329889342
2018-08-13,11369.599609375,11406.2998046875,11340.2998046875,11355.75,246900,-0.006452600726191,-0.0064735087435117,0.0799307636027204,0.0,-0.7336285870459596
2018-08-14,11381.7001953125,11452.4501953125,11370.7998046875,11435.099609375,232600,0.0069876150298306,0.0069633147827702,0.0803103815096173,0.0,-0.729021572583641
2018-08-16,11397.150390625,11449.849609375,11366.25,11385.0498046875,290600,-0.0043768577797491,-0.0043864642628158,0.081937434107578,0.0,-0.7092757842170411
2018-08-17,11437.150390625,11486.4501953125,11431.7998046875,11470.75,234700,0.0075274326228431,0.0074992428777844,0.0829215938027456,0.0,-0.6973320959281231
2018-08-20,11502.099609375,11565.2998046875,11499.650390625,11551.75,232600,0.0070614388771439,0.0070366236698632,0.0841765349322968,0.0,-0.6821022244490336
2018-08-21,11576.2001953125,11581.75,11539.599609375,11570.900390625,224200,0.0016577912978552,0.001656418678663,0.08261458778728,0.0,-0.7010578979189468
2018-08-23,11620.7001953125,11620.7001953125,11546.7001953125,11582.75,248500,0.0010240870610727,0.0010235630416488,0.0822376762640849,0.0,-0.705632067911528
2018-08-24,11566.599609375,11604.599609375,11532.0,11557.099609375,218800,-0.0022145337355118,-0.0022169894415104,0.0832482238129024,0.0,-0.6933681386087222
2018-08-27,11605.849609375,11700.9501953125,11595.599609375,11691.9501953125,199500,0.0116682031387971,0.01160065459554,0.0900876780048,0.0,-0.6103650352145643
2018-08-28,11731.9501953125,11760.2001953125,11710.5,11738.5,241900,0.0039813550271674,0.0039734504070277,0.0858131078015672,0.0,-0.6622408987834493
2018-08-29,11744.9501953125,11753.2001953125,11678.849609375,11691.900390625,251600,-0.0039698095476423,-0.0039777101577748,0.0881091043923153,0.0,-0.6343768562637605
2018-08-30,11694.75,11698.7998046875,11639.7001953125,11676.7998046875,313800,-0.0012915424723947,-0.0012923772322029,0.0884654495583911,0.0,-0.6300522780395452
2018-08-31,11675.849609375,11727.650390625,11640.099609375,11680.5,346500,0.0003168843668119,0.0003168341695652,0.0881498344302346,0.0,-0.6338825595766552
2018-09-03,11751.7998046875,11751.7998046875,11567.400390625,11582.349609375,234400,-0.0084029271542314,-0.0084384307760752,0.0873073110161457,0.0,-0.6441073605753176
2018-09-04,11598.75,11602.5498046875,11496.849609375,11520.2998046875,254800,-0.0053572726415783,-0.0053716742853734,0.0840084105916162,0.0,-0.6841425688450993
2018-09-05,11514.849609375,11542.650390625,11393.849609375,11476.9501953125,246100,-0.003762888996809,-0.0037699864738834,0.0852228977928801,0.0,-0.6694036432073183
2018-09-06,11514.150390625,11562.25,11436.0498046875,11536.900390625,247900,0.0052235301445313,0.0052099348340707,0.0869115876134863,0.0,-0.6489098301269577
2018-09-07,11558.25,11603.0,11484.400390625,11589.099609375,295900,0.0045245444601755,0.0045143394792379,0.0863948644247238,0.0,-0.655180744012721
2018-09-10,11570.25,11573.0,11427.2998046875,11438.099609375,286700,-0.0130294850410853,-0.0131151133900974,0.098961966183123,0.0,-0.5026673390902878
2018-09-11,11476.849609375,11479.400390625,11274.0,11287.5,0,-0.0131664887103767,-0.0132539353477887,0.1088731733818274,0.0,-0.38238567146108526
2018-09-12,11340.099609375,11380.75,11250.2001953125,11369.900390625,268200,0.0073001453488372,0.0072736282619682,0.1100085182064935,0.0,-0.368607211773261
2018-09-14,11443.5,11523.25,11430.5498046875,11515.2001953125,276600,0.012779338401883,0.0126983717276078,0.1164738391053283,0.0,-0.2901445619790523
2018-09-17,11464.9501953125,11464.9501953125,11366.900390625,11377.75,201400,-0.0119364138687273,-0.012008224872722,0.1235132043196018,0.0,-0.20471535340247268
2018-09-18,11381.5498046875,11411.4501953125,11268.9501953125,11278.900390625,240900,-0.0086879751598514,-0.0087259356424517,0.1238188575443236,0.0,-0.20100596877871188
2018-09-19,11326.650390625,11332.0498046875,11210.900390625,11234.349609375,250600,-0.0039499223955404,-0.0039577439421343,0.1206484105536456,0.0,-0.23948227580401418
2018-09-21,11271.2998046875,11346.7998046875,10866.4501953125,11143.099609375,719000,-0.0081224105687304,-0.0081555770621293,0.1223740348332118,0.0,-0.2185402288982855
2018-09-24,11164.400390625,11170.150390625,10943.599609375,10967.400390625,0,-0.0157675355071025,-0.0158931654278473,0.1314406391870387,0.0,-0.10850859808392384
2018-09-25,10969.9501953125,11080.599609375,10882.849609375,11067.4501953125,405000,0.0091224721560292,0.0090811137439312,0.1379803906583612,0.0,-0.029142664441246125
2018-09-26,11145.5498046875,11145.5498046875,10993.0498046875,11053.7998046875,340500,-0.001233381707991,-0.0012341429492082,0.1281705986584942,0.0,-0.14819356481934085
2018-09-27,11079.7998046875,11089.4501953125,10953.349609375,10977.5498046875,405700,-0.006898080420062,-0.0069219821576265,0.126348703390403,0.0,-0.1703039492254311
2018-09-28,11008.099609375,11034.099609375,10850.2998046875,10930.4501953125,478100,-0.0042905393473949,-0.0042997701241433,0.1263750569512317,0.0,-0.16998412438665086
2018-10-01,10930.900390625,11035.650390625,10821.5498046875,11008.2998046875,387000,0.0071222692555139,0.0070970256859682,0.1316024254824829,0.0,-0.10654517172975321
2018-10-03,10982.7001953125,10989.0498046875,10843.75,10858.25,386800,-0.0136306066649463,-0.0137243562680507,0.1363357320537852,0.0,-0.04910211798440049
2018-10-04,10754.7001953125,10754.7001953125,10547.25,10599.25,425100,-0.0238528307968595,-0.0241419158184583,0.1539133639490366,0.0,0.16421870509449485
2018-10-05,10514.099609375,10540.650390625,10261.900390625,10316.4501953125,606400,-0.0266811146720287,-0.0270435163392156,0.1736250128675613,0.0,0.40343779880403297
2018-10-08,10310.150390625,10398.349609375,10198.400390625,10348.0498046875,456200,0.0030630312536532,0.0030583497307539,0.1762096842779572,1.0,0.43480517729618884
2018-10-09,10390.2998046875,10397.599609375,10279.349609375,10301.0498046875,430500,-0.0045419186114382,-0.0045522644623356,0.1719327051854446,1.0,0.3829000796275722
2018-10-10,10331.849609375,10482.349609375,10318.25,10460.099609375,0,0.015440154906845,0.0153221686492236,0.1842581172295728,1.0,0.5324803562944342
2018-10-11,10169.7998046875,10335.9501953125,10138.599609375,10234.650390625,483500,-0.0215532573464155,-0.0217889211657315,0.1916701522413188,1.0,0.6224322575981812
2018-10-12,10331.5498046875,10492.4501953125,10322.150390625,10472.5,343500,0.0232396418340652,0.0229737135285507,0.2141939667501513,1.0,0.8957795821145474
2018-10-15,10524.2001953125,10526.2998046875,10410.150390625,10512.5,259500,0.0038195273334924,0.0038122514600135,0.2121747294850521,1.0,0.8712742700253288
2018-10-16,10550.150390625,10604.900390625,10525.2998046875,10584.75,265200,0.006872770511296,0.0068492606810225,0.2070524659467776,1.0,0.8091108636846305
2018-10-17,10688.7001953125,10710.150390625,10436.4501953125,10453.0498046875,284800,-0.0124424474184557,-0.0125205028099025,0.2073160936714281,1.0,0.8123102299897158
2018-10-19,10339.7001953125,10380.099609375,10249.599609375,10303.5498046875,357500,-0.0143020460816095,-0.0144053060779479,0.2099105863368265,1.0,0.8437967984963906
2018-10-22,10405.849609375,10408.5498046875,10224.0,10245.25,297300,-0.0056582251546914,-0.005674293551714,0.2099377907432071,1.0,0.8441269491330102
2018-10-23,10152.599609375,10222.099609375,10102.349609375,10146.7998046875,302600,-0.0096093502171737,-0.0096558179456978,0.2103411760397486,1.0,0.8490224028544758
2018-10-24,10278.150390625,10290.650390625,10126.7001953125,10224.75,351400,0.0076822443344639,0.0076528861573851,0.2103030344042466,1.0,0.8485595188250827
2018-10-25,10135.0498046875,10166.599609375,10079.2998046875,10124.900390625,0,-0.0097654817354947,-0.0098134767709648,0.2059539409130845,1.0,0.7957792462200795
2018-10-26,10122.349609375,10128.849609375,10004.5498046875,10030.0,364300,-0.0093729702973544,-0.0094171730074026,0.206307003058663,1.0,0.8000639819536316
2018-10-29,10078.099609375,10275.2998046875,10020.349609375,10250.849609375,364400,0.0220189042248255,0.0217799888950051,0.2266546962586328,1.0,1.047002061385538
2018-10-30,10239.400390625,10285.099609375,10175.349609375,10198.400390625,289800,-0.005116572845048,-0.0051297073253929,0.2267163371946294,1.0,1.0477501311642494
2018-10-31,10209.5498046875,10396.0,10105.099609375,10386.599609375,375000,0.0184537978056837,0.0182855926765914,0.2368811010132021,1.0,1.1711089429258201
2018-11-01,10441.7001953125,10441.900390625,10341.900390625,10380.4501953125,348500,-0.0005920526730374,-0.0005922280054286,0.2334892857821044,1.0,1.1299461275283287
2018-11-02,10462.2998046875,10606.9501953125,10457.7001953125,10553.0,421200,0.0166225743046692,0.0164859314743341,0.2274248432304975,1.0,1.0563485073066339
2018-11-05,10558.75,10558.7998046875,10477.0,10524.0,301900,-0.002748033734483,-0.0027518165109068,0.2046265701159851,1.0,0.7796703737248812
2018-11-06,10552.0,10600.25,10491.4501953125,10530.0,0,0.000570125427594,0.0005699629678378,0.2044845170894269,1.0,0.777946428842725
2018-11-07,10614.4501953125,10616.4501953125,10582.2998046875,10598.400390625,31200,0.0064957635921176,0.0064747570397876,0.2043514830420852,1.0,0.7763319376162866
2018-11-09,10614.7001953125,10619.5498046875,10544.849609375,10585.2001953125,296600,-0.001245489397077,-0.0012462656636175,0.1977616107192113,1.0,0.6963577410761909
2018-11-12,10607.7998046875,10645.5,10464.0498046875,10482.2001953125,259700,-0.0097305670275005,-0.009778218363148,0.1838367754872882,1.0,0.5273669844934278
2018-11-13,10451.900390625,10596.25,10440.5498046875,10582.5,254600,0.0095685831999614,0.0095230942540353,0.1682408658686298,1.0,0.33809619441532607
2018-11-14,10634.900390625,10651.599609375,10532.7001953125,10576.2998046875,384500,-0.0005858913595558,-0.0005860630609673,0.167824053519925,1.0,0.33303779099528535
2018-11-15,10580.599609375,10646.5,10557.5,10616.7001953125,0,0.0038198983927342,0.0038126211073087,0.1665945828610213,1.0,0.3181170272387329
2018-11-16,10644.0,10695.150390625,10631.150390625,10682.2001953125,342800,0.0061695252569078,0.0061505716525058,0.1608430971740422,1.0,0.24831742806722437
2018-11-19,10731.25,10774.7001953125,10688.7998046875,10763.400390625,272100,0.007601448561892,0.0075727031311441,0.1514145696651553,1.0,0.13389352497245569
2018-11-20,10740.099609375,10740.849609375,10640.849609375,10656.2001953125,295200,-0.0099596959531369,-0.0100096255237306,0.1551347785774798,0.0,0.17904170146925072
2018-11-21,10670.9501953125,10671.2998046875,10562.349609375,10600.0498046875,300900,-0.0052692694953028,-0.0052832010567947,0.1515244405896727,0.0,0.1352269102765834
2018-11-22,10612.650390625,10646.25,10512.0,10526.75,239500,-0.0069150434232002,-0.0069390631315694,0.1533820689813952,0.0,0.15777094919254334
2018-11-26,10568.2998046875,10637.7998046875,10489.75,10628.599609375,0,0.0096753137839313,0.0096288076690703,0.1499238385382911,1.0,0.11580212376056061
2018-11-27,10621.4501953125,10695.150390625,10596.349609375,10685.599609375,0,0.0053628890065369,0.0053485599246426,0.1434745811061508,0.0,0.03753441899405465
2018-11-28,10708.75,10757.7998046875,10699.849609375,10728.849609375,424500,0.0040475033298135,0.0040393342237814,0.1256616243651147,0.0,-0.17864228877356683
2018-11-29,10808.7001953125,10883.0498046875,10782.349609375,10858.7001953125,691300,0.0121029365370202,0.0120302816382299,0.126999304701402,0.0,-0.162408300483577
2018-11-30,10892.099609375,10922.4501953125,10835.099609375,10876.75,453900,0.0016622435800641,0.0016608635822544,0.1137133116838395,0.0,-0.3236461158398393
2018-12-03,10930.7001953125,10941.2001953125,10845.349609375,10883.75,409700,0.0006435745971913,0.000643367591871,0.1133797893288449,0.0,-0.3276937181395483
2018-12-04,10877.099609375,10890.9501953125,10833.349609375,10869.5,322100,-0.0013092913747559,-0.0013101492455916,0.1008985278415966,0.0,-0.4791653719657959
2018-12-05,10820.4501953125,10821.0498046875,10747.9501953125,10782.900390625,312300,-0.0079672118657712,-0.0079991196888217,0.1054330725086867,0.0,-0.4241344777909669
2018-12-06,10718.150390625,10722.650390625,10588.25,10601.150390625,318500,-0.0168553907961552,-0.0169990595794747,0.1237177058781193,0.0,-0.20223353781753864
2018-12-07,10644.7998046875,10704.5498046875,10599.349609375,10693.7001953125,325800,0.0087301661873739,0.0086922786366063,0.1254156544818771,0.0,-0.1816273608388793
2018-12-10,10508.7001953125,10558.849609375,10474.9501953125,10488.4501953125,381300,-0.0191935435117182,-0.0193801309422876,0.1438305176451378,0.0,0.04185403815055043
2018-12-11,10350.0498046875,10567.150390625,10333.849609375,10549.150390625,425500,0.0057873369451311,0.0057706546437928,0.1410311318390975,0.0,0.00788090184763239
2018-12-12,10591.0,10752.2001953125,10560.7998046875,10737.599609375,360500,0.0178639238016242,0.0177062390577531,0.1507699885917807,1.0,0.12607093738314043
2018-12-13,10810.75,10838.599609375,10749.5,10791.5498046875,376200,0.0050244186107848,0.0050118383410277,0.1514310969034787,0.0,0.1340940982978831
2018-12-14,10784.5,10815.75,10752.099609375,10805.4501953125,340100,0.0012880810334547,0.0012872521687673,0.1510755257732872,0.0,0.12977891371513883
2018-12-17,10853.2001953125,10900.349609375,10844.849609375,10888.349609375,296900,0.0076720000151833,0.0076427198858132,0.1518566417916538,1.0,0.13925847916235304
2018-12-18,10850.900390625,10915.400390625,10819.099609375,10908.7001953125,286100,0.0018690239262686,0.0018672794743268,0.1498971460492034,0.0,0.11547818571383471
2018-12-19,10930.5498046875,10985.150390625,10928.0,10967.2998046875,312100,0.0053718232535331,0.0053574464743618,0.145227629242501,0.0,0.058809279770048704
2018-12-20,10885.2001953125,10962.5498046875,10880.0498046875,10951.7001953125,318900,-0.0014223746640291,-0.0014233871991216,0.1434940312917745,0.0,0.037770464988817073
2018-12-21,10944.25,10963.650390625,10738.650390625,10754.0,377500,-0.0180520094402436,-0.0182169348003537,0.1573442049832004,0.0,0.20585513471266123
2018-12-24,10780.900390625,10782.2998046875,10649.25,10663.5,223400,-0.0084154733122558,-0.0084510833319759,0.1573854208695685,0.0,0.2063553276201225
2018-12-26,10635.4501953125,10747.5,10534.5498046875,10729.849609375,263700,0.0062221230716932,0.0062028455871955,0.157787375263954,1.0,0.21123341602028173
2018-12-27,10817.900390625,10834.2001953125,10764.4501953125,10779.7998046875,456100,0.0046552558638712,0.0046444536719637,0.1579968055850435,1.0,0.21377504669833447
2018-12-28,10820.9501953125,10893.599609375,10817.150390625,10859.900390625,245500,0.007430619064249,0.0074031480150774,0.1542246085494152,1.0,0.16799594623410255
2018-12-31,10913.2001953125,10923.5498046875,10853.2001953125,10862.5498046875,180900,0.0002439630168971,0.0002439332627594,0.1541048648778732,0.0,0.16654274601213592
2019-01-02,10868.849609375,10895.349609375,10735.0498046875,10792.5,309700,-0.006448744166611,-0.0064696271450112,0.1557308132011931,0.0,0.18627513298447065
2019-01-03,10796.7998046875,10814.0498046875,10661.25,10672.25,286200,-0.0111419967570072,-0.0112045337615006,0.160371403218503,0.0,0.24259298558051234
2019-01-04,10699.7001953125,10741.0498046875,10628.650390625,10727.349609375,296600,0.0051628859308019,0.0051496039312523,0.1594577615838716,1.0,0.23150509918829765
2019-01-07,10804.849609375,10835.9501953125,10750.150390625,10771.7998046875,269400,0.0041436325775803,0.0041350713736188,0.1472056808310081,0.0,0.0828147655753833
2019-01-08,10786.25,10818.4501953125,10733.25,10802.150390625,277700,0.0028175965472634,0.00281363456255,0.1444783569266554,0.0,0.04971616710965718
2019-01-09,10862.400390625,10870.400390625,10749.400390625,10855.150390625,333000,0.0049064304868406,0.0048944331833999,0.1244772308420935,0.0,-0.19301599978798667
2019-01-10,10859.349609375,10859.349609375,10801.7998046875,10821.599609375,254400,-0.0030907707440862,-0.0030955570407573,0.124627390759615,0.0,-0.19119367028478443
2019-01-11,10834.75,10850.150390625,10739.400390625,10794.9501953125,260800,-0.0024626132017869,-0.0024656504210332,0.1089349982302173,0.0,-0.381635369735355
2019-01-14,10807.0,10808.0,10692.349609375,10737.599609375,298800,-0.0053127235327499,-0.0053268862323603,0.1091430004304344,0.0,-0.3791110706251591
2019-01-15,10777.5498046875,10896.9501953125,10777.5498046875,10886.7998046875,310700,0.0138951162960325,0.0137994642136697,0.1199800321280883,0.0,-0.24759366627559282
2019-01-16,10899.650390625,10928.150390625,10876.900390625,10890.2998046875,276500,0.000321490250835,0.0003214385839176,0.1168723536185704,0.0,-0.28530821971859927
2019-01-17,10920.849609375,10930.650390625,10844.650390625,10905.2001953125,271700,0.001368225934293,0.0013672907661065,0.1167803502252445,0.0,-0.2864247660035193
2019-01-18,10914.849609375,10928.2001953125,10852.2001953125,10906.9501953125,323800,0.0001604738994844,0.0001604610249256,0.1150529728331785,0.0,-0.30738808855113386
2019-01-21,10919.349609375,10987.4501953125,10885.75,10961.849609375,288800,0.0050334340103701,0.0050208086296924,0.1164657963186171,0.0,-0.29024216863570007
2019-01-22,10949.7998046875,10949.7998046875,10864.150390625,10922.75,300800,-0.003566880660501,-0.0035732571466164,0.0957703667357905,0.0,-0.541400350743982
2019-01-23,10931.0498046875,10944.7998046875,10811.9501953125,10831.5,298900,-0.0083541232748163,-0.0083892145371514,0.0956915055443749,0.0,-0.5423574042516448
2019-01-24,10844.0498046875,10866.599609375,10798.650390625,10849.7998046875,361100,0.0016894986555417,0.0016880730581589,0.0936185956595071,0.0,-0.5675140832311287
2019-01-25,10859.75,10931.7001953125,10756.4501953125,10780.5498046875,463400,-0.0063826062458849,-0.0064030621649687,0.0954152907478762,0.0,-0.5457095263171654
2019-01-28,10792.4501953125,10804.4501953125,10630.9501953125,10661.5498046875,419700,-0.0110383980553809,-0.011099773244971,0.0989238389244477,0.0,-0.5031300486435898
2019-01-29,10653.7001953125,10690.349609375,10583.650390625,10652.2001953125,356900,-0.0008769465552643,-0.0008773312978436,0.0988286323680229,0.0,-0.5042854682757719
2019-01-30,10702.25,10710.2001953125,10612.849609375,10651.7998046875,410100,-3.758759858607519e-05,-3.758830501756102e-05,0.0967024132663346,0.0,-0.5300891039145835
2019-01-31,10690.5498046875,10838.0498046875,10678.5498046875,10830.9501953125,604800,0.0168187906184795,0.0166789208742785,0.1065157970822598,0.0,-0.4109946135260453
2019-02-01,10851.349609375,10983.4501953125,10813.4501953125,10893.650390625,482300,0.0057889838086075,0.0057722920298164,0.1068801620213403,0.0,-0.4065727079377993
2019-02-04,10876.75,10927.900390625,10814.150390625,10912.25,318300,0.0017073807867935,0.0017059248691862,0.1062112649582689,0.0,-0.4146903925553727
2019-02-05,10908.650390625,10956.7001953125,10886.7001953125,10934.349609375,268100,0.0020252110586724,0.0020231630833451,0.1060343828088529,0.0,-0.4168370210617745
2019-02-06,10965.099609375,11072.599609375,10962.7001953125,11062.4501953125,298500,0.0117154280331102,0.0116473337260757,0.1121858408683342,0.0,-0.34218338715911223
2019-02-07,11070.4501953125,11118.099609375,11043.599609375,11069.400390625,263500,0.0006282690714798,0.0006280717930916,0.1111808493149718,0.0,-0.35437988931754705
2019-02-08,11023.5,11041.2001953125,10925.4501953125,10943.599609375,352800,-0.0113647331210952,-0.0114298051881045,0.1192859771605409,0.0,-0.2560166653360752
2019-02-11,10930.900390625,10930.900390625,10857.099609375,10888.7998046875,286000,-0.0050074752954736,-0.0050200547115384,0.1190857204458092,0.0,-0.25844696581501414
2019-02-12,10879.7001953125,10910.900390625,10823.7998046875,10831.400390625,292300,-0.0052714178873772,-0.0052853608316248,0.1101756884666215,0.0,-0.36657844602726475
2019-02-14,10786.099609375,10792.7001953125,10718.75,10746.0498046875,627000,-0.0078799216038005,-0.007911132252471,0.113431694787363,0.0,-0.32706379738575453
2019-02-15,10780.25,10785.75,10620.400390625,10724.400390625,521900,-0.0020146392819672,-0.0020166713974639,0.113262766071916,0.0,-0.32911390361369003
2019-02-18,10738.650390625,10759.900390625,10628.400390625,10640.9501953125,345400,-0.0077813390280961,-0.0078117716203071,0.1158385058884671,0.0,-0.29785491827493116
2019-02-19,10636.7001953125,10722.849609375,10585.650390625,10604.349609375,291500,-0.0034395975233135,-0.0034455265383959,0.1136524807101743,0.0,-0.3243843559764107
2019-02-20,10655.4501953125,10752.7001953125,10646.400390625,10735.4501953125,289200,0.0123629068039776,0.012287110143627,0.1236146541671166,0.0,-0.20348416565761315
2019-02-21,10744.099609375,10808.849609375,10721.5,10789.849609375,279600,0.0050672690080806,0.0050544736074349,0.1219611810381238,0.0,-0.22355059160836194
2019-02-22,10782.7001953125,10801.5498046875,10758.400390625,10791.650390625,396800,0.0001668958618696,0.0001668819363047,0.1217694410019906,0.0,-0.2258775343142313
2019-02-25,10813.25,10887.099609375,10788.0498046875,10880.099609375,385900,0.0081960789636807,0.0081626735135031,0.1230075329060359,0.0,-0.2108521437728802
2019-02-26,10775.2998046875,10888.75,10729.2998046875,10835.2998046875,415000,-0.0041175914096317,-0.0041260920318907,0.116641749759266,0.0,-0.28810681086928064
2019-02-27,10881.2001953125,10939.7001953125,10751.2001953125,10806.650390625,381100,-0.0026440813432874,-0.0026475831003447,0.1171492070902126,0.0,-0.2819483467394115
2019-02-28,10865.7001953125,10865.7001953125,10784.849609375,10792.5,644200,-0.0013094150466157,-0.0013102730795938,0.1173452733671326,0.0,-0.27956890109964433
2019-03-01,10842.650390625,10877.900390625,10823.099609375,10863.5,308500,0.0065786425758629,0.0065570977456633,0.1037244677588281,0.0,-0.4448699769599314
2019-03-05,10864.849609375,10994.900390625,10817.0,10987.4501953125,373200,0.0114097846285727,0.0113451839580338,0.1094587285091873,0.0,-0.375279418328078
2019-03-06,11024.849609375,11062.2998046875,10998.849609375,11053.0,372600,0.0059658795737218,0.0059481541776258,0.1111381945984809,0.0,-0.35489754375952526
2019-03-07,11077.9501953125,11089.0498046875,11027.099609375,11058.2001953125,321200,0.0004704781790012,0.0004703675388439,0.1110186442451098,0.0,-0.35634839788666095
2019-03-08,11038.849609375,11049.0,11008.9501953125,11035.400390625,326600,-0.0020618006804727,-0.0020639291176077,0.1032594024196812,0.0,-0.4505139750549809
2019-03-11,11068.75,11180.900390625,11059.849609375,11168.0498046875,352200,0.0120203535320015,0.0119486828487988,0.1118151947816295,0.0,-0.34668152028409693
2019-03-12,11231.349609375,11320.400390625,11227.0,11301.2001953125,391300,0.0119224388280498,0.0118519264539069,0.1095424842348118,0.0,-0.3742629651201452
2019-03-13,11326.2001953125,11352.2998046875,11276.599609375,11341.7001953125,383000,0.0035836901656514,0.0035772840485137,0.1068614804909305,0.0,-0.4067994255905037
2019-03-14,11382.5,11383.4501953125,11313.75,11343.25,294500,0.0001366465927339,0.0001366372574386,0.1036174008241271,0.0,-0.44616933325383135
2019-03-15,11376.849609375,11487.0,11370.7998046875,11426.849609375,463700,0.007369987382364,0.0073429617299341,0.0976377799440282,0.0,-0.5187375640282536
2019-03-18,11473.849609375,11530.150390625,11412.5,11462.2001953125,320300,0.0030936423551506,0.0030888668901587,0.0957731372381522,0.0,-0.5413667281349944
2019-03-19,11500.2998046875,11543.849609375,11451.25,11532.400390625,326100,0.0061244956567072,0.0061058171586395,0.0866082770575458,0.0,-0.6525907842979928
2019-03-20,11553.349609375,11556.099609375,11503.099609375,11521.0498046875,366300,-0.0009842344657688,-0.0009847191425605,0.0842009945909503,0.0,-0.6818053838650865
2019-03-22,11549.2001953125,11572.7998046875,11434.5498046875,11456.900390625,386200,-0.0055680181190085,-0.0055835773146963,0.0851723003290808,0.0,-0.6700176902352508
2019-03-25,11395.650390625,11395.650390625,11311.599609375,11354.25,294500,-0.0089597000170305,-0.0090000795022271,0.0952430051002077,0.0,-0.547800372022909
2019-03-26,11375.2001953125,11496.75,11352.4501953125,11483.25,282600,0.0113613845036,0.0112973286932164,0.0996433227966886,0.0,-0.4943984463018726
2019-03-27,11531.4501953125,11546.2001953125,11413.0,11445.0498046875,350400,-0.0033266013813597,-0.0033321468214628,0.1002583382448879,0.0,-0.4869346649234746
2019-03-28,11463.650390625,11588.5,11452.4501953125,11570.0,527700,0.0109174007492152,0.0108582361558709,0.1011667988213426,0.0,-0.4759096554649254
2019-04-01,11665.2001953125,11738.099609375,11644.75,11669.150390625,379600,0.008569610252809,0.0085330995827254,0.1002582113225965,0.0,-0.48693620524288905
2019-04-02,11711.5498046875,11729.349609375,11655.849609375,11713.2001953125,386100,0.00377489390512,0.0037677868730356,0.0984020128906664,0.0,-0.509462890273997
2019-04-03,11735.2998046875,11761.0,11629.150390625,11643.9501953125,365800,-0.0059121332210912,-0.0059296790704819,0.1040742373498804,0.0,-0.44062519942130274
2019-04-04,11660.2001953125,11662.5498046875,11559.2001953125,11598.0,349000,-0.00394627205903,-0.0039540791366154,0.102879756326864,0.0,-0.4551213315795155
2019-04-05,11638.400390625,11689.650390625,11609.5,11665.9501953125,266700,0.0058587855934213,0.0058416896509144,0.1028359133553769,0.0,-0.45565340659505726
2019-04-08,11704.349609375,11710.2998046875,11549.099609375,11604.5,260900,-0.0052674830839918,-0.0052814051841508,0.1064520642012437,0.0,-0.4117680709927032
2019-04-09,11612.0498046875,11683.900390625,11569.7001953125,11671.9501953125,300500,0.0058124171926838,0.005795590267793,0.105723275024406,0.0,-0.42061260181349075
2019-04-10,11646.849609375,11680.0498046875,11571.75,11584.2998046875,359900,-0.0075094897732,-0.0075378279508354,0.1059953061020702,0.0,-0.41731125304613814
2019-04-11,11592.5498046875,11606.7001953125,11550.5498046875,11596.7001953125,279800,0.0010704480058416,0.0010698754849078,0.0991632290443745,0.0,-0.5002248280926044
2019-04-12,11612.849609375,11657.349609375,11578.7998046875,11643.4501953125,246000,0.0040313191867198,0.0040232151920854,0.0993121379496786,0.0,-0.4984176807798979
2019-04-15,11667.0,11704.599609375,11648.25,11690.349609375,290000,0.0040279653604204,0.0040198748262654,0.0996581182044349,0.0,-0.49421889034251254
2019-04-16,11736.2001953125,11810.9501953125,11731.5498046875,11787.150390625,354300,0.0082804008848778,0.008246306446581,0.1004084917831886,0.0,-0.48511241283801787
2019-04-18,11856.150390625,11856.150390625,11738.5,11752.7998046875,339700,-0.0029142400664389,-0.00291849473211,0.1014480537964117,0.0,-0.4724963661700811
2019-04-22,11727.0498046875,11727.0498046875,11583.9501953125,11594.4501953125,260400,-0.0134733520528311,-0.013564941266796,0.112402695323466,0.0,-0.3395516577468279
2019-04-23,11612.9501953125,11645.9501953125,11564.7998046875,11575.9501953125,272500,-0.0015955909670886,-0.0015968652780555,0.1125141500851668,0.0,-0.33819905111336557
2019-04-24,11601.5,11740.849609375,11578.849609375,11726.150390625,335200,0.0129751936366588,0.0128917369476169,0.1187745010084107,0.0,-0.26222390157858166
2019-04-25,11735.7001953125,11796.75,11624.2998046875,11641.7998046875,604400,-0.0071933740509534,-0.0072193711121506,0.1169074373602873,0.0,-0.2848824460589655
2019-04-26,11683.75,11762.900390625,11661.75,11754.650390625,333500,0.0096935686775907,0.009646887469961,0.1151599721589206,0.0,-0.3060895527544913
2019-04-30,11748.75,11756.25,11655.900390625,11748.150390625,532600,-0.0005529726349993,-0.0005531255807526,0.1141376018531995,0.0,-0.3184969621488571
2019-05-02,11725.5498046875,11789.2998046875,11699.5498046875,11724.75,380300,-0.0019918361484096,-0.0019938224921164,0.1088686862281941,0.0,-0.38244012722122656
2019-05-03,11722.599609375,11770.900390625,11699.349609375,11712.25,305500,-0.0010661208128105,-0.00106668952385,0.1049275705546767,0.0,-0.43026921161290654
2019-05-06,11605.7998046875,11632.5498046875,11571.349609375,11598.25,299000,-0.0097333987918631,-0.0097810779570294,0.1097036937271203,0.0,-0.37230653880559317
2019-05-07,11651.5,11657.0498046875,11484.4501953125,11497.900390625,337500,-0.0086521336731834,-0.0086897806903779,0.1119327003945993,0.0,-0.3452554809731999
2019-05-08,11478.7001953125,11479.099609375,11346.9501953125,11359.4501953125,372800,-0.0120413458639272,-0.0121144301503351,0.1186898579366589,0.0,-0.26325112355260066
2019-05-09,11322.400390625,11357.599609375,11255.0498046875,11301.7998046875,373000,-0.005075103956069,-0.0050880260352891,0.1166084848810971,0.0,-0.2885105109372361
2019-05-10,11314.150390625,11345.7998046875,11251.0498046875,11278.900390625,387300,-0.0020261741013145,-0.0020282295690185,0.1158100143483188,0.0,-0.2982006894704734
2019-05-13,11258.7001953125,11300.2001953125,11125.599609375,11148.2001953125,357600,-0.0115880263843041,-0.011655690801341,0.1179307260126717,0.0,-0.2724638916783323
2019-05-14,11151.650390625,11294.75,11108.2998046875,11222.0498046875,398100,0.0066243526381999,0.0066025080321108,0.1202525410755928,0.0,-0.244286518115679
2019-05-15,11271.7001953125,11286.7998046875,11136.9501953125,11157.0,414200,-0.0057966063080854,-0.0058134718372332,0.1207156738340469,0.0,-0.2386659736750529
2019-05-16,11180.349609375,11281.5498046875,11143.349609375,11257.099609375,350700,0.0089719108519314,0.0089319023833083,0.1251055006197491,0.0,-0.1853913648608386
2019-05-17,11261.900390625,11426.150390625,11259.849609375,11407.150390625,412100,0.0133294353303079,0.0132413800291101,0.1346063663149134,0.0,-0.07008957095980597
2019-05-20,11651.900390625,11845.2001953125,11591.7001953125,11828.25,452100,0.0369154078761932,0.0362503520301784,0.1871809245769502,1.0,0.5679513271714628
2019-05-21,11863.650390625,11883.5498046875,11682.7998046875,11709.099609375,381000,-0.0100733743897025,-0.0101244541453482,0.1904785925568268,1.0,0.6079715785853199
2019-05-22,11727.9501953125,11784.7998046875,11682.400390625,11737.900390625,355900,0.0024596922232125,0.0024566721316128,0.1839308308321885,1.0,0.5285084331088424
2019-05-23,11901.2998046875,12041.150390625,11614.5,11657.0498046875,569000,-0.0068879938700173,-0.0069118255980392,0.1857371875454961,1.0,0.5504302427788335
2019-05-24,11748.0,11859.0,11658.099609375,11844.099609375,374600,0.0160460672143893,0.0159186898748304,0.1887348648729273,1.0,0.5868098301216153
2019-05-27,11855.5,11957.150390625,11812.400390625,11924.75,348400,0.0068093306612486,0.0067862518773673,0.1876816330249548,1.0,0.5740278873638373
2019-05-28,11958.349609375,11958.5498046875,11864.900390625,11928.75,598300,0.0003354368016101,0.0003353805552639,0.1850152965779556,1.0,0.5416694281089938
2019-05-29,11905.7998046875,11931.900390625,11836.7998046875,11861.099609375,318100,-0.0056712053337525,-0.0056873476786873,0.1863819960526289,1.0,0.5582555904871901
2019-05-30,11865.2998046875,11968.5498046875,11859.400390625,11945.900390625,421200,0.0071494873192847,0.0071240509010948,0.1875841493499374,1.0,0.5728448327911057
2019-05-31,11999.7998046875,12039.25,11829.4501953125,11922.7998046875,438900,-0.0019337668306382,-0.001935638971628,0.1877323894835859,1.0,0.5746438639411303
2019-06-03,11953.75,12103.0498046875,11920.099609375,12088.5498046875,315300,0.0139019360146293,0.0138061904475292,0.1886168662592258,1.0,0.5853778077907933
2019-06-04,12052.650390625,12095.2001953125,12005.849609375,12021.650390625,289200,-0.0055341141115669,-0.0055494840533033,0.1865590064447892,1.0,0.560403775337924
2019-06-06,12039.7998046875,12039.7998046875,11830.25,11843.75,415200,-0.0147983334105052,-0.0149089211116321,0.1896464377230082,1.0,0.5978726098995994
2019-06-07,11865.2001953125,11897.5,11769.5,11870.650390625,302500,0.0022712730870713,0.0022686976453037,0.1877429550946081,1.0,0.5747720874045079
2019-06-10,11934.900390625,11975.0498046875,11871.75,11922.7001953125,303300,0.0043847475053773,0.0043751625083482,0.1870895150729692,1.0,0.5668419882831152
2019-06-11,11959.849609375,12000.349609375,11904.349609375,11965.599609375,332200,0.0035981290613484,0.0035916712809597,0.1791506786924314,1.0,0.4704968650562197
2019-06-12,11962.4501953125,11962.4501953125,11866.349609375,11906.2001953125,283700,-0.0049641819885031,-0.0049765444699523,0.1812263973656211,1.0,0.49568763128023424
2019-06-13,11873.900390625,11931.349609375,11817.0498046875,11914.0498046875,447900,0.0006592875347493,0.0006590703001973,0.1785068925810043,1.0,0.46268392506550965
2019-06-14,11910.099609375,11911.849609375,11797.7001953125,11823.2998046875,390300,-0.0076170572968643,-0.0076462152373002,0.181227166151569,1.0,0.4956969612088706
2019-06-17,11844.0,11844.0498046875,11657.75,11672.150390625,295500,-0.0127840295483816,-0.0128664484379438,0.1842842997281916,1.0,0.5327981051350578
2019-06-18,11677.0498046875,11727.2001953125,11641.150390625,11691.5,365500,0.0016577587443133,0.0016563861789982,0.1297235997851546,0.0,-0.12934645955761634
2019-06-19,11744.4501953125,11802.5,11625.099609375,11691.4501953125,446900,-4.259905700743083e-06,-4.259914774167141e-06,0.1247270829682321,0.0,-0.18998381311383658
2019-06-20,11653.650390625,11843.5,11635.0498046875,11831.75,442000,0.0120002054786796,0.0119287739074267,0.1316189209372517,0.0,-0.10634498412716221
2019-06-21,11827.599609375,11827.9501953125,11705.099609375,11724.099609375,468400,-0.0090984335051873,-0.0091400770377047,0.1334847387796505,0.0,-0.08370155865166755
2019-06-24,11725.7998046875,11754.0,11670.2001953125,11699.650390625,277600,-0.0020853813567439,-0.0020875587921609,0.120154020624969,0.0,-0.24548215491945413
2019-06-25,11681.0,11814.400390625,11651.0,11796.4501953125,300500,0.0082737348087824,0.0082396950931069,0.1214450554044006,0.0,-0.22981425361096033
2019-06-26,11768.150390625,11871.849609375,11757.5498046875,11847.5498046875,327900,0.0043317785036134,0.0043224233576614,0.1226453065710955,0.0,-0.21524809542158965
2019-06-27,11860.849609375,11911.150390625,11821.0498046875,11841.5498046875,480200,-0.0005064338279993,-0.0005065621089227,0.1210181802654889,0.0,-0.23499477829865525
2019-06-28,11861.150390625,11871.7001953125,11775.5,11788.849609375,303900,-0.0044504474652159,-0.004460380187531,0.1188351664667217,0.0,-0.26148767012394203
2019-07-01,11839.900390625,11884.650390625,11830.7998046875,11865.599609375,278400,0.0065103892697864,0.0064892882200805,0.12137312157324,0.0,-0.23068723719383674
2019-07-02,11890.2998046875,11917.4501953125,11814.7001953125,11910.2998046875,363200,0.0037672091410518,0.0037601309797355,0.11072420198895,0.0,-0.35992172703631636
2019-07-03,11932.150390625,11945.2001953125,11887.0498046875,11916.75,340500,0.0005415644793391,0.0005414178862205,0.1093191589010163,0.0,-0.3769732246308416
2019-07-04,11928.7998046875,11969.25,11923.650390625,11946.75,333600,0.0025174649128327,0.0025143014062712,0.0953292192034709,0.0,-0.5467540841282306
2019-07-05,11964.75,11981.75,11797.900390625,11811.150390625,530700,-0.0113503345575156,-0.0114152412136924,0.1038299760546979,0.0,-0.4435895361900528
2019-07-08,11770.400390625,11771.900390625,11523.2998046875,11558.599609375,464000,-0.021382403313606,-0.0216143187984928,0.126893269519953,0.0,-0.16369513549734988
2019-07-09,11531.599609375,11582.5498046875,11461.0,11555.900390625,442500,-0.0002335247210926,-0.000233551992236,0.1255566616713685,0.0,-0.17991610815697098
2019-07-10,11536.150390625,11593.7001953125,11475.650390625,11498.900390625,337600,-0.004932545113165,-0.0049447502653284,0.1255458484099647,0.0,-0.1800473370868163
2019-07-11,11561.4501953125,11599.0,11519.5,11582.900390625,317300,0.0073050463215147,0.0072784937042869,0.1293644874460333,0.0,-0.13370461998648733
2019-07-12,11601.150390625,11639.5498046875,11538.599609375,11552.5,359400,-0.002624592252352,-0.002628042532973,0.1273666455980728,0.0,-0.15795027889709007
2019-07-15,11614.75,11618.400390625,11532.2998046875,11588.349609375,368800,0.0031031905972733,0.0030983856392325,0.1203142828969945,0.0,-0.24353722399925373
2019-07-16,11596.650390625,11670.0498046875,11573.9501953125,11662.599609375,480200,0.0064072971995883,0.0063868577322556,0.1225174915084021,0.0,-0.21679924944154622
2019-07-17,11670.75,11706.650390625,11651.150390625,11687.5,464800,0.0021350634900458,0.0021327874810327,0.1227796935550322,0.0,-0.2136171850580491
2019-07-18,11675.599609375,11677.150390625,11582.400390625,11596.900390625,498300,-0.0077518382352941,-0.0077820399135673,0.1171507590768249,0.0,-0.28192951194622007
2019-07-19,11627.9501953125,11640.349609375,11399.2998046875,11419.25,446000,-0.0153187821435988,-0.015437326885714,0.1248330577585459,0.0,-0.1886977110023535
2019-07-22,11392.849609375,11398.150390625,11301.25,11346.2001953125,516000,-0.0063970755248812,-0.0064176244949366,0.1261269524159496,0.0,-0.17299510242916416
2019-07-23,11372.25,11398.150390625,11302.7998046875,11331.0498046875,458900,-0.0013352832106081,-0.001336175495625,0.1207509949150767,0.0,-0.23823731968330852
2019-07-24,11322.4501953125,11359.75,11229.7998046875,11271.2998046875,413200,-0.0052731212932523,-0.0052870732659151,0.1188675398463155,0.0,-0.2610947892158681
2019-07-25,11290.400390625,11361.400390625,11239.349609375,11252.150390625,553700,-0.0016989534831232,-0.0017003983413219,0.1186783096974901,0.0,-0.26339127211750857
2019-07-26,11247.4501953125,11307.599609375,11210.0498046875,11284.2998046875,522700,0.0028571795564771,0.0028531055771835,0.1199516607349425,0.0,-0.24793797937611878
2019-07-29,11307.5,11310.9501953125,11152.400390625,11189.2001953125,482900,-0.0084276039294431,-0.0084633169752627,0.1173206600779109,0.0,-0.2798676061326512
2019-07-30,11213.7001953125,11267.4501953125,11072.650390625,11085.400390625,479100,-0.0092767850137299,-0.0093200823653439,0.1166061105686635,0.0,-0.2885393254149541
2019-07-31,11034.0498046875,11145.2998046875,10999.400390625,11118.0,536700,0.0029407696814063,0.0029364540769757,0.1180324342428671,0.0,-0.2712295682206291
2019-08-01,11060.2001953125,11076.75,10881.0,10980.0,499900,-0.0124123043712898,-0.0124899804498931,0.1199453183342379,0.0,-0.24801495027564974
2019-08-02,10930.2998046875,11080.150390625,10848.9501953125,10997.349609375,547400,0.0015801101434427,0.0015788630828991,0.1184650708596868,0.0,-0.26597912266891743
2019-08-05,10895.7998046875,10895.7998046875,10782.599609375,10862.599609375,506600,-0.0122529522827143,-0.0123286385918026,0.1033231961603597,0.0,-0.4497397790000223
2019-08-06,10815.400390625,11018.5498046875,10813.7998046875,10948.25,517900,0.0078848888576432,0.007853965566277,0.1100721763800895,0.0,-0.36783466095025363
2019-08-07,10958.099609375,10975.650390625,10835.900390625,10855.5,548500,-0.0084716735551343,-0.0085077621466028,0.1117493754883922,0.0,-0.34748029829307586
2019-08-08,10899.2001953125,11058.0498046875,10842.9501953125,11032.4501953125,482500,0.0163005108297638,0.0161690837982416,0.1260132641029696,0.0,-0.17437481527352616
2019-08-09,11087.900390625,11181.4501953125,11062.7998046875,11109.650390625,538100,0.0069975566574775,0.0069731873754653,0.1303516420919336,0.0,-0.12172458519997577
2019-08-13,11139.400390625,11145.900390625,10901.599609375,10925.849609375,624600,-0.0165442452991232,-0.0166826297594268,0.1388182583416585,0.0,-0.01897436504248169
2019-08-14,11003.25,11078.150390625,10935.599609375,11029.400390625,511500,0.0094775953314556,0.0094329646972824,0.1419201457453769,0.0,0.018669907974637464
2019-08-16,11043.650390625,11068.650390625,10924.2998046875,11047.7998046875,470900,0.0016682152620135,0.0016668253365152,0.1417152164422001,0.0,0.016182901312581276
2019-08-19,11094.7998046875,11146.900390625,11037.849609375,11053.900390625,369500,0.0005521991749806,0.0005520467691192,0.1409260737335529,0.0,0.006605924553794749
2019-08-20,11063.900390625,11076.2998046875,10985.2998046875,11017.0,444700,-0.0033382235519596,-0.0033438078514244,0.1323627217200727,0.0,-0.09731827358141623
2019-08-21,11018.150390625,11034.2001953125,10906.650390625,10918.7001953125,557900,-0.0089225564752201,-0.0089626008590573,0.1338420666795632,0.0,-0.07936505404327257
2019-08-22,10905.2998046875,10908.25,10718.2998046875,10741.349609375,668200,-0.0162428295277892,-0.0163761903599742,0.1432857464147962,0.0,0.0352427353346365
2019-08-23,10699.599609375,10862.5498046875,10637.150390625,10829.349609375,667100,0.0081926390258439,0.0081592615346459,0.1479063636393623,0.0,0.09131819961508059
2019-08-26,11000.2998046875,11070.2998046875,10756.5498046875,11057.849609375,684100,0.0211000667853762,0.0208805429846769,0.1687615665724518,1.0,0.344415379125701
2019-08-27,11106.5498046875,11141.75,11049.5,11105.349609375,685600,0.0042955910667956,0.0042863913515562,0.1692570172699795,1.0,0.3504281316524035
2019-08-28,11101.2998046875,11129.650390625,10987.650390625,11046.099609375,550000,-0.0053352665232603,-0.0053495498840406,0.1677410991489184,1.0,0.33203106296692697
2019-08-29,10996.0498046875,11021.099609375,10922.400390625,10948.2998046875,649900,-0.0088537862364102,-0.0088932138970112,0.1674548480016534,0.0,0.32855714050082113
2019-08-30,10987.7998046875,11042.599609375,10874.7998046875,11023.25,628200,0.0068458296401794,0.006822503346491,0.169110149782662,1.0,0.3486457588353598
2019-09-03,10960.9501953125,10967.5,10772.7001953125,10797.900390625,483000,-0.0204431188057061,-0.0206549716202419,0.1790271806830521,0.0,0.46899810247168094
2019-09-04,10790.400390625,10858.75,10746.349609375,10844.650390625,508800,0.0043295454031591,0.0043201998863098,0.1797805218399826,1.0,0.47814059428248273
2019-09-05,10860.9501953125,10920.099609375,10816.0,10847.900390625,595700,0.0002996869316147,0.000299642034456,0.1744555102115233,1.0,0.41351665231709767
2019-09-06,10883.7998046875,10957.0498046875,10867.4501953125,10946.2001953125,497200,0.0090616433731685,0.0090208330367241,0.1752058161659503,1.0,0.42262230913783244
2019-09-09,10936.7001953125,11028.849609375,10889.7998046875,11003.0498046875,412500,0.0051935473827113,0.0051801074294417,0.1731245578999656,1.0,0.39736431483090007
2019-09-11,11028.5,11054.7998046875,11011.650390625,11035.7001953125,687100,0.0029673946046386,0.00296300057966,0.1635293814967411,1.0,0.28091797324628637
2019-09-12,11058.2998046875,11081.75,10964.9501953125,10982.7998046875,551400,-0.0047935690249604,-0.0048050950254965,0.1622213548947126,0.0,0.2650438604524469
2019-09-13,10986.7998046875,11084.4501953125,10945.75,11075.900390625,624300,0.0084769446400874,0.0084412171097482,0.1534067283959506,1.0,0.1580702139991424
2019-09-16,10994.849609375,11052.7001953125,10968.2001953125,11003.5,434500,-0.0065367498868337,-0.0065582079983637,0.1518012642637474,0.0,0.13858642163472548
2019-09-17,11000.099609375,11000.099609375,10796.5,10817.599609375,482000,-0.016894659937747,-0.0170390027633122,0.162994054782946,0.0,0.27442128837522944
2019-09-18,10872.7998046875,10885.150390625,10804.849609375,10840.650390625,519200,0.0021308591630644,0.0021285921026311,0.1632957304962738,1.0,0.2780824022188628
2019-09-19,10845.2001953125,10845.2001953125,10670.25,10704.7998046875,642600,-0.0125315899915916,-0.0126107725834496,0.1683154163114669,0.0,0.33900093300136985
2019-09-20,10746.7998046875,11381.900390625,10691.0,11274.2001953125,1356800,0.0531911293077771,0.0518247259951442,0.2505078014351041,1.0,1.3364815578020572
2019-09-23,11542.7001953125,11694.849609375,11471.349609375,11600.2001953125,882800,0.028915576657539,0.0285054094215263,0.2583239266914047,1.0,1.4313374680235142
2019-09-24,11590.7001953125,11655.0498046875,11539.2001953125,11588.2001953125,651700,-0.0010344649056013,-0.001035000333708,0.2583494609253605,1.0,1.4316473495727808
2019-09-25,11564.849609375,11564.9501953125,11416.099609375,11440.2001953125,629100,-0.0127716122871148,-0.0128538704574952,0.2557903838172661,1.0,1.4005905816148325
2019-09-26,11469.849609375,11610.849609375,11466.349609375,11571.2001953125,844500,0.011450848565891,0.011385783826013,0.2579746409184092,1.0,1.4270985620645567
2019-09-27,11556.349609375,11593.599609375,11499.75,11512.400390625,650000,-0.0050815648934429,-0.0050945199509384,0.2578791299137294,1.0,1.4259394476711729
2019-09-30,11491.150390625,11508.25,11390.7998046875,11474.4501953125,756800,-0.0032964624252822,-0.0033019077276591,0.2554797796376177,1.0,1.396821112573201
2019-10-01,11515.400390625,11554.2001953125,11247.900390625,11359.900390625,1305400,-0.0099830321050411,-0.0100331967125401,0.2585510527706631,1.0,1.4340938530962482
2019-10-03,11322.25,11370.400390625,11257.349609375,11314.0,1017500,-0.0040405627731454,-0.0040487479027005,0.2460938269998029,1.0,1.2829138949223933
2019-10-04,11388.4501953125,11400.2998046875,11158.349609375,11174.75,928500,-0.0123077602969772,-0.0123841280362274,0.2513923571359305,1.0,1.3472164594818672
2019-10-07,11196.2001953125,11233.849609375,11112.650390625,11126.400390625,733200,-0.0043266837625002,-0.0043360709453904,0.2522229215453513,1.0,1.3572961268963128
2019-10-09,11152.9501953125,11321.599609375,11090.150390625,11313.2998046875,741100,0.0167978328570648,0.0166583095543536,0.2567531141164551,1.0,1.4122742043604803
2019-10-10,11280.5,11293.349609375,11208.5498046875,11234.5498046875,562000,-0.006960833829169,-0.0069851734480923,0.2581617806641805,1.0,1.429369675991427
2019-10-11,11257.7001953125,11362.900390625,11189.400390625,11305.0498046875,737800,0.0062752848334504,0.006255677219734,0.2587508015029306,1.0,1.43651798873808
2019-10-14,11335.900390625,11420.4501953125,11290.0498046875,11341.150390625,587600,0.0031933150725733,0.0031882272704231,0.2578420875931707,1.0,1.4254899048455276
2019-10-15,11360.849609375,11462.349609375,11342.099609375,11428.2998046875,527400,0.007684353972992,0.0076549797105181,0.2575805945855434,1.0,1.4223164453062198
2019-10-16,11464.9501953125,11481.0498046875,11411.099609375,11464.0,533500,0.0031238413344614,0.0031189722795879,0.2558167846548521,1.0,1.4009109802007953
2019-10-17,11466.2998046875,11599.099609375,11439.650390625,11586.349609375,797600,0.0106725060515526,0.0106159568508184,0.2471342531185074,1.0,1.2955404283096799
2019-10-18,11580.2998046875,11684.7001953125,11553.150390625,11661.849609375,853400,0.0065162887833896,0.0064951495568105,0.2473146423363594,1.0,1.2977296183357347
2019-10-22,11657.150390625,11714.349609375,11573.650390625,11588.349609375,867600,-0.0063026022853966,-0.0063225475319826,0.2427967064117261,1.0,1.2429002866143866
2019-10-23,11596.2001953125,11651.599609375,11554.400390625,11604.099609375,664200,0.0013591236483976,0.0013582008758651,0.1642314172976167,1.0,0.2894378271018045
2019-10-24,11661.650390625,11679.599609375,11534.650390625,11582.599609375,700500,-0.001852793471596,-0.0018545120164874,0.1295785112099138,0.0,-0.13110724363104298
2019-10-25,11646.150390625,11646.900390625,11490.75,11583.900390625,812000,0.0001123047756004,0.0001122984698912,0.1295298715691474,0.0,-0.13169753066540474
2019-10-29,11643.9501953125,11809.400390625,11627.349609375,11786.849609375,951700,0.017519938181983,0.0173682334074765,0.1341517462971981,0.0,-0.07560680541693288
2019-10-30,11883.900390625,11883.9501953125,11784.4501953125,11844.099609375,725200,0.0048571078699828,0.0048453501784329,0.129689134852035,0.0,-0.12976472340249848
2019-10-31,11890.4501953125,11945.0,11855.099609375,11877.4501953125,1414800,0.0028157974888274,0.0028118405572833,0.1276479764098961,0.0,-0.15453606925308117
2019-11-01,11886.599609375,11918.2998046875,11843.349609375,11890.599609375,855300,0.0011070906504571,0.0011064782775295,0.1263733785174213,0.0,-0.1700044937335599
2019-11-04,11928.900390625,11989.150390625,11905.349609375,11941.2998046875,823100,0.0042638888683566,0.0042548242520918,0.1185947208396723,0.0,-0.2644057002302474
2019-11-05,11974.599609375,11978.9501953125,11861.900390625,11917.2001953125,632000,-0.0020181730439042,-0.0020202122992972,0.1173217973434425,0.0,-0.2798538043634079
2019-11-06,11911.5,12002.900390625,11850.25,11966.0498046875,603400,0.0040990843968715,0.0040907060383537,0.1031370699521967,0.0,-0.4519985927104524
2019-11-07,12021.099609375,12021.400390625,11946.849609375,12012.0498046875,563000,0.0038442093047263,0.0038368392142123,0.098980883358724,0.0,-0.5024377616652068
2019-11-08,11987.150390625,12034.150390625,11888.75,11908.150390625,789300,-0.0086495990069866,-0.0086872239057793,0.0962615212358926,0.0,-0.5354397365471977
2019-11-11,11879.2001953125,11932.650390625,11853.9501953125,11913.4501953125,549000,0.0004450569159482,0.0004449579074941,0.089889688177965,0.0,-0.6127678249119125
2019-11-13,11908.2998046875,11946.7998046875,11823.2001953125,11840.4501953125,659000,-0.0061275280295143,-0.0061463783728446,0.0944738629899134,0.0,-0.5571346230193097
2019-11-14,11858.75,11895.650390625,11802.650390625,11872.099609375,559500,0.0026729907681237,0.0026694246816312,0.09442809804603,0.0,-0.5576900229477839
2019-11-15,11904.2001953125,11973.650390625,11879.25,11895.4501953125,580200,0.0019668455206576,0.0019649138125061,0.0922739978638953,0.0,-0.5838320212889547
2019-11-18,11915.150390625,11946.2001953125,11867.599609375,11884.5,514400,-0.0009205364347466,-0.0009209603886071,0.0927392089451258,0.0,-0.5781862544789031
2019-11-19,11919.4501953125,11958.849609375,11881.75,11940.099609375,613900,0.0046783297046573,0.0046674203321069,0.0874957311049986,0.0,-0.6418207085007819
2019-11-20,12004.75,12038.599609375,11966.0498046875,11999.099609375,646700,0.0049413323113045,0.0049291639974579,0.0864815575243468,0.0,-0.6541286430541251
2019-11-21,12025.650390625,12028.2001953125,11956.900390625,11968.400390625,557700,-0.0025584601969645,-0.002561738649308,0.0829718491379665,0.0,-0.6967222009469723
2019-11-22,11967.2998046875,11968.099609375,11883.5,11914.400390625,486800,-0.0045118811401312,-0.0045220903960493,0.0857894377076921,0.0,-0.6625281572684307
2019-11-25,11922.4501953125,12084.5,11919.75,12073.75,534300,0.0133745387220984,0.0132858891358918,0.094728122844552,0.0,-0.5540489444824827
2019-11-26,12110.2001953125,12132.4501953125,12006.349609375,12037.7001953125,1201300,-0.0029858001604721,-0.0029902665544935,0.0962099562086342,0.0,-0.5360655258527421
2019-11-27,12068.5,12114.900390625,12055.150390625,12100.7001953125,584200,0.005233557820665,0.0052199103527662,0.0783461959799625,0.0,-0.7528587809381302
2019-11-28,12132.099609375,12158.7998046875,12099.9501953125,12151.150390625,620500,0.0041691963686567,0.0041605293507918,0.0779736161355951,0.0,-0.7573803820011568
2019-11-29,12146.2001953125,12147.400390625,12017.400390625,12056.0498046875,804400,-0.0078264676907359,-0.0078572552326699,0.0841458517076634,0.0,-0.6824745937632005
2019-12-02,12137.0498046875,12137.150390625,12023.7001953125,12048.2001953125,720900,-0.0006510929783939,-0.0006513050314763,0.084277275453127,0.0,-0.6808796450396479
2019-12-03,12067.650390625,12068.599609375,11956.400390625,11994.2001953125,605800,-0.0044819972381442,-0.0044920715009142,0.0850423398006534,0.0,-0.6715948814665332
2019-12-04,11969.9501953125,12054.7001953125,11935.2998046875,12043.2001953125,747200,0.0040853078322928,0.0040769856204158,0.0856628725008751,0.0,-0.6640641431311592
2019-12-05,12071.25,12081.2001953125,11998.75,12018.400390625,562200,-0.002059237103536,-0.0020613602474655,0.0850485769266002,0.0,-0.6715191881735717
2019-12-06,12047.349609375,12057.0498046875,11888.849609375,11921.5,609200,-0.0080626695296811,-0.0080953486219982,0.0887799139424692,0.0,-0.6262359618463121
2019-12-09,11939.099609375,11981.9501953125,11888.0498046875,11937.5,599100,0.0013421129891373,0.0013412131605239,0.083299106058096,0.0,-0.6927506354951353
2019-12-10,11950.5,11953.2001953125,11844.7001953125,11856.7998046875,650200,-0.0067602257853403,-0.0067831796188954,0.0868062503588403,0.0,-0.6501881951533652
2019-12-11,11867.349609375,11923.2001953125,11832.2998046875,11910.150390625,997700,0.0044995771891509,0.0044894843560396,0.0854038431349689,0.0,-0.6672077040992122
2019-12-12,11944.2998046875,12005.5,11934.0,11971.7998046875,752600,0.0051762078597283,0.0051628573460297,0.0867715550314622,0.0,-0.6506092550456986
2019-12-13,12026.400390625,12098.849609375,12023.599609375,12086.7001953125,597700,0.0095975870378328,0.0095518227839611,0.092551965345868,0.0,-0.5804586287639011
2019-12-16,12131.349609375,12134.650390625,12046.2998046875,12053.9501953125,437700,-0.0027095898360001,-0.0027132674192033,0.0932096703728413,0.0,-0.5724767698574705
2019-12-17,12082.4501953125,12182.75,12070.349609375,12165.0,499600,0.0092127313360466,0.0091705529807056,0.0970387672958638,0.0,-0.5260071366249819
2019-12-18,12197.0,12237.7001953125,12163.4501953125,12221.650390625,518900,0.0046568344122481,0.0046460249046105,0.0968892095758039,0.0,-0.5278221579049304
2019-12-19,12223.400390625,12268.349609375,12191.150390625,12259.7001953125,623100,0.0031133114981498,0.0031084751792857,0.0962762057156647,0.0,-0.5352615268014175
2019-12-20,12266.4501953125,12293.900390625,12252.75,12271.7998046875,810700,0.0009869417018555,0.0009864549951019,0.093888100323131,0.0,-0.5642433948351918
2019-12-23,12235.4501953125,12287.150390625,12213.25,12262.75,604800,-0.0007374472230261,-0.000737719270985,0.0830684537094291,0.0,-0.6955498151090852
2019-12-24,12269.25,12283.7001953125,12202.099609375,12214.5498046875,470300,-0.0039306187692401,-0.0039383639534341,0.0837044180563312,0.0,-0.6878317994663388
2019-12-26,12211.849609375,12221.5498046875,12118.849609375,12126.5498046875,520300,-0.0072045225904461,-0.0072306004913641,0.0864667501488012,0.0,-0.6543083442538004
2019-12-27,12172.900390625,12258.4501953125,12157.900390625,12245.7998046875,383800,0.0098337946011572,0.009785757510884,0.092087470222651,0.0,-0.5860957067611683
2019-12-30,12274.900390625,12286.4501953125,12213.7998046875,12255.849609375,411100,0.0008206736062803,0.0008203370378256,0.0867811565727043,0.0,-0.6504927314609065
2019-12-31,12247.099609375,12247.099609375,12151.7998046875,12168.4501953125,426900,-0.0071312407420245,-0.007156789574995,0.0912054438431074,0.0,-0.5967999127874857
2020-01-01,12202.150390625,12222.2001953125,12165.2998046875,12182.5,304100,0.00115460921169,0.0011539431631088,0.0892913857205648,0.0,-0.6200287786867618
2020-01-02,12198.5498046875,12289.900390625,12195.25,12282.2001953125,407700,0.0081838863379848,0.0081505799340132,0.0924035969215838,0.0,-0.5822592168394641
2020-01-03,12261.099609375,12265.599609375,12191.349609375,12226.650390625,428800,-0.0045227893866035,-0.0045330481423355,0.0938880931484406,0.0,-0.5642434819066967
2020-01-06,12170.599609375,12179.099609375,11974.2001953125,11993.0498046875,396500,-0.0191058530729412,-0.0192907284731414,0.1142514537010167,0.0,-0.31711526465796924
2020-01-07,12079.099609375,12152.150390625,12005.349609375,12052.9501953125,447800,0.0049945920012428,0.0049821604032702,0.115416922734602,0.0,-0.3029712198287825
2020-01-08,11939.099609375,12044.9501953125,11929.599609375,12025.349609375,446000,-0.0022899444111396,-0.0022925703434345,0.1127378366358728,0.0,-0.3354844079013197
2020-01-09,12153.150390625,12224.0498046875,12132.5498046875,12215.900390625,477500,0.0158457581226116,0.0157215247601045,0.1242045000493603,0.0,-0.1963258402449667
2020-01-10,12271.0,12311.2001953125,12213.2001953125,12256.7998046875,660600,0.0033480474426501,0.003342455210374,0.1236139354775343,0.0,-0.20349288762051176
2020-01-13,12296.7001953125,12337.75,12285.7998046875,12329.5498046875,501000,0.0059354808073293,0.0059179352344971,0.1209935841969693,0.0,-0.23529327434251213
2020-01-14,12333.099609375,12374.25,12308.7001953125,12362.2998046875,616300,0.0026562202609821,0.0026526987425187,0.1203098643507571,0.0,-0.24359084714518092
2020-01-15,12349.400390625,12355.150390625,12278.75,12343.2998046875,684400,-0.0015369308543056,-0.0015381131440847,0.1169321642296151,0.0,-0.28458236262630504
2020-01-16,12347.099609375,12389.0498046875,12315.7998046875,12355.5,395700,0.0009884063018437,0.00098791814997,0.1160237246045608,0.0,-0.2956071178202295
2020-01-17,12328.400390625,12385.4501953125,12321.400390625,12352.349609375,502100,-0.0002549788049855,-0.0002550113176078,0.1156516281702541,0.0,-0.3001228522549956
2020-01-20,12430.5,12430.5,12216.900390625,12224.5498046875,491600,-0.0103461939411514,-0.010400087859252,0.1217566463959189,0.0,-0.22603280869444634
2020-01-21,12195.2998046875,12230.0498046875,12162.2998046875,12169.849609375,400,-0.0044746183856623,-0.0044846594550091,0.1227018000923098,0.0,-0.2145624942828313
2020-01-22,12218.349609375,12225.0498046875,12087.900390625,12106.900390625,500,-0.0051725551893021,-0.0051859791637364,0.1232602905956859,0.0,-0.2077846953977539
2020-01-23,12123.75,12189.0,12094.099609375,12180.349609375,867700,0.0060667236352978,0.0060483951593072,0.1225718538458862,0.0,-0.21613951218878616
2020-01-24,12174.5498046875,12272.150390625,12149.650390625,12248.25,593200,0.0055745847042631,0.0055591042118478,0.1190655864075122,0.0,-0.25869131099455894
2020-01-27,12197.099609375,12216.599609375,12107.0,12119.0,441200,-0.0105525279121506,-0.0106086006564749,0.1248069175700151,0.0,-0.18901494637092076
2020-01-28,12148.099609375,12163.5498046875,12024.5,12055.7998046875,478500,-0.0052149678449129,-0.0052286132506335,0.1236376838603224,0.0,-0.20320467902715067
2020-01-29,12114.900390625,12169.599609375,12103.7998046875,12129.5,514400,0.0061132563999481,0.0060946462552533,0.1257220379867246,0.0,-0.1779091135902542
2020-01-30,12147.75,12150.2998046875,12010.599609375,12035.7998046875,538100,-0.007724984155365,-0.0077549764050795,0.1243496179603176,0.0,-0.1945647001554838
2020-01-31,12100.400390625,12103.5498046875,11945.849609375,11962.099609375,771300,-0.0061234148547233,-0.0061422398476357,0.1250827719339967,0.0,-0.18566719848740992
2020-02-03,11627.4501953125,11749.849609375,11614.5,11707.900390625,669800,-0.0212503847193161,-0.0214794247492997,0.1294702304629068,0.0,-0.1324213306601024
2020-02-04,11786.25,11986.150390625,11783.400390625,11979.650390625,560400,0.0232108226866707,0.0229455485200191,0.1541936336518708,1.0,0.16762003719935148
2020-02-05,12005.849609375,12098.150390625,11953.349609375,12089.150390625,758000,0.0091405004678344,0.009098978920125,0.1575123831999411,1.0,0.2078961329445538
2020-02-06,12120.0,12160.599609375,12084.650390625,12137.9501953125,565100,0.0040366612301674,0.0040285357723643,0.147440111853289,0.0,0.08565980288906716
2020-02-07,12151.150390625,12154.7001953125,12073.9501953125,12098.349609375,473500,-0.0032625431230384,-0.0032678768209591,0.1471290113899759,0.0,0.08188431098608173
2020-02-10,12102.349609375,12103.5498046875,11990.75,12031.5,524700,-0.0055255147630383,-0.0055408368875527,0.1459616621821093,0.0,0.06771744850275302
2020-02-11,12108.400390625,12172.2998046875,12099.0,12107.900390625,480000,0.0063500303889789,0.0063299538920958,0.1478285816858852,0.0,0.09037424365814066
2020-02-12,12151.0,12231.75,12144.2998046875,12201.2001953125,411700,0.0077056964194832,0.0076761591804553,0.1510007763398484,1.0,0.12887176019406907
2020-02-13,12219.5498046875,12225.650390625,12139.7998046875,12174.650390625,501200,-0.0021759994314084,-0.0021783703582191,0.1509832864731783,0.0,0.12865950448318375
2020-02-14,12190.150390625,12246.7001953125,12091.2001953125,12113.4501953125,622800,-0.0050268544351488,-0.0050395315698233,0.1517339166888666,0.0,0.13776909651427954
2020-02-17,12131.7998046875,12159.599609375,12037.0,12045.7998046875,0,-0.0055847334602637,-0.0056003863896707,0.148706598611256,0.0,0.10102979124916188
2020-02-18,12028.25,12030.75,11908.0498046875,11992.5,676900,-0.0044247626186481,-0.0044345808537079,0.1486899627519892,0.0,0.10082789970810739
2020-02-19,12090.599609375,12134.7001953125,12042.099609375,12125.900390625,513600,0.011123651500938,0.0110622386930189,0.1533503764291204,1.0,0.15738633075377859
2020-02-20,12119.0,12152.0,12071.4501953125,12080.849609375,502600,-0.0037152524595064,-0.0037221711517002,0.1522231891616683,0.0,0.14370687056882106
2020-02-24,12012.5498046875,12012.5498046875,11813.400390625,11829.400390625,490800,-0.0208138687990014,-0.0210335307220503,0.1669475938992436,0.0,0.32240114273724096
2020-02-25,11877.5,11883.0498046875,11779.900390625,11797.900390625,461000,-0.0026628568617023,-0.0026664085715663,0.1637004101104916,0.0,0.28299356368262707
2020-02-26,11738.5498046875,11783.25,11639.599609375,11678.5,567600,-0.0101204779385897,-0.0101720381463894,0.1661785381610833,0.0,0.31306793994658394
2020-02-27,11661.25,11663.849609375,11536.7001953125,11633.2998046875,608600,-0.0038703767874727,-0.0038778860778288,0.1638157154034981,0.0,0.2843929000753833
2020-02-28,11382.0,11384.7998046875,11175.0498046875,11201.75,809900,-0.0370960786649383,-0.0378016423222764,0.2067057769767639,0.0,0.8049034723320061
2020-03-02,11387.349609375,11433.0,11036.25,11132.75,680800,-0.0061597518244916,-0.0061788013630017,0.2067118032349124,1.0,0.8049766065491739
2020-03-03,11217.5498046875,11342.25,11152.5498046875,11303.2998046875,696500,0.0153196474085468,0.0152034864709549,0.2056204954929999,1.0,0.7917325775966713
2020-03-04,11351.349609375,11356.599609375,11082.150390625,11251.0,797700,-0.0046269501465237,-0.0046376876143074,0.1838228503189904,1.0,0.5271979896947826
2020-03-05,11306.0498046875,11389.5,11244.599609375,11269.0,1352500,0.0015998577904186,0.0015985793812774,0.1790672974448076,1.0,0.4694849564852329
2020-03-06,10942.650390625,11035.099609375,10827.400390625,10989.4501953125,1811000,-0.0248069753028219,-0.0251198535301779,0.1921967354280646,0.0,0.6288228316803739
2020-03-09,10742.0498046875,10751.5498046875,10294.4501953125,10451.4501953125,1565500,-0.0489560433359516,-0.0501949959864756,0.2501356616019379,1.0,1.3319652966819855
2020-03-11,10334.2998046875,10545.099609375,10334.0,10458.400390625,1218500,0.0006649981756232,0.0006647771623133,0.2516850261264917,1.0,1.3507682684131401
2020-03-12,10039.9501953125,10040.75,9508.0,9590.150390625,1343500,-0.0830193880106471,-0.0866689498179394,0.373391406968739,1.0,2.827787783324901
2020-03-13,9107.599609375,10159.400390625,8555.150390625,9955.2001953125,1388000,0.0380650761268936,0.0373584765423917,0.4071163552618906,,3.237071227821871
2020-03-16,9587.7998046875,9602.2001953125,9165.099609375,9197.400390625,897700,-0.0761210010667908,-0.0791741694511037,0.4734075847313412,,4.041576619538227
2020-03-17,9285.400390625,9403.7998046875,8915.599609375,8967.0498046875,935600,-0.0250451840905282,-0.025364151715096,0.4737900660068591,,4.046218383627495
2020-03-18,9088.4501953125,9127.5498046875,8407.0498046875,8468.7998046875,1516600,-0.055564540272715,-0.0571679271151332,0.4950489139382107,,4.304214168580195
2020-03-19,8063.2998046875,8575.4501953125,7832.5498046875,8263.4501953125,925700,-0.0242477817531284,-0.0245465995477513,0.4930898418344276,,4.2804390163787875
2020-03-20,8284.4501953125,8883.0,8178.2001953125,8745.4501953125,1071500,0.0583291468584656,0.0566913879444369,0.5525395889503335,,5.001916691083265
2020-03-23,7945.7001953125,8159.25,7583.60009765625,7610.25,653500,-0.1298046607047124,-0.139037564610512,0.7005117649128956,,6.79769592671718
2020-03-24,7848.2998046875,8036.9501953125,7511.10009765625,7801.0498046875,738400,0.0250714240251634,0.0247622921384646,0.7208745619887814,,7.044817305655034
2020-03-25,7735.14990234375,8376.75,7714.75,8317.849609375,736900,0.0662474689466749,0.0641454460311805,0.779789197169394,,7.759800902024251
2020-03-26,8451.0,8749.0498046875,8304.900390625,8641.4501953125,865600,0.0389043564303894,0.0381666543961638,0.8042873034596131,,8.05710808360857
2020-03-27,8949.099609375,9038.900390625,8522.900390625,8660.25,801500,0.0021755381634551,0.0021731751069639,0.8056885997707263,,8.074114110600457
2020-03-30,8385.9501953125,8576.0,8244.0,8281.099609375,593300,-0.0437805364308189,-0.0447678278737022,0.8087051597364228,,8.1107228562258
2020-03-31,8529.349609375,8678.2998046875,8358.0,8597.75,712700,0.0382377227133605,0.0375247784776983,0.8297094887995391,,8.36562981927208
2020-04-01,8584.099609375,8588.099609375,8198.349609375,8253.7998046875,506300,-0.0400046750966822,-0.0408268644244904,0.828357187732135,,8.349218394885211
2020-04-03,8356.5498046875,8356.5498046875,8055.7998046875,8083.7998046875,697000,-0.0205965741867707,-0.0208116418506999,0.8274760386602648,,8.338524835799058
2020-04-07,8446.2998046875,8819.400390625,8360.9501953125,8792.2001953125,814200,0.0876321046711503,0.0840029521628222,0.899946154572283,,9.218016730219208
2020-04-08,8688.900390625,9131.7001953125,8653.900390625,8748.75,896500,-0.0049419024075071,-0.0049541539879532,0.8990149674824969,,9.206715913498424
2020-04-09,8973.0498046875,9128.349609375,8904.5498046875,9111.900390625,742100,0.0415088316188025,0.0406704613937413,0.9048506108429898,,9.27753684388732
2020-04-13,9103.9501953125,9112.0498046875,8912.400390625,8993.849609375,644000,-0.0129556707370791,-0.0130403274235616,0.9046471243294096,,9.275067346811658
2020-04-15,9196.400390625,9261.2001953125,8874.099609375,8925.2998046875,879100,-0.0076218535626885,-0.0076510483286485,0.8551063622091428,,8.673844371246556
2020-04-16,8851.25,9053.75,8821.900390625,8992.7998046875,719400,0.0075627711647903,0.0075343167835424,0.8426251437601128,,8.522373239728902
2020-04-17,9323.4501953125,9324.0,9091.349609375,9266.75,684200,0.0304632818768748,0.0300084893471159,0.8035157665992532,,8.04774477010488
2020-04-20,9390.2001953125,9390.849609375,9230.7998046875,9261.849609375,726400,-0.0005288143766692,-0.0005289542483047,0.7977794891315957,,7.978129736743066
2020-04-21,9016.9501953125,9044.400390625,8909.400390625,8981.4501953125,655100,-0.0302746671440956,-0.0307424095868608,0.7772026641296038,,7.728410930937313
2020-04-22,9026.75,9209.75,8946.25,9187.2998046875,734400,0.0229194177887257,0.0226607133769272,0.7731141378135437,,7.678792882037491
2020-04-23,9232.349609375,9343.599609375,9170.150390625,9313.900390625,666700,0.0137799558770148,0.0136858755813272,0.7499210232997583,,7.397322982831081
2020-04-24,9163.900390625,9296.900390625,9141.2998046875,9154.400390625,659400,-0.0171249415723349,-0.0172732692247864,0.5384609995335461,,4.83105998523825
2020-04-27,9259.7001953125,9377.099609375,9250.349609375,9282.2998046875,512800,0.0139713589754586,0.0138746591837446,0.5356771404010483,,4.79727527948158
2020-04-28,9389.7998046875,9404.400390625,9260.0,9380.900390625,614500,0.0106224306488902,0.010566409007242,0.494275541952276,,4.294828584130089
2020-04-29,9408.599609375,9599.849609375,9392.349609375,9553.349609375,653000,0.0183830135241964,0.0182160885502695,0.4819829333399824,,4.145646407453059
2020-04-30,9753.5,9889.0498046875,9731.5,9859.900390625,931200,0.032088303452139,0.0315842287594642,0.4909060415748142,,4.253936580123623
2020-05-04,9533.5,9533.5,9266.9501953125,9293.5,687500,-0.057444839013135,-0.0591608351265545,0.5129985915704575,,4.522050110835086
2020-05-05,9429.400390625,9450.900390625,9190.75,9205.599609375,725200,-0.0094582655216011,-0.0095032789725698,0.501414932405227,,4.381471691505467
2020-05-06,9226.7998046875,9346.900390625,9116.5,9270.900390625,722200,0.0070935934671216,0.0070685522845568,0.4734041018169124,,4.041534351149795
2020-05-07,9234.0498046875,9277.849609375,9175.900390625,9199.0498046875,708700,-0.0077501195040513,-0.007780307756411,0.4658847633090247,,3.950280222660236
2020-05-08,9376.9501953125,9382.650390625,9238.2001953125,9251.5,609100,0.0057016970693835,0.0056855039177872,0.3650243896235767,1.0,2.726246288007344
2020-05-11,9348.150390625,9439.900390625,9219.9501953125,9239.2001953125,704600,-0.0013294930214019,-0.0013303775813467,0.3642626883545077,1.0,2.717002338502295
2020-05-12,9168.849609375,9240.849609375,9043.9501953125,9196.5498046875,805500,-0.0046162427183511,-0.0046269304709594,0.3360790039231887,1.0,2.3749672568648754
2020-05-13,9584.2001953125,9584.5,9351.099609375,9383.5498046875,846400,0.0203337125303977,0.0201297429354734,0.3390155673856108,1.0,2.4106051709229415
2020-05-14,9213.9501953125,9281.099609375,9119.75,9142.75,602600,-0.0256619093732747,-0.0259969199371075,0.3520338509569203,1.0,2.568594084506713
2020-05-15,9182.400390625,9182.400390625,9050.0,9136.849609375,575900,-0.0006453627874545,-0.000645571123658,0.3512794390525279,1.0,2.5594385981849754
2020-05-18,9158.2998046875,9158.2998046875,8806.75,8823.25,773000,-0.0343225097032598,-0.0349253614900618,0.3552523921069231,1.0,2.6076540586444903
2020-05-19,8961.7001953125,9030.349609375,8855.2998046875,8879.099609375,762200,0.0063298228402233,0.0063098736505969,0.3565703835463097,1.0,2.623649103957553
2020-05-20,8889.150390625,9093.7998046875,8875.349609375,9066.5498046875,622300,0.021111396826158,0.0208916388393265,0.3485950853227835,1.0,2.526861482537294
2020-05-21,9079.4501953125,9178.5498046875,9056.099609375,9106.25,631500,0.0043787544510012,0.0043691955994809,0.3390691596555414,1.0,2.4112555626935963
2020-05-22,9067.900390625,9149.599609375,8968.5498046875,9039.25,675800,-0.0073575840768702,-0.0073847846008156,0.3356559416858283,1.0,2.3698330052645957
2020-05-26,9099.75,9161.650390625,8996.650390625,9029.0498046875,655000,-0.0011284338094974,-0.0011290709703029,0.3304430531034833,1.0,2.3065697801822216
2020-05-27,9082.2001953125,9334.0,9004.25,9314.9501953125,763500,0.0316645047717616,0.0311735219299972,0.3458991806685826,1.0,2.4941441857362543
2020-05-28,9364.9501953125,9511.25,9336.5,9490.099609375,837900,0.0188030435364687,0.0186284514925432,0.3502675356960615,1.0,2.5471582149021725
2020-05-29,9422.2001953125,9598.849609375,9376.900390625,9580.2998046875,967000,0.0095046626511057,0.009459777532853,0.3457697721876393,1.0,2.4925736941118584
2020-06-01,9726.849609375,9931.599609375,9706.9501953125,9826.150390625,794200,0.0256620973194605,0.0253383526597206,0.3388786396319784,1.0,2.4089434259688276
2020-06-02,9880.849609375,9995.599609375,9824.0498046875,9979.099609375,770200,0.0155655279707429,0.015445627746472,0.2612084371891519,1.0,1.4663436712041245
2020-06-03,10108.2998046875,10176.2001953125,10035.5498046875,10061.5498046875,794700,0.0082622880359908,0.0082283421862785,0.2569972205924269,1.0,1.4152366622548949
2020-06-04,10054.25,10123.849609375,9944.25,10029.099609375,775100,-0.0032251686810099,-0.0032303807470656,0.2582003474945408,1.0,1.4298377201537482
2020-06-05,10093.7998046875,10177.7998046875,10040.75,10142.150390625,987100,0.0112722762414605,0.0112092175696585,0.2555621337185898,1.0,1.3978205555266985
2020-06-08,10326.75,10328.5,10120.25,10167.4501953125,936500,0.0024945207587225,0.0024914146063167,0.2556800795600158,1.0,1.399251937417141
2020-06-09,10181.150390625,10291.150390625,10021.4501953125,10046.650390625,754200,-0.0118810323499978,-0.0119521758820678,0.2617225368162727,1.0,1.472582745742464
2020-06-10,10072.599609375,10148.75,10036.849609375,10116.150390625,632400,0.0069177285262014,0.0068939108220717,0.2597630158644907,1.0,1.4488021463553868
2020-06-11,10094.099609375,10112.0498046875,9885.0498046875,9902.0,715500,-0.021169158460066,-0.0213964383678064,0.2688494026487265,1.0,1.5590738552623196
2020-06-12,9544.9501953125,9996.0498046875,9544.349609375,9972.900390625,796300,0.0071602091117954,0.0071346965257769,0.2467797252779753,1.0,1.291237905012038
2020-06-15,9919.349609375,9943.349609375,9726.349609375,9813.7001953125,716100,-0.0159632793948444,-0.016092064938005,0.2568103553189805,1.0,1.412968879303585
2020-06-16,10014.7998046875,10046.150390625,9728.5,9914.0,899900,0.010220386061458,0.0101685110713787,0.2133591957981924,1.0,0.8856488644151781
2020-06-17,9876.7001953125,10003.599609375,9833.7998046875,9881.150390625,685400,-0.0033134566648174,-0.0033189583187083,0.2157944359021056,1.0,0.9152027557730825
2020-06-18,9863.25,10111.2001953125,9845.0498046875,10091.650390625,622900,0.0213031875518985,0.0210794466700883,0.2159748291831486,1.0,0.9173919951097187
2020-06-19,10119.0,10272.400390625,10072.650390625,10244.400390625,892100,0.0151362754442923,0.0150228650029494,0.2186239007149419,1.0,0.9495409286477843
2020-06-22,10318.75,10393.650390625,10277.599609375,10311.2001953125,685400,0.0065206163504338,0.0064994490975027,0.212924430770534,1.0,0.8803725886290714
2020-06-23,10347.9501953125,10484.7001953125,10301.75,10471.0,669200,0.0154976919912916,0.0153788292551106,0.2130575076560913,1.0,0.8819875997368833
2020-06-24,10529.25,10553.150390625,10281.9501953125,10305.2998046875,854800,-0.0158246772335498,-0.0159512242577638,0.208966513003107,1.0,0.8323395952851729
2020-06-25,10235.5498046875,10361.7998046875,10194.5,10288.900390625,994200,-0.0015913572989929,-0.0015926248529521,0.2038055374397727,1.0,0.7697063827101638
2020-06-26,10378.900390625,10409.849609375,10311.25,10383.0,671900,0.0091457401473864,0.0091041711267076,0.2036840049737135,1.0,0.7682314738120226
2020-06-29,10311.9501953125,10337.9501953125,10223.599609375,10312.400390625,574500,-0.0067995386087835,-0.0068227607980759,0.1906184640784574,1.0,0.609669048887198
2020-06-30,10382.599609375,10401.0498046875,10267.349609375,10302.099609375,556200,-0.0009988732845714,-0.0009993724909477,0.1845497921054838,1.0,0.5360201007248303
2020-07-01,10323.7998046875,10447.0498046875,10299.599609375,10430.0498046875,573600,0.0124198173347171,0.0123433241068104,0.1870729629009704,1.0,0.566641112364472
2020-07-02,10493.0498046875,10598.2001953125,10485.5498046875,10551.7001953125,597400,0.0116634525148986,0.0115959587525375,0.1891777834119784,1.0,0.5921850563108048
2020-07-03,10614.9501953125,10631.2998046875,10562.650390625,10607.349609375,525200,0.0052739760448483,0.0052601173388212,0.1867245853341649,1.0,0.5624132283277578
2020-07-06,10723.849609375,10811.400390625,10695.099609375,10763.650390625,571200,0.014735139974255,0.014627632603289,0.1918386740112489,1.0,0.6244774251658278
2020-07-07,10802.849609375,10813.7998046875,10689.7001953125,10799.650390625,636800,0.0033445902359812,0.0033390095340367,0.1836967912231492,1.0,0.5256681459569187
2020-07-08,10818.650390625,10847.849609375,10676.5498046875,10705.75,767900,-0.008694762073642,-0.0087327820609896,0.1883126419778168,1.0,0.5816857647159644
2020-07-09,10755.5498046875,10836.849609375,10733.0,10813.4501953125,618700,0.0100600327219018,0.0100097674252966,0.1664477141253535,1.0,0.31633463927180344
2020-07-10,10764.099609375,10819.400390625,10713.0,10768.0498046875,590700,-0.0041985110954393,-0.0042073495908376,0.16883061003132,1.0,0.34525328536709604
2020-07-13,10851.849609375,10894.0498046875,10756.0498046875,10802.7001953125,554100,0.0032178891492418,0.0032127228240942,0.1516404396230641,0.0,0.13663466585064854
2020-07-14,10750.849609375,10755.650390625,10562.900390625,10607.349609375,532400,-0.0180834960154004,-0.0182490007348894,0.1706569623821117,0.0,0.367417760594741
2020-07-15,10701.0,10827.4501953125,10577.75,10618.2001953125,715900,0.0010229309240368,0.0010224080867197,0.1690852631822936,1.0,0.3483437369187639
2020-07-16,10706.2001953125,10755.2998046875,10595.2001953125,10739.9501953125,694400,0.0114661616621005,0.0114009234448232,0.159002383610241,1.0,0.22597866623499852
2020-07-17,10752.0,10933.4501953125,10749.650390625,10901.7001953125,676900,0.0150605912558696,0.0149483065306169,0.1589285165328916,1.0,0.22508222092128935
2020-07-20,10999.4501953125,11037.900390625,10953.0,11022.2001953125,554300,0.0110533217609316,0.0109926802508403,0.1609866933053245,1.0,0.2500600999526428
2020-07-21,11126.099609375,11179.5498046875,11113.25,11162.25,772000,0.0127061568657644,0.0126261109917779,0.1585329208184645,1.0,0.220281300984465
2020-07-22,11231.2001953125,11238.099609375,11056.5498046875,11132.599609375,765100,-0.0026563094918139,-0.0026598437419676,0.1435538534029662,0.0,0.038496461646033465
2020-07-23,11135.0,11239.7998046875,11103.150390625,11215.4501953125,621600,0.0074421598588463,0.0074146036213252,0.14257254015563,0.0,0.026587317634630438
2020-07-24,11149.9501953125,11225.400390625,11090.2998046875,11194.150390625,678900,-0.0018991484351116,-0.0019009541040186,0.1430167768319048,0.0,0.031978540638360205
2020-07-27,11225.0,11225.0,11087.849609375,11131.7998046875,588100,-0.0055699256988469,-0.0055854955772852,0.141865162841724,0.0,0.018002639577370062
2020-07-28,11154.099609375,11317.75,11151.400390625,11300.5498046875,683900,0.0151592736988444,0.0150455200834502,0.1460034851813589,1.0,0.06822500928663552
2020-07-29,11276.900390625,11341.400390625,11149.75,11202.849609375,600700,-0.0086456143286032,-0.0086832044688866,0.1502758242597762,0.0,0.12007379609200268
2020-07-30,11254.2998046875,11299.9501953125,11084.9501953125,11102.150390625,677800,-0.0089887146807479,-0.0090293569074517,0.1534728242887355,0.0,0.15887234879949716
2020-07-31,11139.5,11150.400390625,11026.650390625,11073.4501953125,642600,-0.0025851023723058,-0.002588449519166,0.1541567263521379,0.0,0.16717213297632755
2020-08-03,11057.5498046875,11058.0498046875,10882.25,10891.599609375,680900,-0.0164222155452939,-0.0165585548501213,0.1603020193461878,0.0,0.24175094810704142
2020-08-04,10946.650390625,11112.25,10908.099609375,11095.25,625700,0.0186979321613793,0.0185252747319563,0.1723648405225702,1.0,0.38814444168649176
2020-08-05,11155.75,11225.650390625,11064.0498046875,11101.650390625,667600,0.0005768586219327,0.0005766923029565,0.1682607781010358,1.0,0.338337847775204
2020-08-06,11185.7001953125,11256.7998046875,11127.2998046875,11200.150390625,600400,0.0088725546683743,0.0088334248392406,0.1675512914358665,1.0,0.3297275707891271
2020-08-07,11186.650390625,11231.900390625,11142.0498046875,11214.0498046875,452600,0.001241002448872,0.0012402330418245,0.1660888505544517,1.0,0.31197949787539686
2020-08-10,11270.25,11337.2998046875,11238.0,11270.150390625,492000,0.005002705259437,0.004990233307851,0.166376442093671,1.0,0.3154696872377855
2020-08-11,11322.25,11373.599609375,11299.150390625,11322.5,586100,0.0046449787767293,0.0046342241532836,0.1480406603526512,0.0,0.09294801446080614
2020-08-12,11289.0,11322.0,11242.650390625,11308.400390625,609900,-0.0012452735151247,-0.0012460495124746,0.1487133303804637,0.0,0.10111148749565953
2020-08-13,11334.849609375,11359.2998046875,11269.9501953125,11300.4501953125,562400,-0.000703034473301,-0.0007032817179241,0.1459867003293001,0.0,0.06802130958022609
2020-08-14,11353.2998046875,11366.25,11111.4501953125,11178.400390625,645100,-0.0108004373788689,-0.0108591854891072,0.1456436439383833,0.0,0.06385800293522698
2020-08-17,11248.900390625,11267.099609375,11144.5,11247.099609375,634000,0.0061457110453491,0.0061269031823474,0.1423141037625996,0.0,0.023450952940949357
2020-08-18,11259.7998046875,11401.7001953125,11253.150390625,11385.349609375,579200,0.0122920579350753,0.0122171240273108,0.1418780775200431,0.0,0.018159371145379143
2020-08-19,11452.150390625,11460.349609375,11394.099609375,11408.400390625,626200,0.0020246002135075,0.0020225534725844,0.1412528572496302,0.0,0.010571744809540057
2020-08-20,11317.4501953125,11361.4501953125,11289.7998046875,11312.2001953125,791600,-0.008432399987605,-0.0084681538079335,0.1432568946627598,0.0,0.03489259263462149
2020-08-21,11409.650390625,11418.5,11362.2001953125,11371.599609375,668700,0.0052509160938571,0.0052371781043135,0.1439558332524956,0.0,0.04337485896791111
2020-08-24,11412.0,11497.25,11410.650390625,11466.4501953125,532900,0.0083410064718865,0.0083064125099262,0.1442457984001244,0.0,0.04689385426403366
2020-08-25,11513.099609375,11525.900390625,11423.349609375,11472.25,638200,0.0005058064691958,0.0005056785922225,0.1350514387379442,0.0,-0.06468820539609221
2020-08-26,11512.849609375,11561.75,11461.849609375,11549.599609375,743400,0.0067423225064831,0.0067196947024521,0.1318042680459858,0.0,-0.10409562550900076
2020-08-27,11609.2998046875,11617.349609375,11540.599609375,11559.25,719800,0.0008355606212675,0.0008352117348219,0.1258448633269127,0.0,-0.17641851446859733
2020-08-28,11602.9501953125,11686.0498046875,11589.400390625,11647.599609375,807000,0.0076431956549949,0.0076141344216117,0.1261031168257095,0.0,-0.17328436936562586
2020-08-31,11777.5498046875,11794.25,11325.849609375,11387.5,1371800,-0.0223307478019462,-0.0225838540823065,0.1393195328683597,0.0,-0.012890934961477835
2020-09-01,11464.2998046875,11553.5498046875,11366.900390625,11470.25,783800,0.0072667398463226,0.0072404643072113,0.1270254816817839,0.0,-0.16209061861186272
2020-09-02,11478.5498046875,11554.75,11430.400390625,11535.0,593500,0.0056450382511279,0.0056291647324288,0.1277171285559083,0.0,-0.15369684399265357
2020-09-03,11566.2001953125,11584.9501953125,11507.650390625,11527.4501953125,607100,-0.0006545127600779,-0.000654727047062,0.1253180445250656,0.0,-0.18281194795799818
2020-09-04,11354.400390625,11452.0498046875,11303.650390625,11333.849609375,681300,-0.0167947449485598,-0.0169373758997622,0.1412954112316165,0.0,0.011088176745121777
2020-09-07,11359.599609375,11381.150390625,11251.7001953125,11355.0498046875,560300,0.0018705202595032,0.0018687730149809,0.1404206520918955,0.0,0.0004721653965461607
2020-09-08,11378.5498046875,11437.25,11290.4501953125,11317.349609375,572200,-0.0033201259317187,-0.0033256497797895,0.1400607844114265,0.0,-0.003895161798300765
2020-09-09,11218.599609375,11298.150390625,11185.150390625,11278.0,728900,-0.0034769279675166,-0.0034829865290936,0.1405441572297754,0.0,0.0019710144920338036
2020-09-10,11363.2998046875,11464.0498046875,11327.400390625,11449.25,679400,0.0151844298634509,0.0150703002864904,0.1504980655153805,1.0,0.12277089931103208
2020-09-11,11447.7998046875,11493.5,11419.900390625,11464.4501953125,554800,0.0013276149365679,0.0013267344350831,0.1442188943521261,0.0,0.046567348754227154
2020-09-14,11540.150390625,11568.900390625,11383.5498046875,11440.0498046875,642300,-0.0021283524468515,-0.0021306206077892,0.1435023601754057,0.0,0.03787154369624076
2020-09-15,11487.2001953125,11535.9501953125,11442.25,11521.7998046875,506700,0.0071459479106903,0.007120536611649,0.1392247086768033,0.0,-0.014041714242278869
2020-09-16,11538.4501953125,11618.099609375,11516.75,11604.5498046875,527800,0.0071820376506051,0.0071563696439827,0.1411025167844421,0.0,0.008747224193389856
2020-09-17,11539.400390625,11587.2001953125,11498.5,11516.099609375,0,-0.0076220272911209,-0.0076512233913988,0.1404149283650982,0.0,0.00040270267717899426
2020-09-18,11584.099609375,11584.099609375,11446.099609375,11504.9501953125,764200,-0.0009681588767627,-0.0009686278452831,0.1395940974936625,0.0,-0.009558839249895559
2020-09-21,11503.7998046875,11535.25,11218.5,11250.5498046875,602900,-0.0221122548386738,-0.0223603955336918,0.1582824527189218,0.0,0.2172416389032553
2020-09-22,11301.75,11302.2001953125,11084.650390625,11153.650390625,672200,-0.0086128603263573,-0.0086501653643637,0.1604865802745262,0.0,0.24399076569885195
2020-09-23,11258.75,11259.5498046875,11024.400390625,11131.849609375,714900,-0.0019545871070447,-0.0019564998051874,0.1575874590180663,0.0,0.20880724744571244
2020-09-24,11011.0,11015.2998046875,10790.2001953125,10805.5498046875,706100,-0.0293122720965164,-0.0297504608662972,0.1856038539312013,0.0,0.5488121160303074
2020-09-25,10910.400390625,11072.599609375,10854.849609375,11050.25,559600,0.0226457884823545,0.0223931791940379,0.2037340087154075,1.0,0.7688383154729901
2020-09-28,11140.849609375,11239.349609375,11099.849609375,11227.5498046875,472800,0.0160448681873712,0.0159175097829387,0.199521339640715,1.0,0.7177136793600228
2020-09-29,11288.599609375,11305.400390625,11181.0,11222.400390625,498300,-0.0004586409458945,-0.0004587461538228,0.1973131610258839,1.0,0.6909153892133142
2020-09-30,11244.4501953125,11295.400390625,11184.5498046875,11247.5498046875,499300,0.0022410013176423,0.0022384940193966,0.196144855092531,1.0,0.6767369159811989
2020-10-01,11364.4501953125,11428.599609375,11347.0498046875,11416.9501953125,447700,0.0150610927327836,0.0149488005669281,0.2044303999958028,1.0,0.7772896678510667
2020-10-05,11487.7998046875,11578.0498046875,11452.2998046875,11503.349609375,530600,0.0075676439490797,0.0075391529809943,0.1966117476938992,1.0,0.6824030895935964
2020-10-06,11603.4501953125,11680.2998046875,11564.2998046875,11662.400390625,561400,0.0138264754746197,0.013731761801546,0.2019502110886045,1.0,0.747190281185812
2020-10-07,11679.25,11763.0498046875,11629.349609375,11738.849609375,513400,0.0065551872847253,0.0065337954785306,0.2019645943550831,1.0,0.7473648354296408
2020-10-08,11835.400390625,11905.7001953125,11791.150390625,11834.599609375,608800,0.0081566766068399,0.0081235907124039,0.2021183443171727,1.0,0.7492307334446155
2020-10-09,11852.0498046875,11938.599609375,11805.2001953125,11914.2001953125,611100,0.0067260903253916,0.0067035711010205,0.1972910286990091,1.0,0.690646792953379
2020-10-12,11973.5498046875,12022.0498046875,11867.2001953125,11930.9501953125,522600,0.0014058853909966,0.0014048980594053,0.1972877367573363,1.0,0.6906068421959985
2020-10-13,11934.650390625,11988.2001953125,11888.900390625,11934.5,458300,0.0002975290843887,0.0002974848313881,0.1968020822604631,1.0,0.6847129756261257
2020-10-14,11917.400390625,11997.2001953125,11822.150390625,11971.0498046875,569200,0.0030625333853533,0.0030578533826602,0.1959583144104085,1.0,0.6744730722458652
2020-10-15,12023.4501953125,12025.4501953125,11661.2998046875,11680.349609375,608900,-0.0242836008583533,-0.0245833094439902,0.2160509197408456,1.0,0.9183154244142566
2020-10-16,11727.400390625,11789.75,11667.849609375,11762.4501953125,555800,0.007028949362235,0.0070043614485633,0.215135474385227,1.0,0.9072056481993467
2020-10-19,11879.2001953125,11898.25,11820.400390625,11873.0498046875,541400,0.0094027696218492,0.0093588387501093,0.2169605160354853,1.0,0.9293542168635669
2020-10-20,11861.0,11949.25,11837.25,11896.7998046875,453600,0.0020003285078973,0.0019983305148122,0.1976928356889955,1.0,0.6955230924648002
2020-10-21,11958.5498046875,12018.650390625,11775.75,11937.650390625,623700,0.0034337457642519,0.0034278639199247,0.1930140552567059,1.0,0.63874176385528
2020-10-22,11890.0,11939.5498046875,11823.4501953125,11896.4501953125,544900,-0.0034512817819539,-0.0034572511936285,0.1936385927723588,1.0,0.6463211043305299
2020-10-23,11957.900390625,11974.5498046875,11908.75,11930.349609375,502300,0.0028495402835257,0.002845488039808,0.1492905877651995,0.0,0.1081170398461714
2020-10-26,11937.400390625,11942.849609375,11711.7001953125,11767.75,519800,-0.0136290733045432,-0.0137228017193982,0.1483674953298965,0.0,0.09691445924542874
2020-10-27,11807.099609375,11899.0498046875,11723.0,11889.400390625,616300,0.0103376083469652,0.0102845406889033,0.1431932101721342,0.0,0.03411972243011583
2020-10-28,11922.599609375,11929.400390625,11684.849609375,11729.599609375,704000,-0.0134406089457635,-0.0135317515260312,0.1543045032802786,0.0,0.16896554269903083
2020-10-29,11633.2998046875,11744.150390625,11606.4501953125,11670.7998046875,555000,-0.0050129421843609,-0.0050255491286022,0.1564265984519982,0.0,0.19471913063286786
2020-10-30,11678.4501953125,11748.9501953125,11535.4501953125,11642.400390625,553700,-0.0024333734223676,-0.0024363388871728,0.1491155960716924,0.0,0.10599335377097326
2020-11-02,11697.349609375,11725.650390625,11557.400390625,11669.150390625,568400,0.0022976361491175,0.0022950006194009,0.1472047149074315,0.0,0.0828030431992624
2020-11-03,11734.4501953125,11836.2001953125,11723.2998046875,11813.5,674300,0.0123701901631991,0.0122943045330826,0.1455985855734804,1.0,0.06331117799629578
2020-11-04,11783.349609375,11929.650390625,11756.400390625,11908.5,667300,0.008041647267956,0.0080094855297475,0.1464819248771991,0.0,0.07403131757198671
2020-11-05,12062.400390625,12131.099609375,12027.599609375,12120.2998046875,632500,0.0177855989156905,0.0176292858444438,0.156406327764206,1.0,0.19447312708529238
2020-11-06,12156.650390625,12280.400390625,12131.849609375,12263.5498046875,576800,0.0118190145712895,0.0117497155151759,0.1597543095372968,1.0,0.23510398292212512
2020-11-09,12399.400390625,12474.0498046875,12367.349609375,12461.0498046875,553400,0.0161046355374614,0.0159763315871394,0.1678727088249184,1.0,0.3336282681295318
2020-11-10,12556.400390625,12643.900390625,12475.25,12631.099609375,847500,0.0136465071043638,0.0135542320664769,0.1724408550759869,1.0,0.389066948608781
2020-11-11,12680.599609375,12769.75,12571.099609375,12749.150390625,880500,0.0093460415087203,0.0093026374903675,0.1739652080630389,1.0,0.40756638219565416
2020-11-12,12702.150390625,12741.150390625,12624.849609375,12690.7998046875,622000,-0.0045768215253314,-0.0045873272404132,0.1435001016670319,0.0,0.037844134607911625
2020-11-13,12659.7001953125,12735.9501953125,12607.7001953125,12719.9501953125,513900,0.0022969703307613,0.0022943363271255,0.1432305408284855,0.0,0.03457276447732595
2020-11-17,12932.5,12934.0498046875,12797.099609375,12874.2001953125,707700,0.0121266198083733,0.0120536814263418,0.1448992242535534,1.0,0.054823781441093365
2020-11-18,12860.099609375,12948.849609375,12819.349609375,12938.25,731300,0.0049750511655721,0.0049627164920273,0.1447251094264798,0.0,0.05271073695120304
2020-11-19,12839.5,12963.0,12745.75,12771.7001953125,768800,-0.0128726686134137,-0.0129562393724881,0.1570397905635852,0.0,0.20216078413481442
2020-11-20,12813.400390625,12892.4501953125,12730.25,12859.0498046875,664000,0.0068393094137191,0.0068160274319264,0.1553349958761033,1.0,0.18147152359725535
2020-11-23,12960.2998046875,12968.849609375,12825.7001953125,12926.4501953125,633100,0.005241475198302,0.0052277864790618,0.1553526287549118,1.0,0.18168551489273205
2020-11-24,13002.599609375,13079.099609375,12978.0,13055.150390625,571900,0.0099563448098976,0.0099071069585315,0.1416159210163881,0.0,0.014977859468013655
2020-11-25,13130.0,13145.849609375,12833.650390625,12858.400390625,679000,-0.0150706804680923,-0.0151853972050902,0.1574407685643188,0.0,0.2070270230948037
2020-11-26,12906.4501953125,13018.0,12790.400390625,12987.0,549800,0.0100012136399767,0.0099515324761854,0.1444523221705407,0.0,0.049400211260988626
2020-11-27,13012.0498046875,13035.2998046875,12914.2998046875,12968.9501953125,1162400,-0.0013898363507738,-0.0013908030691388,0.1416244012539553,0.0,0.015080774995459243
2020-12-01,13062.2001953125,13128.400390625,12962.7998046875,13109.0498046875,583600,0.0108026946873185,0.0107447624239941,0.1398246472060138,0.0,-0.006760905222578088
2020-12-02,13121.400390625,13128.5,12983.5498046875,13113.75,717700,0.0003585458429504,0.0003584815807498,0.1406592864233974,0.0,0.003368213755860069
2020-12-03,13215.2998046875,13216.599609375,13107.900390625,13133.900390625,713700,0.00153658492994,0.0015354055912646,0.1392848457412269,0.0,-0.013311895336248923
2020-12-04,13177.400390625,13280.0498046875,13152.849609375,13258.5498046875,640500,0.0094906623588735,0.0094459089596483,0.1397483226036646,0.0,-0.007687174875471569
2020-12-07,13264.849609375,13366.650390625,13241.9501953125,13355.75,591700,0.0073311332494399,0.0073043911126538,0.1323445205203009,0.0,-0.09753916197750297
2020-12-08,13393.849609375,13435.4501953125,13311.0498046875,13392.9501953125,543200,0.0027853318093331,0.0027814599606117,0.1299532817737315,0.0,-0.12655905616098148
2020-12-09,13458.099609375,13548.900390625,13449.599609375,13529.099609375,502600,0.0101657522858669,0.0101144285625281,0.1245853593588102,0.0,-0.19170376021431934
2020-12-10,13488.5,13503.5498046875,13399.2998046875,13478.2998046875,553400,-0.0037548548058806,-0.0037619219695161,0.1223207408022744,0.0,-0.21918700126287402
2020-12-11,13512.2998046875,13579.349609375,13402.849609375,13513.849609375,787700,0.0026375585350264,0.0026340862816878,0.1202135595999263,0.0,-0.24475959438235484
2020-12-14,13571.4501953125,13597.5,13472.4501953125,13558.150390625,558400,0.0032781762806703,0.0032728147749187,0.1169017880118176,0.0,-0.2849510061285243
2020-12-15,13547.2001953125,13589.650390625,13447.0498046875,13567.849609375,497600,0.0007153791977927,0.0007151234360649,0.1172169394176144,0.0,-0.2811263522912116
2020-12-16,13663.099609375,13692.349609375,13606.4501953125,13682.7001953125,462200,0.008464907059269,0.0084292806418641,0.1142657938924435,0.0,-0.3169412331697402
2020-12-17,13713.5498046875,13773.25,13673.5498046875,13740.7001953125,416000,0.0042389293905504,0.0042299704380164,0.1141322426120399,0.0,-0.31856200149784664
2020-12-18,13764.400390625,13772.849609375,13658.599609375,13760.5498046875,519400,0.0014445849987885,0.0014435425896574,0.0976762169558011,0.0,-0.5182710953345779
2020-12-21,13741.900390625,13777.5,13131.4501953125,13328.400390625,687300,-0.0314049525779333,-0.0319086621563026,0.1589473115779557,0.0,0.22531031617932906
2020-12-22,13373.650390625,13492.0498046875,13192.900390625,13466.2998046875,696200,0.0103462838766079,0.0102931274150866,0.1613974009169277,1.0,0.2550444167408234
2020-12-23,13473.5,13619.4501953125,13432.2001953125,13601.099609375,458700,0.0100101591857162,0.0099603894022997,0.1614319298003801,1.0,0.2554634566821508
2020-12-24,13672.150390625,13771.75,13626.900390625,13749.25,471400,0.0108925303747413,0.010833634066335,0.1506511419809164,1.0,0.1246286238223154
2020-12-28,13815.150390625,13885.2998046875,13811.5498046875,13873.2001953125,403600,0.0090150513891666,0.0089746583951646,0.1501223134163035,1.0,0.11821080000263871
2020-12-29,13910.349609375,13967.599609375,13859.900390625,13932.599609375,439600,0.0042815942411449,0.0042724542962582,0.1491176348848935,0.0,0.10601809665515438
2020-12-30,13980.900390625,13997.0,13864.9501953125,13981.9501953125,380700,0.0035420946069744,0.0035358361641822,0.1467020249424716,0.0,0.07670243546565068
2020-12-31,13970.0,14024.849609375,13936.4501953125,13981.75,452400,-1.4318125132972703e-05,-1.4318227638304822e-05,0.146804511800375,0.0,0.07794620829085298
2021-01-01,13996.099609375,14049.849609375,13991.349609375,14018.5,358100,0.0026284263414808,0.0026249780699946,0.1466911038122638,0.0,0.0765698974480861
2021-01-04,14104.349609375,14147.9501953125,13953.75,14132.900390625,495000,0.0081606727271106,0.0081275544934744,0.1460267736104713,0.0,0.06850763591666631
2021-01-05,14075.150390625,14215.599609375,14048.150390625,14199.5,492500,0.0047123808655142,0.0047013123578649,0.1453454997266563,0.0,0.060239747130302924
2021-01-06,14240.9501953125,14244.150390625,14039.900390625,14146.25,632300,-0.0037501320469031,-0.0037571814216639,0.1473527821198478,0.0,0.08459997579017516
2021-01-07,14253.75,14256.25,14123.099609375,14137.349609375,559200,-0.000629169612088,-0.0006293676223474,0.1451360142210411,0.0,0.05769744673698288
2021-01-08,14258.400390625,14367.2998046875,14221.650390625,14347.25,613500,0.014847223590326,0.0147380825344641,0.1498386997986206,1.0,0.11476888639783497
2021-01-11,14474.0498046875,14498.2001953125,14383.099609375,14484.75,672900,0.0095837181341371,0.0095380856285503,0.1515338922079235,1.0,0.1353416144071909
2021-01-12,14473.7998046875,14590.650390625,14432.849609375,14563.4501953125,929600,0.0054333140242324,0.0054186068221036,0.1516883832927421,0.0,0.1372165066320508
2021-01-13,14639.7998046875,14653.349609375,14435.7001953125,14564.849609375,874000,9.609083312889231e-05,9.608621670051524e-05,0.1518590717934282,0.0,0.1392879694817364
2021-01-14,14550.0498046875,14617.7998046875,14471.5,14595.599609375,620200,0.002111247340323,0.0021090217895653,0.1508167616987097,0.0,0.12663857230276493
2021-01-15,14594.349609375,14617.4501953125,14357.849609375,14433.7001953125,789600,-0.0110923441582015,-0.0111543229606527,0.1591210043783351,0.0,0.22741823898489327
2021-01-18,14453.2998046875,14459.150390625,14222.7998046875,14281.2998046875,762000,-0.0105586501425666,-0.010614788200058,0.1657611522841334,0.0,0.3080025762307519
2021-01-19,14371.650390625,14546.0498046875,14350.849609375,14521.150390625,546100,0.0167947308170628,0.0166552587564137,0.1170268584339838,0.0,-0.28343316086027015
2021-01-20,14538.2998046875,14666.4501953125,14517.5498046875,14644.7001953125,623100,0.008508265623863,0.0084722743367609,0.1159607143161228,0.0,-0.29637180595752427
2021-01-21,14730.9501953125,14753.5498046875,14517.25,14590.349609375,704600,-0.0037112802046228,-0.0037181840918013,0.1170993182610879,0.0,-0.28255379383005175
2021-01-22,14583.400390625,14619.900390625,14357.75,14371.900390625,776800,-0.0149721716475961,-0.015085386074712,0.1309272503196845,0.0,-0.11473904689501335
2021-01-25,14477.7998046875,14491.099609375,14218.599609375,14238.900390625,618600,-0.0092541693433081,-0.0092972551902512,0.1344324167047917,0.0,-0.07220061038915257
2021-01-27,14237.9501953125,14237.9501953125,13929.2998046875,13967.5,660700,-0.0190604880418779,-0.0192444808915834,0.1522720348527199,0.0,0.14429965821399862
2021-01-28,13810.400390625,13898.25,13713.25,13817.5498046875,637900,-0.0107356502819043,-0.0107936931679345,0.1564530011973261,0.0,0.19503955237104387
2021-01-29,13946.599609375,13966.849609375,13596.75,13634.599609375,753200,-0.0132404223540728,-0.013328858232496,0.1628109930264848,0.0,0.27219966462094414
2021-02-01,13758.599609375,14336.349609375,13661.75,14281.2001953125,870500,0.0474235111013383,0.0463333497197178,0.2346906802722305,1.0,1.144526161005158
2021-02-02,14481.099609375,14731.7001953125,14469.150390625,14647.849609375,915000,0.0256735714819573,0.0253495396757428,0.2492101712282673,1.0,1.3207336148809607
2021-02-03,14754.900390625,14868.849609375,14574.150390625,14789.9501953125,869500,0.0097011226717231,0.009654368913945,0.2505941084566817,1.0,1.3375289733464337
2021-02-04,14789.0498046875,14913.7001953125,14714.75,14895.650390625,884700,0.0071467580293813,0.0071213409820254,0.2502328767432115,1.0,1.333145092349331
2021-02-05,14952.599609375,15014.650390625,14864.75,14924.25,935600,0.0019199973566108,0.0019181565175802,0.2499626391765848,1.0,1.3298655094974898
2021-02-08,15064.2998046875,15159.900390625,15041.0498046875,15115.7998046875,671200,0.0128348027329681,0.0127531347053858,0.2487922024324894,1.0,1.315661176905927
2021-02-09,15164.150390625,15257.099609375,15064.2998046875,15109.2998046875,713300,-0.0004300136336804,-0.0004301061160564,0.2476235089747609,1.0,1.301478000707038
2021-02-10,15119.0498046875,15168.25,14977.2001953125,15106.5,624800,-0.0001853034041081,-0.0001853205749051,0.2474295205277014,1.0,1.2991237714547057
2021-02-11,15073.25,15188.5,15065.400390625,15173.2998046875,500100,0.0044219246475027,0.0044121766647079,0.2475025548883601,1.0,1.3000101109810762
2021-02-12,15186.2001953125,15243.5,15081.0,15163.2998046875,571800,-0.0006590524229219,-0.000659269693437,0.2476882496226171,1.0,1.302263688356526
2021-02-15,15270.2998046875,15340.150390625,15243.400390625,15314.7001953125,456000,0.0099846598415338,0.0099351424621159,0.2442256579148481,1.0,1.260241934943486
2021-02-16,15371.4501953125,15431.75,15242.2001953125,15313.4501953125,648500,-8.162092525865194e-05,-8.162425642763527e-05,0.2392709157043221,1.0,1.2001115548791106
2021-02-17,15279.900390625,15314.2998046875,15170.75,15208.900390625,504800,-0.0068273186874309,-0.0068507314527851,0.2366494549467831,1.0,1.1682977036277191
2021-02-18,15238.7001953125,15250.75,15078.0498046875,15118.9501953125,770600,-0.0059143128695843,-0.00593187168439,0.2372005336578468,1.0,1.1749855535568736
2021-02-19,15074.7998046875,15144.0498046875,14898.2001953125,14981.75,712200,-0.0090747170630297,-0.0091161431181845,0.2395658652436659,1.0,1.2036910403794618
2021-02-22,14999.0498046875,15010.099609375,14635.0498046875,14675.7001953125,609900,-0.0204281745915864,-0.0206397156403059,0.2453531276505585,1.0,1.2739248231420528
2021-02-23,14782.25,14854.5,14651.849609375,14707.7998046875,744100,0.0021872625461001,0.0021848739697056,0.2422994564870376,1.0,1.2368656988017288
2021-02-24,14729.150390625,15008.7998046875,14504.5,14982.0,403800,0.0186431824578623,0.0184715285005202,0.2361318700253403,1.0,1.1620163318187422
2021-02-25,15079.849609375,15176.5,15065.349609375,15097.349609375,803900,0.0076992130139501,0.0076697253313536,0.2303261893674704,1.0,1.0915590265429045
2021-02-26,14888.599609375,14919.4501953125,14467.75,14529.150390625,1103600,-0.0376356932475859,-0.0383622027563036,0.2697000840448854,1.0,1.5693976609198692
2021-03-01,14702.5,14806.7998046875,14638.5498046875,14761.5498046875,507300,0.0159953891187234,0.0158688108770191,0.2226143285412993,1.0,0.9979684616299407
2021-03-02,14865.2998046875,14959.099609375,14760.7998046875,14919.099609375,621700,0.0106729853417877,0.0106164310797289,0.2074406246774059,1.0,0.8138215289435416
2021-03-03,15064.400390625,15273.150390625,14995.7998046875,15245.599609375,544200,0.0218846987116321,0.0216486661523929,0.2182293998027235,1.0,0.9447532951484993
2021-03-04,15026.75,15202.349609375,14980.2001953125,15080.75,534900,-0.0108129305241382,-0.0108718151187931,0.2214238715024651,1.0,0.983521164242129
2021-03-05,14977.9501953125,15092.349609375,14862.099609375,14938.099609375,640700,-0.0094591045289524,-0.0095041259916074,0.2242283318347269,1.0,1.0175558846148898
2021-03-08,15002.4501953125,15111.150390625,14919.900390625,14956.2001953125,0,0.0012117060677612,0.0012109725444472,0.2192407237404923,1.0,0.957026646649421
2021-03-09,15049.900390625,15126.849609375,14925.4501953125,15098.400390625,675300,0.0095077756017913,0.0094628611698101,0.2220947391362207,1.0,0.9916627635578137
2021-03-10,15202.150390625,15218.4501953125,15100.849609375,15174.7998046875,404600,0.0050600998838219,0.0050473406024625,0.2228235976278976,1.0,1.000508135578294
2021-03-12,15321.150390625,15336.2998046875,14953.599609375,15030.9501953125,493200,-0.0094795062357636,-0.009524722735275,0.224833207595598,1.0,1.0248966115079334
2021-03-15,15048.400390625,15048.400390625,14745.849609375,14929.5,467500,-0.006749419963093,-0.0067723003088356,0.2259453561082579,1.0,1.038393562492023
2021-03-16,14996.099609375,15051.599609375,14890.650390625,14910.4501953125,100,-0.0012759841044576,-0.00127679886533,0.2223720353328324,1.0,0.9950280094140451
2021-03-17,14946.5498046875,14956.5498046875,14696.0498046875,14721.2998046875,100,-0.0126857598628687,-0.0127669111555391,0.2259519004650234,1.0,1.0384729843151708
2021-03-18,14855.5,14875.2001953125,14478.599609375,14557.849609375,542200,-0.0111029730717429,-0.0111650711539744,0.227699699610444,1.0,1.0596841437307027
2021-03-19,14471.150390625,14788.25,14350.099609375,14744.0,919200,0.0127869428260285,0.0127058801702749,0.2331797386809853,1.0,1.1261894871124911
2021-03-22,14736.2998046875,14763.900390625,14597.849609375,14736.400390625,459000,-0.0005154374236977,-0.0005155703072306,0.2313255339741641,1.0,1.1036869977798576
2021-03-23,14768.5498046875,14878.599609375,14707.0,14814.75,474200,0.0053167399974314,0.0053026560337911,0.2199004271524419,1.0,0.9650327578061271
2021-03-24,14712.4501953125,14752.349609375,14535.0,14549.400390625,456400,-0.0179111769942118,-0.0180735235920704,0.229361164179724,1.0,1.0798475532017462
2021-03-25,14570.900390625,14575.599609375,14264.400390625,14324.900390625,606800,-0.0154301891468089,-0.0155504734594161,0.2236788695501521,1.0,1.0108876515164384
2021-03-26,14506.2998046875,14572.900390625,14414.25,14507.2998046875,481000,0.0127330319296232,0.0126526485091806,0.2272779659728849,1.0,1.0545660159180212
2021-03-30,14628.5,14876.2998046875,14617.599609375,14845.099609375,594500,0.0232848158675504,0.0230178606027013,0.1997765157699189,1.0,0.7208104777362915
2021-03-31,14811.849609375,14813.75,14670.25,14690.7001953125,463900,-0.0104006990943323,-0.0104551643454305,0.1957347717929265,1.0,0.6717601757966367
2021-04-01,14798.400390625,14883.2001953125,14692.4501953125,14867.349609375,445000,0.0120245741669184,0.0119528533440868,0.1967726834652205,1.0,0.6843561940507659
2021-04-05,14837.7001953125,14849.849609375,14459.5,14637.7998046875,509700,-0.015439860548026,-0.0155602964791876,0.1860784775599109,1.0,0.5545721128110099
2021-04-06,14737.0,14779.099609375,14573.900390625,14683.5,475300,0.0031220672452334,0.0031172037135109,0.183878994868647,1.0,0.5278793557408753
2021-04-07,14716.4501953125,14879.7998046875,14649.849609375,14819.0498046875,0,0.0092314369658119,0.0091890876818974,0.1848336809375327,1.0,0.53946535431055
2021-04-08,14875.650390625,14984.150390625,14821.099609375,14873.7998046875,514800,0.0036945688638336,0.0036877607079367,0.1853284378482684,1.0,0.5454696870927507
2021-04-09,14882.650390625,14918.4501953125,14785.650390625,14834.849609375,504100,-0.0026187118170183,-0.0026221466406612,0.1818371755412891,1.0,0.5030999894368139
2021-04-12,14644.650390625,14652.5,14248.7001953125,14310.7998046875,650200,-0.0353255893040076,-0.0359646328172392,0.2186523970893562,1.0,0.9498867585116161
2021-04-13,14364.900390625,14528.900390625,14274.900390625,14504.7998046875,605100,0.0135561955060299,0.0134651323447003,0.2246048801308106,1.0,1.0221256465104742
2021-04-15,14522.400390625,14597.5498046875,14353.2001953125,14581.4501953125,568000,0.0052844845607746,0.005270570669209,0.2251231712708927,1.0,1.0284155889359203
2021-04-16,14599.599609375,14697.7001953125,14559.0,14617.849609375,577200,0.0024962821650071,0.0024931716281266,0.2254989721368809,1.0,1.0329762800758922
2021-04-19,14306.599609375,14382.2998046875,14191.400390625,14359.4501953125,512300,-0.0176769785548196,-0.0178350823088299,0.2296880361154854,1.0,1.0838144465121502
2021-04-20,14526.7001953125,14526.9501953125,14207.2998046875,14296.400390625,467400,-0.004390823034999,-0.004400491009083,0.2270528512700696,1.0,1.0518340407590299
2021-04-22,14219.150390625,14424.75,14151.400390625,14406.150390625,524600,0.0076767575754221,0.0076474412128004,0.223716160731636,1.0,1.011340214499617
2021-04-23,14326.349609375,14461.150390625,14273.2998046875,14341.349609375,498100,-0.0044981330537942,-0.0045082800942043,0.2240125761499127,1.0,1.0149374897968173
2021-04-26,14449.4501953125,14557.5,14421.2998046875,14485.0,452700,0.0100165182871698,0.0099666854592029,0.2264505732954563,1.0,1.044524840405283
2021-04-27,14493.7998046875,14667.5498046875,14484.849609375,14653.0498046875,451800,0.011601643402658,0.0115348603701411,0.2213926817635635,1.0,0.9831426479087713
2021-04-28,14710.5,14890.25,14694.9501953125,14864.5498046875,457000,0.014433855260107,0.0143306788088347,0.2183067449930983,1.0,0.9456919505811691
2021-04-29,14979.0,15044.349609375,14814.4501953125,14894.900390625,517500,0.0020418099664161,0.0020397283055356,0.2145589921344474,1.0,0.9002095028164238
2021-04-30,14747.349609375,14855.4501953125,14601.7001953125,14631.099609375,613900,-0.0177108120451774,-0.0178695252286074,0.2087219573325475,1.0,0.8293716859989135
2021-05-03,14481.0498046875,14673.849609375,14416.25,14634.150390625,448900,0.0002085134632017,0.0002084917272909,0.2055373157136497,1.0,0.790723114029551
2021-05-04,14687.25,14723.400390625,14461.5,14496.5,503400,-0.0094061074234402,-0.0094506242249991,0.2027855442743306,1.0,0.7573278221120358
2021-05-05,14604.150390625,14637.900390625,14506.599609375,14617.849609375,455900,0.0083709591539336,0.0083361169819181,0.198126844984507,1.0,0.7007901967422207
2021-05-06,14668.349609375,14743.900390625,14611.5,14724.7998046875,467800,0.0073164109749706,0.0072897758768407,0.199564992768351,1.0,0.718243450444818
2021-05-07,14816.849609375,14863.0498046875,14765.5,14823.150390625,488000,0.0066792477481554,0.0066570404036404,0.198240277318444,1.0,0.7021668030441048
2021-05-10,14928.25,14966.900390625,14892.5,14942.349609375,522000,0.0080414227481215,0.0080092628009941,0.1998891507136348,1.0,0.7221774069702239
2021-05-11,14789.7001953125,14900.0,14771.400390625,14850.75,647400,-0.0061302011912188,-0.0061490680190265,0.2009458477250644,1.0,0.7350014026919723
2021-05-12,14823.5498046875,14824.0498046875,14649.7001953125,14696.5,643800,-0.0103866808073666,-0.0104409988264523,0.1555684146794212,0.0,0.18430427669747906
2021-05-14,14749.400390625,14749.650390625,14591.900390625,14677.7998046875,620700,-0.0012724250884564,-0.0012732353086285,0.1489768821376242,0.0,0.10430993186498072
2021-05-17,14756.25,14938.0,14725.349609375,14923.150390625,546400,0.0167157604819725,0.0165775897839959,0.158770329145187,1.0,0.22316247064167596
2021-05-18,15067.2001953125,15137.25,15043.7001953125,15108.099609375,583900,0.012393443335275,0.012317273309973,0.1636214435905073,1.0,0.2820352319153495
2021-05-19,15058.599609375,15133.400390625,15008.849609375,15030.150390625,569100,-0.0051594324081388,-0.0051727882383341,0.1491564993007741,0.0,0.10648975229304332
2021-05-20,15042.599609375,15069.7998046875,14884.900390625,14906.0498046875,480300,-0.0082567760609306,-0.0082910520395041,0.1520791902805047,0.0,0.1419593109410332
2021-05-21,14987.7998046875,15190.0,14985.849609375,15175.2998046875,572900,0.0180631356749747,0.0179019355322992,0.1611374657550503,1.0,0.25188986310076167
2021-05-24,15211.349609375,15256.25,15145.4501953125,15197.7001953125,579800,0.0014761086049899,0.0014750202275935,0.1590222037392056,1.0,0.22621920183441557
2021-05-25,15291.75,15293.849609375,15163.400390625,15208.4501953125,441500,0.0007073438653115,0.0007070938155468,0.1569477987508328,0.0,0.20104437839086672
2021-05-26,15257.0498046875,15319.900390625,15194.9501953125,15301.4501953125,384000,0.0061150215048646,0.0060964006336564,0.1539246049899016,1.0,0.16435512552381523
2021-05-27,15323.9501953125,15384.5498046875,15272.5,15337.849609375,0,0.0023788211965458,0.0023759962804964,0.1470904098114784,0.0,0.08141584512297216
2021-05-28,15421.2001953125,15469.650390625,15394.75,15435.650390625,468100,0.006376433707514,0.0063561902625193,0.148069077863353,0.0,0.09329288724053461
2021-05-31,15437.75,15606.349609375,15374.0,15582.7998046875,436000,0.0095330880357249,0.0094879348910911,0.1307400188733644,0.0,-0.11701127369287036
2021-06-01,15629.650390625,15660.75,15528.2998046875,15574.849609375,409600,-0.0005101904286871,-0.0005103206201074,0.1309792631917525,0.0,-0.11410782257842958
2021-06-02,15520.349609375,15597.4501953125,15459.849609375,15576.2001953125,428600,8.67158252806366e-05,8.67120656808025e-05,0.1229743745920975,0.0,-0.21125455058532236
2021-06-03,15655.5498046875,15705.099609375,15611.0,15690.349609375,410200,0.0073284506253876,0.0073017280086002,0.1224989895439144,0.0,-0.21702378789568003
2021-06-04,15712.5,15733.599609375,15622.349609375,15670.25,414200,-0.0012810173052479,-0.0012818385093088,0.122797337413977,0.0,-0.21340306050846117
2021-06-07,15725.099609375,15773.4501953125,15678.099609375,15751.650390625,394000,0.0051945814919991,0.0051811361952536,0.1223430640125317,0.0,-0.21891608845651714
2021-06-08,15773.900390625,15778.7998046875,15680.0,15740.099609375,378200,-0.0007333060957773,-0.0007335750962069,0.1215646499387296,0.0,-0.22836286330703143
2021-06-09,15766.2998046875,15800.4501953125,15566.900390625,15635.349609375,457900,-0.0066549769442125,-0.0066772200430738,0.1220821900352335,0.0,-0.2220820354901531
2021-06-10,15692.099609375,15751.25,15648.5,15737.75,298300,0.006549286916079,0.0065279335188341,0.1125776203360434,0.0,-0.33742878090639417
2021-06-11,15796.4501953125,15835.5498046875,15749.7998046875,15799.349609375,363000,0.0039141306333496,0.0039064903542531,0.1112050515483105,0.0,-0.35408617282792404
2021-06-14,15791.400390625,15823.0498046875,15606.5,15811.849609375,392900,0.0007911718082738,0.0007908589968395,0.1005305231264092,0.0,-0.48363144960404125
2021-06-15,15866.9501953125,15901.599609375,15842.400390625,15869.25,323300,0.0036302135450976,0.0036236402234769,0.0942612859936938,0.0,-0.5597144415108699
2021-06-16,15847.5,15880.849609375,15742.599609375,15767.5498046875,340200,-0.0064086327528081,-0.0064292561989679,0.0957047492572314,0.0,-0.542196679545154
2021-06-17,15648.2998046875,15769.349609375,15616.75,15691.400390625,357600,-0.0048295020472909,-0.0048412017767477,0.0912769228617788,0.0,-0.595932448774886
2021-06-18,15756.5,15761.5,15450.900390625,15683.349609375,640800,-0.0005130696464038,-0.0005132013116724,0.0715094059471682,0.0,-0.835829552297113
2021-06-21,15525.849609375,15765.150390625,15505.650390625,15746.5,351500,0.0040265882096546,0.0040185031994205,0.0719967847929585,0.0,-0.8299147591580375
2021-06-22,15840.5,15895.75,15752.099609375,15772.75,322200,0.0016670371193598,0.0016656491552922,0.0718887593311647,0.0,-0.8312257480648854
2021-06-23,15862.7998046875,15862.9501953125,15673.9501953125,15686.9501953125,287500,-0.0054397492312691,-0.005454598542621,0.0744267587243422,0.0,-0.8004247776752036
2021-06-24,15737.2998046875,15821.400390625,15702.7001953125,15790.4501953125,316700,0.0065978407983298,0.0065761703134446,0.0767315949606031,0.0,-0.7724534578801827
2021-06-25,15839.349609375,15870.7998046875,15772.2998046875,15860.349609375,314600,0.0044266891189239,0.0044169201494967,0.0753853490621456,0.0,-0.7887913971906039
2021-06-28,15915.349609375,15915.650390625,15792.150390625,15814.7001953125,255100,-0.0028782098242977,-0.002882359835175,0.0703066468924222,0.0,-0.850426146027883
2021-06-29,15807.5,15835.900390625,15724.0498046875,15748.4501953125,360300,-0.0041891404314852,-0.0041979394624445,0.072363906997068,0.0,-0.8254593916080812
2021-06-30,15776.900390625,15839.099609375,15708.75,15721.5,262400,-0.0017112919035373,-0.0017127578361914,0.0727987022907333,0.0,-0.8201827485159837
2021-07-01,15755.0498046875,15755.5498046875,15667.0498046875,15680.0,224900,-0.002639697229908,-0.0026431873739428,0.0688626814631293,0.0,-0.8679500022395635
2021-07-02,15705.849609375,15738.349609375,15635.9501953125,15722.2001953125,254800,0.0026913389867666,0.0026877238189711,0.069347758091584,0.0,-0.8620631486375008
2021-07-05,15793.400390625,15845.9501953125,15762.0498046875,15834.349609375,207000,0.007133188273225,0.0071078674266922,0.0714998720143768,0.0,-0.8359452553908153
2021-07-06,15813.75,15914.2001953125,15801.0,15818.25,391400,-0.0010167521731027,-0.0010172694162285,0.0715593216230624,0.0,-0.8352237793960906
2021-07-07,15819.599609375,15893.5498046875,15779.7001953125,15879.650390625,329300,0.0038816171589777,0.0038741031212285,0.0677149683206614,0.0,-0.8818785629051136
2021-07-08,15855.400390625,15885.75,15682.900390625,15727.900390625,307900,-0.0095562557277451,-0.0096022097393775,0.0734994222822153,0.0,-0.8116788632246347
2021-07-09,15688.25,15730.849609375,15632.75,15689.7998046875,243200,-0.0024224839292732,-0.0024254228908178,0.072428844746985,0.0,-0.8246713119427581
2021-07-12,15766.7998046875,15789.2001953125,15644.75,15692.599609375,216300,0.0001784474449868,0.0001784315251354,0.0723336974074881,0.0,-0.825826012922742
2021-07-13,15794.0,15820.7998046875,15744.599609375,15812.349609375,246700,0.0076309854951284,0.00760201680508,0.0765110754963068,0.0,-0.775129665568962
2021-07-14,15808.7001953125,15877.349609375,15764.2001953125,15853.9501953125,0,0.0026308921169333,0.0026274373783043,0.0733895199298565,0.0,-0.8130126299346896
2021-07-15,15872.150390625,15952.349609375,15855.0,15924.2001953125,284900,0.0044310723280038,0.0044212840314639,0.072183146659989,0.0,-0.8276530855092562
2021-07-16,15958.349609375,15962.25,15882.599609375,15923.400390625,276300,-5.0225736783704455e-05,-5.022699813825734e-05,0.0720955031168385,0.0,-0.8287167209792575
2021-07-19,15754.5,15836.900390625,15707.5,15752.400390625,242100,-0.0107389122803617,-0.0107969905715419,0.0817475383324566,0.0,-0.7115803451095153
2021-07-20,15703.9501953125,15728.4501953125,15578.5498046875,15632.099609375,274300,-0.0076369809214345,-0.0076662919876294,0.0858618158564857,0.0,-0.6616497814800659
2021-07-22,15736.599609375,15834.7998046875,15726.400390625,15824.0498046875,265300,0.0122792331234495,0.012204454864528,0.0946369927901441,0.0,-0.5551548919917583
2021-07-23,15856.7998046875,15899.7998046875,15768.400390625,15856.0498046875,294100,0.0020222383267853,0.0020201963552988,0.0920626298476876,0.0,-0.5863971676897143
2021-07-26,15849.2998046875,15893.349609375,15797.0,15824.4501953125,267100,-0.0019929055322251,-0.0019948940107945,0.0909810380350208,0.0,-0.5995232848531875
2021-07-27,15860.5,15881.5498046875,15701.0,15746.4501953125,311000,-0.0049290812026508,-0.0049412691902835,0.0920988323587439,0.0,-0.5859578167292393
2021-07-28,15761.5498046875,15767.5,15513.4501953125,15709.400390625,318600,-0.0023528988583426,-0.0023556712745251,0.0912709101563291,0.0,-0.5960054185175172
2021-07-29,15762.7001953125,15817.349609375,15737.7998046875,15778.4501953125,401600,0.0043954449546468,0.0043858132000563,0.0924229924396108,0.0,-0.5820238342865572
2021-07-30,15800.599609375,15862.7998046875,15744.849609375,15763.0498046875,400000,-0.0009760394990868,-0.0009765161358081,0.0919356277233044,0.0,-0.5879384559512754
2021-08-02,15874.900390625,15892.900390625,15834.650390625,15885.150390625,244800,0.0077460001364197,0.0077161539042294,0.095362597812829,0.0,-0.5463490038270881
2021-08-03,15951.5498046875,16146.900390625,15914.349609375,16130.75,341300,0.0154609558824161,0.015342653128218,0.106716767971844,0.0,-0.4085556458746304
2021-08-04,16195.25,16290.2001953125,16176.150390625,16258.7998046875,427300,0.0079382424678022,0.0079069003792001,0.1092319387345028,0.0,-0.3780317220337121
2021-08-05,16288.9501953125,16349.4501953125,16210.2998046875,16294.599609375,418200,0.0022018725316477,0.0021994519628629,0.1088846631949107,0.0,-0.3822462319507714
2021-08-06,16304.400390625,16336.75,16223.2998046875,16238.2001953125,320100,-0.0034612335015614,-0.0034672374282357,0.102750020552146,0.0,-0.4566957952166279
2021-08-09,16281.349609375,16320.75,16179.0498046875,16258.25,240500,0.0012347307242392,0.0012339690711517,0.1016655550129826,0.0,-0.46985678770945233
2021-08-10,16274.7998046875,16359.25,16202.25,16280.099609375,288000,0.0013439090538649,0.001343006816352,0.1015062270399668,0.0,-0.4717903800469051
2021-08-11,16327.2998046875,16338.75,16162.5498046875,16282.25,277900,0.0001320870680521,0.0001320783453234,0.0993196717550121,0.0,-0.49832625108309697
2021-08-12,16303.650390625,16375.5,16286.900390625,16364.400390625,280200,0.0050453954843463,0.0050327101270872,0.1000575311693148,0.0,-0.4893716445403303
2021-08-13,16385.69921875,16543.599609375,16376.2998046875,16529.099609375,321900,0.0100644823408473,0.0100141727170619,0.1040505044109806,0.0,-0.4409132205887932
2021-08-16,16518.400390625,16589.400390625,16480.75,16563.05078125,254000,0.0020540242770237,0.0020519176533692,0.1038048107494841,0.0,-0.4438949404477612
2021-08-17,16545.25,16628.55078125,16495.400390625,16614.599609375,297400,0.0031122785775283,0.003107445463957,0.0922107877192116,0.0,-0.5845991348666664
2021-08-18,16691.94921875,16701.849609375,16535.849609375,16568.849609375,251800,-0.0027536023181795,-0.0027574004550174,0.0863784604770849,0.0,-0.655379821091643
2021-08-20,16382.5,16509.55078125,16376.0498046875,16450.5,350800,-0.0071428984006249,-0.0071685310331997,0.0861031932151992,0.0,-0.6587204439481266
2021-08-23,16592.25,16592.5,16395.69921875,16496.44921875,275600,0.0027931806783987,0.0027892869980642,0.086155809057002,0.0,-0.6580819020360392
2021-08-24,16561.400390625,16647.099609375,16495.30078125,16624.599609375,275400,0.0077683620836017,0.007738343720985,0.0871223691678353,0.0,-0.6463518009833547
2021-08-25,16654.0,16712.44921875,16617.5,16634.650390625,265900,0.0006045728309951,0.0006043901504665,0.0829946097576286,0.0,-0.6964459797728666
2021-08-26,16627.94921875,16683.69921875,16603.400390625,16636.900390625,253500,0.0001352598309651,0.000135250684179,0.081420802095107,0.0,-0.7155455915941652
2021-08-27,16642.55078125,16722.05078125,16565.599609375,16705.19921875,217400,0.00410526158848,0.0040968579935776,0.0813558026140601,0.0,-0.7163344204238538
2021-08-30,16775.849609375,16951.5,16764.849609375,16931.05078125,283500,0.0135198365217041,0.0134292590140948,0.0881472220790214,0.0,-0.6339142628751593
2021-08-31,16947.5,17153.5,16915.849609375,17132.19921875,464400,0.0118804461754233,0.0118104276963513,0.0918205130582154,0.0,-0.5893354788979142
2021-09-01,17185.599609375,17225.75,17055.05078125,17076.25,301900,-0.0032657347743637,-0.003271078924395,0.084183252297681,0.0,-0.6820207030062581
2021-09-02,17095.400390625,17245.5,17059.69921875,17234.150390625,242400,0.009246783727399,0.0092042939510858,0.0853353911585943,0.0,-0.668038432153402
2021-09-03,17262.44921875,17340.099609375,17212.19921875,17323.599609375,261400,0.0051902308336972,0.0051768080106442,0.0856590580830514,0.0,-0.6641104346199428
2021-09-06,17399.349609375,17429.55078125,17345.55078125,17377.80078125,228000,0.0031287476677577,0.0031238633220451,0.082117781261936,0.0,-0.7070871046703965
2021-09-07,17401.55078125,17436.5,17287.0,17362.099609375,243400,-0.0009035189246697,-0.0009039273439216,0.0832061653947996,0.0,-0.6938785564181604
2021-09-08,17375.75,17383.400390625,17254.19921875,17353.5,252700,-0.0004953092983268,-0.0004954320044973,0.0840269657004114,0.0,-0.6839173854356334
2021-09-09,17312.849609375,17379.650390625,17302.69921875,17369.25,241500,0.0009075978909154,0.0009071862729865,0.0836969270827011,0.0,-0.6879227093607977
2021-09-13,17363.55078125,17378.349609375,17269.150390625,17355.30078125,241100,-0.0008030985074197,-0.0008034211637875,0.0845899378171206,0.0,-0.6770851980270828
2021-09-14,17420.349609375,17438.55078125,17367.05078125,17380.0,230400,0.001423151293159,0.0014221395731308,0.0804562030335117,0.0,-0.7272518935002957
2021-09-15,17387.650390625,17532.69921875,17386.900390625,17519.44921875,388200,0.0080235453826236,0.0079915278908785,0.082737901193629,0.0,-0.699561375662946
2021-09-16,17539.19921875,17644.599609375,17510.44921875,17629.5,503300,0.0062816347635072,0.0062619875307568,0.0836426729111865,0.0,-0.68858113391946
2021-09-17,17709.650390625,17792.94921875,17537.650390625,17585.150390625,508300,-0.0025156476006126,-0.0025188171588147,0.0834302161841592,0.0,-0.6911594928331174
2021-09-20,17443.849609375,17622.75,17361.80078125,17396.900390625,339100,-0.010705054879733,-0.0107627662179527,0.0899478853785066,0.0,-0.6120615480485441
2021-09-21,17450.5,17578.349609375,17326.099609375,17562.0,363600,0.0094901738624639,0.0094454250556897,0.0929920779886032,0.0,-0.5751174547220744
2021-09-22,17580.900390625,17610.44921875,17524.0,17546.650390625,295200,-0.0008740239935656,-0.0008744061752431,0.0923539764664251,0.0,-0.58286140696377
2021-09-23,17670.849609375,17843.900390625,17646.55078125,17822.94921875,320500,0.0157465283671818,0.0156238380774284,0.1026504108496842,0.0,-0.4579046510990598
2021-09-24,17897.44921875,17947.650390625,17819.400390625,17853.19921875,360100,0.0016972499684944,0.0016958112674268,0.1021301971936367,0.0,-0.4642179250341519
2021-09-27,17932.19921875,17943.5,17802.900390625,17855.099609375,295700,0.0001064453827974,0.0001064397178897,0.1028153491244919,0.0,-0.45590297255960316
2021-09-28,17906.44921875,17912.849609375,17576.099609375,17748.599609375,398000,-0.0059646824901542,-0.0059825422627533,0.1005870896884106,0.0,-0.48294496204776577
2021-09-29,17657.94921875,17781.75,17608.150390625,17711.30078125,562200,-0.0021015082285871,-0.0021037194955448,0.0952276811575075,0.0,-0.547986342242851
2021-09-30,17718.900390625,17742.150390625,17585.349609375,17618.150390625,378600,-0.0052593760207388,-0.0052732552241576,0.0968546701472266,0.0,-0.5282413258211032
2021-10-01,17531.900390625,17557.150390625,17452.900390625,17532.05078125,305800,-0.0048869834497958,-0.0048989638012051,0.0950156350084388,0.0,-0.5505597184131794
2021-10-04,17615.55078125,17750.900390625,17581.349609375,17691.25,295800,0.0090804675811375,0.0090394880242668,0.0982781618331169,0.0,-0.5109659374246651
2021-10-05,17661.349609375,17833.44921875,17640.900390625,17822.30078125,427000,0.0074076609199462,0.0073803589460669,0.1006033616308944,0.0,-0.48274748697351105
2021-10-06,17861.5,17884.599609375,17613.150390625,17646.0,395800,-0.0098921448702895,-0.0099413972120656,0.10802589906399,0.0,-0.39266812907151644
2021-10-07,17810.55078125,17857.55078125,17763.80078125,17790.349609375,419900,0.0081803020160375,0.0081470247013147,0.1109559276928685,0.0,-0.3571095212634907
2021-10-08,17886.849609375,17941.849609375,17840.349609375,17895.19921875,324100,0.0058936227604964,0.0058763233035785,0.1121519674473204,0.0,-0.34259447245741775
2021-10-11,17867.55078125,18041.94921875,17839.099609375,17945.94921875,375800,0.0028359561343596,0.002831942397492,0.1119074299544642,0.0,-0.3455621611404322
2021-10-12,17915.80078125,18008.650390625,17864.94921875,17991.94921875,355600,0.0025632525445875,0.0025599730157621,0.1119464351284237,0.0,-0.345088797273049
2021-10-13,18097.849609375,18197.80078125,18050.75,18161.75,506700,0.0094375978492116,0.0093933419509834,0.1130910744288352,0.0,-0.33119754052428313
2021-10-14,18272.849609375,18350.75,18248.69921875,18338.55078125,538700,0.0097347877407187,0.0096877099759962,0.11551147352072,0.0,-0.30182375857588767
2021-10-18,18500.099609375,18543.150390625,18445.30078125,18477.05078125,469900,0.0075523961327199,0.0075240195734982,0.1158338307145152,0.0,-0.29791165583556506
2021-10-19,18602.349609375,18604.44921875,18377.69921875,18418.75,368200,-0.0031553077349963,-0.0031602962146704,0.1071278680642509,0.0,-0.403566565968836
2021-10-20,18439.900390625,18458.30078125,18209.349609375,18266.599609375,371300,-0.00826062521208,-0.0082949332443625,0.1110853435534554,0.0,-0.3555389400802928
2021-10-21,18382.69921875,18384.19921875,18048.0,18178.099609375,365900,-0.0048449082967022,-0.0048566829115848,0.1133133098522954,0.0,-0.32850050808371734
2021-10-22,18230.69921875,18314.25,18034.349609375,18114.900390625,324700,-0.0034766680845673,-0.0034827257394313,0.1020638174925234,0.0,-0.4650235041111062
2021-10-25,18229.5,18241.400390625,17968.5,18125.400390625,418700,0.0005796333280105,0.0005794654054989,0.1020125734296547,0.0,-0.4656453982168766
2021-10-26,18154.5,18310.44921875,18099.30078125,18268.400390625,341400,0.0078894808897,0.0078585216635523,0.1050241331112133,0.0,-0.4290973356650121
2021-10-27,18295.849609375,18342.05078125,18167.900390625,18210.94921875,335200,-0.0031448386638428,-0.0031497940609639,0.1029352113616251,0.0,-0.4544483334345092
2021-10-28,18187.650390625,18190.69921875,17799.44921875,17857.25,374200,-0.0194223384240636,-0.0196134303875884,0.1266215798866921,0.0,-0.16699234052101847
2021-10-29,17833.05078125,17915.849609375,17613.099609375,17671.650390625,336500,-0.0103935157639054,-0.0104479055444702,0.1309601823095508,0.0,-0.1143393867345451
2021-11-01,17783.150390625,17954.099609375,17697.099609375,17929.650390625,281200,0.0145996550575078,0.014494106171593,0.1388926640206648,0.0,-0.018071383299437287
2021-11-02,17970.900390625,18012.25,17847.599609375,17888.94921875,296400,-0.0022700482713416,-0.0022726287368459,0.1361157740672724,0.0,-0.051771511620887146
2021-11-03,17947.94921875,17988.75,17757.94921875,17829.19921875,331000,-0.0033400508475575,-0.0033456412690553,0.1342956522672694,0.0,-0.07386037335119654
2021-11-04,17935.05078125,17947.55078125,17900.599609375,17916.80078125,48500,0.0049133761659847,0.0049013449265533,0.1299592727358924,0.0,-0.12648635029327351
2021-11-08,18040.19921875,18087.80078125,17836.099609375,18068.55078125,338900,0.0084697040421863,0.0084340373482947,0.1301794126493921,0.0,-0.12381474880451099
2021-11-09,18084.349609375,18112.599609375,17983.05078125,18044.25,270200,-0.0013449214352717,-0.0013458266538282,0.1289447656982398,0.0,-0.13879833165578284
2021-11-10,17973.44921875,18061.25,17915.0,18017.19921875,261400,-0.0014991358050348,-0.0015002606334366,0.1287845077846308,0.0,-0.1407432096825671
2021-11-11,17967.44921875,17971.349609375,17798.19921875,17873.599609375,232100,-0.007970140510272,-0.0080020718582044,0.1316409493280372,0.0,-0.1060776492278158
2021-11-12,17977.599609375,18123.0,17905.900390625,18102.75,249100,0.0128206066843303,0.0127391184530934,0.135400674639002,0.0,-0.060449904679232114
2021-11-15,18140.94921875,18210.150390625,18071.30078125,18109.44921875,280400,0.0003700663573213,0.0003699978996557,0.1303556705050652,0.0,-0.12167569668017651
2021-11-16,18127.05078125,18132.650390625,17958.80078125,17999.19921875,267400,-0.0060879819517564,-0.0061065892730084,0.1280072852546367,0.0,-0.1501755240467445
2021-11-17,17939.349609375,18022.650390625,17879.25,17898.650390625,295700,-0.005586294529162,-0.0056019562269169,0.1287665168989962,0.0,-0.1409615457220495
2021-11-18,17890.55078125,17945.599609375,17688.5,17764.80078125,278400,-0.0074781956434608,-0.0075062975371328,0.1282383975738401,0.0,-0.14737076226484266
2021-11-22,17796.25,17805.25,17280.44921875,17416.55078125,356400,-0.0196033721001568,-0.0197980668487385,0.1436344784797257,0.0,0.03947492153401106
2021-11-23,17281.75,17553.69921875,17216.099609375,17503.349609375,308800,0.0049836979327988,0.0049713204170886,0.1457060261518709,0.0,0.06461506880200342
2021-11-24,17550.05078125,17600.599609375,17354.0,17415.05078125,298100,-0.0050446817378146,-0.0050574491010214,0.1459013601095277,0.0,0.06698562707008644
2021-11-25,17417.30078125,17564.349609375,17351.69921875,17536.25,255900,0.006959452503032,0.0069353472882373,0.1451087551095838,0.0,0.057366632203652866
2021-11-26,17338.75,17355.400390625,16985.69921875,17026.44921875,356300,-0.0290712541877539,-0.0295021956571138,0.1748679592233364,0.0,0.4185221026076919
2021-11-29,17055.80078125,17160.69921875,16782.400390625,17053.94921875,348900,0.0016151341742889,0.0016138312478338,0.1646386103267332,1.0,0.29437949118037604
2021-11-30,17051.150390625,17324.650390625,16931.400390625,16983.19921875,498000,-0.004148599194972,-0.0041572285072535,0.1620033646554373,0.0,0.26239834724893435
2021-12-01,17104.400390625,17213.05078125,17064.25,17166.900390625,295500,0.0108166411704213,0.0107585597624502,0.1574414534585529,1.0,0.2070353349198898
2021-12-02,17183.19921875,17420.349609375,17149.30078125,17401.650390625,279900,0.0136745711024337,0.0135819178616608,0.1670730289682919,1.0,0.3239234133327227
2021-12-03,17424.900390625,17489.80078125,17180.80078125,17196.69921875,292500,-0.0117776858673942,-0.011847592241934,0.1710767747681399,0.0,0.37251257224285866
2021-12-06,17209.05078125,17216.75,16891.69921875,16912.25,231700,-0.0165409195759996,-0.016679248094838,0.176905947852674,0.0,0.4432549798477241
2021-12-07,17044.099609375,17251.650390625,16987.75,17176.69921875,254100,0.0156365485816494,0.0155155573824794,0.1845367916618168,1.0,0.5358623283149879
2021-12-08,17315.25,17484.599609375,17308.94921875,17469.75,257800,0.0170609485278816,0.0169170449933063,0.197054482402239,1.0,0.6877760848270531
2021-12-09,17524.400390625,17543.25,17379.599609375,17516.849609375,237200,0.0026960665936832,0.0026924387253313,0.1976487662906257,1.0,0.6949882695495825
2021-12-10,17476.05078125,17534.349609375,17405.25,17511.30078125,204500,-0.0003167708948091,-0.0003168210773069,0.1961249328116858,1.0,0.6764951406742161
2021-12-13,17619.099609375,17639.5,17355.94921875,17368.25,256600,-0.0081690551168631,-0.0082026046847206,0.1906445213414611,1.0,0.6099852778777842
2021-12-14,17283.19921875,17376.19921875,17225.80078125,17324.900390625,271000,-0.0024959111813221,-0.002499031160176,0.1904291903390532,1.0,0.6073720369735607
2021-12-15,17323.650390625,17351.19921875,17192.19921875,17221.400390625,215000,-0.0059740603216401,-0.0059919764101691,0.1903985529200393,1.0,0.6070002235529586
2021-12-16,17373.0,17379.349609375,17184.94921875,17248.400390625,219500,0.0015678167505297,0.0015665890089298,0.1904044578949104,1.0,0.6070718858853631
2021-12-17,17276.0,17298.150390625,16966.44921875,16985.19921875,354600,-0.01525945397337,-0.0153770775563578,0.1954873223707041,1.0,0.6687571481571092
2021-12-20,16824.25,16840.099609375,16410.19921875,16614.19921875,330600,-0.0218425462793778,-0.0220846262813664,0.1983580218977743,1.0,0.7035957424328402
2021-12-21,16773.150390625,16936.400390625,16688.25,16770.849609375,241000,0.009428705444209,0.0093845326454953,0.2011202206385763,1.0,0.7371175792995316
2021-12-22,16865.55078125,16971.0,16819.5,16955.44921875,207900,0.0110071709945933,0.0109470329850817,0.2060027092610614,1.0,0.7963710952355001
2021-12-23,17066.80078125,17118.650390625,17015.55078125,17072.599609375,197000,0.0069093062126275,0.006885546336514,0.205976258436105,1.0,0.796050090006557
2021-12-24,17149.5,17155.599609375,16909.599609375,17003.75,182600,-0.0040327548791804,-0.004040908363189,0.1776901010602828,1.0,0.4527714043959168
2021-12-27,16937.75,17112.05078125,16833.19921875,17086.25,144800,0.0048518709108285,0.0048401385192229,0.1784621801011327,1.0,0.46214129776139123
2021-12-28,17177.599609375,17250.25,17161.150390625,17233.25,176000,0.0086034091740434,0.0085666107599145,0.1801487543149413,1.0,0.4826094359962397
2021-12-29,17220.099609375,17285.94921875,17176.650390625,17213.599609375,161700,-0.0011402602889762,-0.0011409108803489,0.1762737891699761,1.0,0.43558314946049115
2021-12-30,17201.44921875,17264.05078125,17146.349609375,17203.94921875,320800,-0.0005606259494814,-0.0005607831589689,0.1689624223124797,1.0,0.3468529493307323
2021-12-31,17244.5,17400.80078125,17238.5,17354.05078125,167000,0.0087248317576065,0.0086869903602652,0.1664904192071029,1.0,0.3168529049427834
2022-01-03,17387.150390625,17646.650390625,17383.30078125,17625.69921875,200500,0.0156533158122078,0.0155320663316478,0.161715020855279,1.0,0.2588990285041789
2022-01-04,17681.400390625,17827.599609375,17593.55078125,17805.25,247400,0.0101868742352642,0.0101353377336508,0.1568342752383917,1.0,0.19966666555349133
2022-01-05,17820.099609375,17944.69921875,17748.849609375,17925.25,251500,0.006739585234692,0.0067169757589339,0.1477053541836245,0.0,0.08887876392771621
2022-01-06,17768.5,17797.94921875,17655.55078125,17745.900390625,236500,-0.0100054174627969,-0.0100558080531172,0.1529356693233328,0.0,0.1523534764039743
2022-01-07,17797.599609375,17905.0,17704.55078125,17812.69921875,239300,0.0037641836511315,0.0037571168401497,0.1532775485830871,0.0,0.15650249747342168
2022-01-10,17913.30078125,18017.44921875,17879.150390625,18003.30078125,232400,0.0107003189218717,0.0106434756439645,0.1531078932943186,1.0,0.15444357360611957
2022-01-11,17997.75,18081.25,17964.400390625,18055.75,220200,0.0029133112526023,0.0029090757855369,0.1522972637227615,0.0,0.1446058338896925
2022-01-12,18170.400390625,18227.94921875,18128.80078125,18212.349609375,245000,0.0086731157318304,0.0086357203311153,0.1508768931944137,1.0,0.12736832362723127
2022-01-13,18257.0,18272.25,18163.80078125,18257.80078125,303700,0.0024956237305924,0.0024925148330414,0.1508124996026591,0.0,0.1265868478245775
2022-01-14,18185.0,18286.94921875,18119.650390625,18255.75,229500,-0.0001123235637506,-0.0001123298725145,0.1352866424519922,0.0,-0.06183379075304305
2022-01-17,18235.650390625,18321.55078125,18228.75,18308.099609375,266700,0.0028675682661627,0.0028634646353713,0.0956172168695693,0.0,-0.5432589660404802
2022-01-18,18337.19921875,18350.94921875,18085.900390625,18113.05078125,227500,-0.0106536905679234,-0.0107108474462168,0.1087012654217001,0.0,-0.3844719335791399
2022-01-19,18129.19921875,18129.19921875,17884.900390625,17938.400390625,276700,-0.0096422404339412,-0.0096890278340564,0.1153103222024257,0.0,-0.30426491589660376
2022-01-20,17921.0,17943.69921875,17648.44921875,17757.0,258100,-0.010112406160797,-0.0101638838763968,0.1229608400562812,0.0,-0.21141880469745344
2022-01-21,17613.69921875,17707.599609375,17485.849609375,17617.150390625,277600,-0.0078757453046686,-0.0079069227919098,0.126188853873446,0.0,-0.17224387098105973
2022-01-24,17575.150390625,17599.400390625,16997.849609375,17149.099609375,323800,-0.0265679051873833,-0.0269272102621386,0.1614113538045694,0.0,0.25521374793934837
2022-01-25,17001.55078125,17309.150390625,16836.80078125,17277.94921875,326500,0.0075134912216943,0.0074854055398087,0.1607106904701805,1.0,0.24671055023423424
2022-01-27,17062.0,17182.5,16866.75,17110.150390625,395600,-0.0097117329146276,-0.0097591993637289,0.1644816858663202,0.0,0.2924750676917061
2022-01-28,17208.30078125,17373.5,17077.099609375,17101.94921875,355300,-0.0004793161771092,-0.0004794310858279,0.1644802377758881,1.0,0.29245749377476965
2022-01-31,17301.05078125,17410.0,17264.150390625,17339.849609375,321700,0.0139107178709299,0.0138148518554594,0.1691364575050974,1.0,0.3489650273828349
2022-02-01,17529.44921875,17622.400390625,17244.55078125,17576.849609375,386400,0.0136679386118703,0.0135753748226512,0.1668744559514176,1.0,0.3215135460847726
2022-02-02,17706.19921875,17794.599609375,17674.80078125,17780.0,271200,0.0115578385853996,0.011491556994747,0.1680472424257418,1.0,0.3357463948262587
2022-02-03,17767.75,17781.150390625,17511.150390625,17560.19921875,226600,-0.0123622486642295,-0.0124392969118211,0.1715061243133827,0.0,0.37772312614030856
2022-02-04,17590.19921875,17617.80078125,17462.55078125,17516.30078125,261400,-0.0024998826581151,-0.0025030125821506,0.1682990391792127,1.0,0.33880218135194656
2022-02-07,17456.30078125,17536.75,17119.400390625,17213.599609375,265000,-0.0172811129276234,-0.0174321742274954,0.1774937480361315,0.0,0.4503884788132448
2022-02-08,17279.849609375,17306.44921875,17043.650390625,17266.75,268500,0.0030876976246183,0.0030829404762161,0.1724720854283197,1.0,0.3894459578236959
2022-02-09,17370.099609375,17477.150390625,17339.0,17463.80078125,236400,0.0114121523303458,0.0113475249468573,0.1782204343019981,1.0,0.4592074888641193
2022-02-10,17554.099609375,17639.44921875,17427.150390625,17605.849609375,273600,0.008133901085124,0.00810099920504,0.1778201183571259,1.0,0.4543492845644371
2022-02-11,17451.0,17454.75,17303.0,17374.75,253100,-0.0131262969128136,-0.0132132081342731,0.1816152629228874,1.0,0.5004068745342412
2022-02-14,17076.150390625,17099.5,16809.650390625,16842.80078125,305500,-0.0306162228952934,-0.0310946906967536,0.2076875396638456,1.0,0.816818070710471
2022-02-15,16933.25,17375.0,16839.25,17352.44921875,298700,0.0302591263839775,0.0298103496144214,0.2391847093556998,1.0,1.1990653610941728
2022-02-16,17408.44921875,17490.599609375,17257.69921875,17322.19921875,244500,-0.0017432697608654,-0.0017447910238332,0.2373021931085296,1.0,1.1762192850300686
2022-02-17,17396.55078125,17442.900390625,17235.849609375,17304.599609375,232100,-0.0010160147191904,-0.0010165312120177,0.235678942876081,1.0,1.1565196418863017
2022-02-18,17236.05078125,17380.80078125,17219.19921875,17276.30078125,189600,-0.0016353356196504,-0.0016366742405402,0.233599133526207,1.0,1.1312792315166798
2022-02-21,17192.25,17351.05078125,17070.69921875,17206.650390625,215200,-0.004031556958107,-0.0040397055923562,0.2325653497749949,1.0,1.1187333094033758
2022-02-22,16847.94921875,17148.55078125,16843.80078125,17092.19921875,300100,-0.0066515660675804,-0.0066737863209561,0.2131241448730494,1.0,0.8827963040068271
2022-02-23,17194.5,17220.69921875,17027.849609375,17063.25,200200,-0.0016937094155936,-0.001695145363,0.2112356517399553,1.0,0.8598776929031716
2022-02-24,16548.900390625,16705.25,16203.25,16247.9501953125,458000,-0.0477810384708364,-0.0489602690308219,0.271074341929724,1.0,1.586075551597261
2022-02-25,16515.650390625,16748.80078125,16478.30078125,16658.400390625,329800,0.0252616601096495,0.0249478581682029,0.2881807665169852,1.0,1.7936778381076206
2022-02-28,16481.599609375,16815.900390625,16356.2998046875,16793.900390625,404200,0.0081340342903666,0.0081011313355374,0.2848974011967651,1.0,1.7538311626992413
2022-03-02,16593.099609375,16678.5,16478.650390625,16605.94921875,517700,-0.0111916331229355,-0.0112547306669936,0.2809623791767651,1.0,1.706076030429874
2022-03-03,16723.19921875,16768.94921875,16442.94921875,16498.05078125,442100,-0.006497577228417,-0.0065187783706088,0.2760064496458916,1.0,1.645931241134762
2022-03-04,16339.4501953125,16456.0,16133.7998046875,16245.349609375,456100,-0.0153170320073322,-0.0154355495239856,0.2774598459836783,1.0,1.6635695501449914
2022-03-07,15867.9501953125,15944.599609375,15711.4501953125,15863.150390625,585400,-0.0235266847399477,-0.0238078559614201,0.286213943417089,1.0,1.7698086203983916
2022-03-08,15747.75,16028.75,15671.4501953125,16013.4501953125,543600,0.0094747765094835,0.0094301723362427,0.286567366742552,1.0,1.7740977393839483
2022-03-09,16078.0,16418.05078125,15990.0,16345.349609375,462200,0.0207262900882942,0.0205144230156611,0.2984055177364008,1.0,1.9177646524692247
2022-03-10,16757.099609375,16757.30078125,16447.900390625,16594.900390625,486400,0.0152673871904744,0.015152013456311,0.3010815919430776,1.0,1.9502412884455826
2022-03-11,16528.80078125,16694.400390625,16470.900390625,16630.44921875,343700,0.0021421537513466,0.0021398626113986,0.2990207058569958,1.0,1.9252305293868737
2022-03-14,16633.69921875,16887.94921875,16606.5,16871.30078125,314700,0.014482565042708,0.0143786943723374,0.3023587705744839,1.0,1.9657410325802844
2022-03-15,16900.650390625,16927.75,16555.0,16663.0,381600,-0.0123464565033122,-0.0124233072084706,0.2848524850405392,1.0,1.7532860635941547
2022-03-16,16876.650390625,16987.900390625,16837.849609375,16975.349609375,260000,0.0187451004846066,0.018571576221107,0.2714503712136206,1.0,1.5906390147998473
2022-03-17,17202.900390625,17344.599609375,17175.75,17287.05078125,448300,0.0183619883565082,0.0181954426985114,0.2799167981679163,1.0,1.6933869376822022
2022-03-21,17329.5,17353.349609375,17096.400390625,17117.599609375,285500,-0.0098022024704637,-0.009850560325581,0.2820480958091246,1.0,1.7192522060959459
2022-03-22,17120.400390625,17334.400390625,17006.30078125,17315.5,338300,0.0115612232521558,0.0114949029834435,0.2852069063271843,1.0,1.757587293761811
2022-03-23,17405.05078125,17442.400390625,17199.599609375,17245.650390625,292100,-0.004033935455228,-0.0040420937201906,0.2852073676737347,1.0,1.7575928926289648
2022-03-24,17094.94921875,17291.75,17091.150390625,17222.75,290300,-0.0013278937068936,-0.0013287761390126,0.2841494878942277,1.0,1.7447545429224882
2022-03-25,17289.0,17294.900390625,17076.55078125,17153.0,237100,-0.0040498758909001,-0.0040580988470762,0.2845019920426151,1.0,1.7490325068439556
2022-03-28,17181.849609375,17235.099609375,17003.900390625,17222.0,253200,0.0040226199498629,0.0040145508462854,0.2170997089954053,1.0,0.9310434521913895
2022-03-29,17297.19921875,17343.650390625,17235.69921875,17325.30078125,235100,0.005998187274997,0.0059802697624021,0.2014392468642938,1.0,0.7409892576609494
2022-03-30,17468.150390625,17522.5,17387.19921875,17498.25,505000,0.0099824655821947,0.0099329698927592,0.2022827997835102,1.0,0.7512265526566683
2022-03-31,17519.19921875,17559.80078125,17435.19921875,17464.75,281100,-0.0019144771620018,-0.0019163121157625,0.1967747625550861,1.0,0.6843814257295283
2022-04-01,17436.900390625,17703.69921875,17422.69921875,17670.44921875,291800,0.0117779652585923,0.0117091448747648,0.1963052509104875,1.0,0.6786834676048075
2022-04-04,17809.099609375,18114.650390625,17791.400390625,18053.400390625,345500,0.0216718413399843,0.0214403456403388,0.192907176546452,1.0,0.6374446918391611
2022-04-05,18080.599609375,18095.44921875,17921.55078125,17957.400390625,283500,-0.005317557796472,-0.0053317463281753,0.1651064180753468,0.0,0.30005677095114525
2022-04-06,17842.75,17901.0,17779.849609375,17807.650390625,328800,-0.0083391803235717,-0.0083741458125089,0.1724203501306004,1.0,0.3888181021286009
2022-04-07,17723.30078125,17787.5,17623.69921875,17639.55078125,308800,-0.0094397411049521,-0.0094845778489411,0.1702024423992165,0.0,0.3619017401526926
2022-04-08,17698.150390625,17842.75,17600.55078125,17784.349609375,274400,0.0082087593907955,0.0081752507766337,0.1657803938399713,1.0,0.30823609031007276
2022-04-11,17740.900390625,17779.05078125,17650.94921875,17674.94921875,251700,-0.006151497975913,-0.0061704963921376,0.1692471393466493,1.0,0.35030825391530773
2022-04-12,17584.849609375,17595.30078125,17442.349609375,17530.30078125,266000,-0.0081838106412522,-0.0082174818512636,0.1681815766011266,0.0,0.33737666430917196
2022-04-13,17599.900390625,17663.650390625,17457.400390625,17475.650390625,245100,-0.0031174816283502,-0.003122351097155,0.1607398030083417,0.0,0.24706385781511164
2022-04-18,17183.44921875,17237.75,17067.849609375,17173.650390625,376100,-0.0172811880101475,-0.0174322506303487,0.1634241721822293,0.0,0.27964116089175717
2022-04-19,17258.94921875,17275.650390625,16824.69921875,16958.650390625,401400,-0.0125191788064678,-0.0125982039716312,0.1557784684157155,0.0,0.18685347309572659
2022-04-20,17045.25,17186.900390625,16978.94921875,17136.55078125,286100,0.010490244596548,0.0104356037788649,0.1570588396116098,1.0,0.20239196195374326
2022-04-21,17234.599609375,17414.69921875,17215.5,17392.599609375,285200,0.014941678252146,0.0148311509927678,0.1606863653460443,1.0,0.2464153423511046
2022-04-22,17242.75,17315.30078125,17149.19921875,17171.94921875,262700,-0.0126864526051679,-0.0127676127989613,0.1666324890395176,0.0,0.3185770537795545
2022-04-25,17009.05078125,17054.30078125,16888.69921875,16953.94921875,275700,-0.0126951225643019,-0.0127763942010033,0.1724994640232429,0.0,0.38977822239941134
2022-04-26,17121.30078125,17223.849609375,17064.44921875,17200.80078125,261100,0.0145601216162072,0.0144551408404643,0.1801886678679765,1.0,0.4830938238839945
2022-04-27,17073.349609375,17110.69921875,16958.44921875,17038.400390625,265100,-0.0094414436101153,-0.0094862965799431,0.1826929204105796,1.0,0.5134852450247359
2022-04-28,17189.5,17322.5,17071.05078125,17245.05078125,312900,0.0121285088909346,0.0120555478734457,0.1867936515119679,1.0,0.5632514102844427
2022-04-29,17329.25,17377.650390625,17053.25,17102.55078125,336200,-0.0082632403816946,-0.0082975702003302,0.1848344583352675,1.0,0.5394747887511865
2022-05-02,16924.44921875,17092.25,16917.25,17069.099609375,278200,-0.0019559171203674,-0.001957832424116,0.1848368190888053,1.0,0.5395034386791617
2022-05-04,17096.599609375,17132.849609375,16623.94921875,16677.599609375,310600,-0.0229361834519363,-0.0232033101901817,0.1939526725956724,1.0,0.6501327535231515
2022-05-05,16854.75,16945.69921875,16651.849609375,16682.650390625,265800,0.0003028482136697,0.0003028023644061,0.1720594354874602,1.0,0.3844380690732556
2022-05-06,16415.55078125,16484.19921875,16340.900390625,16411.25,300500,-0.0162684216398562,-0.016402205362178,0.177637051049092,0.0,0.4521275934366816
2022-05-09,16227.7001953125,16403.69921875,16142.099609375,16301.849609375,288400,-0.0066661826871809,-0.0066885009232451,0.1772500322758466,1.0,0.44743076261511927
2022-05-10,16248.900390625,16404.55078125,16197.2998046875,16240.0498046875,283100,-0.0037909688880922,-0.0037981728230063,0.1762404026381675,1.0,0.4351779730130834
2022-05-11,16270.0498046875,16318.75,15992.599609375,16167.099609375,284300,-0.0044919933245182,-0.0045021126418402,0.1701369365532805,1.0,0.36110676611666653
2022-05-12,16021.099609375,16041.9501953125,15735.75,15808.0,314900,-0.0222117521417858,-0.0224621478725792,0.1813763008160773,0.0,0.4975068483183566
2022-05-13,15977.0,16083.599609375,15740.849609375,15782.150390625,369100,-0.0016352232651188,-0.0016365617019766,0.1816119819021082,1.0,0.5003670563120067
2022-05-16,15845.099609375,15977.9501953125,15739.650390625,15842.2998046875,217600,0.0038112305721171,0.003803986233609,0.1843333141077747,1.0,0.533392939971609
2022-05-17,15912.599609375,16284.25,15900.7998046875,16259.2998046875,295700,0.0263219359020472,0.0259814752129634,0.2080904065529029,1.0,0.8217072330775674
2022-05-18,16318.150390625,16399.80078125,16211.2001953125,16240.2998046875,290400,-0.0011685620062508,-0.0011692453072036,0.204835064472878,1.0,0.7822006456116031
2022-05-19,15917.400390625,15984.75,15775.2001953125,15809.400390625,313900,-0.0265327253341793,-0.0268910708974037,0.2168807666841902,1.0,0.9283863847141821
2022-05-20,16043.7998046875,16283.0498046875,16003.849609375,16266.150390625,252400,0.0288910387942893,0.0284815608605715,0.2370965270926125,1.0,1.1737233376774194
2022-05-23,16290.9501953125,16414.69921875,16185.75,16214.7001953125,293800,-0.0031630222318707,-0.0031680351601504,0.2344722467459079,1.0,1.1418752681032676
2022-05-24,16225.5498046875,16262.7998046875,16078.599609375,16125.150390625,249800,-0.0055227542667355,-0.0055380610571896,0.2318079114480253,1.0,1.1095410946440991
2022-05-25,16196.349609375,16223.349609375,16006.9501953125,16025.7998046875,243300,-0.0061612191843656,-0.0061802778185587,0.2231950100512521,1.0,1.0050155689074172
2022-05-26,16105.0,16204.4501953125,15903.7001953125,16170.150390625,314300,0.0090073873189953,0.0089670627708302,0.2262628114081777,1.0,1.0422461762157151
2022-05-27,16296.599609375,16370.599609375,16221.9501953125,16352.4501953125,274100,0.0112738471989222,0.0112107710150345,0.2255550912011016,1.0,1.0336573368326452
2022-05-30,16527.900390625,16695.5,16506.150390625,16661.400390625,251400,0.0188932050929628,0.018716945110386,0.2367036908045241,1.0,1.1689559059317978
2022-05-31,16578.44921875,16690.75,16521.900390625,16584.55078125,651600,-0.0046124339835348,-0.00462310407988,0.2369898357676856,1.0,1.1724285397555825
2022-06-01,16594.400390625,16649.19921875,16438.849609375,16522.75,249600,-0.0037264067061659,-0.0037333670564133,0.2229361356075671,1.0,1.0018738880638276
2022-06-02,16481.650390625,16646.400390625,16443.05078125,16628.0,236000,0.0063700049931154,0.0063498022602603,0.2242423699375874,1.0,1.0177262499789224
2022-06-03,16761.650390625,16793.849609375,16567.900390625,16584.30078125,245500,-0.0026280502014673,-0.0026315095876877,0.216200002818416,1.0,0.9201246854685314
2022-06-06,16530.69921875,16610.94921875,16444.55078125,16569.55078125,233600,-0.0008893953501298,-0.0008897910968418,0.2146080815867091,1.0,0.9008052487293751
2022-06-07,16469.599609375,16487.25,16347.099609375,16416.349609375,233800,-0.0092459460064759,-0.0092889550768917,0.2170445242434488,1.0,0.93037373417824
2022-06-08,16474.94921875,16514.30078125,16293.349609375,16356.25,243500,-0.0036609606157923,-0.0036676783326505,0.2168075115768703,1.0,0.927497366222878
2022-06-09,16263.849609375,16492.80078125,16243.849609375,16478.099609375,205000,0.0074497277416889,0.0074221155706157,0.199977375734057,1.0,0.7232480992048075
2022-06-10,16283.9501953125,16324.7001953125,16172.599609375,16201.7998046875,189700,-0.0167676984141,-0.0169098677448552,0.2107943215224533,1.0,0.8545217424652435
2022-06-13,15877.5498046875,15886.150390625,15684.0,15774.400390625,225500,-0.0263797491152091,-0.0267339375202159,0.2327359426932632,1.0,1.1208036122720035
2022-06-14,15674.25,15858.0,15659.4501953125,15732.099609375,225400,-0.0026816094559853,-0.0026852114114221,0.2111877175260926,1.0,0.8592959668768353
2022-06-15,15729.25,15783.650390625,15678.900390625,15692.150390625,183000,-0.002539344381356,-0.0025425739848417,0.2112026797471555,1.0,0.8594775472701014
2022-06-16,15832.25,15863.150390625,15335.099609375,15360.599609375,264700,-0.0211284478542902,-0.021354848179315,0.2032136080033196,1.0,0.7625227714398133
2022-06-17,15272.650390625,15400.400390625,15183.400390625,15293.5,342600,-0.0043682936266399,-0.004377862497838,0.1697638025948,1.0,0.35657844036629927
2022-06-20,15334.5,15382.5,15191.099609375,15350.150390625,260000,0.0037042135956451,0.0036973698916184,0.1714588393197719,1.0,0.37714927900228434
2022-06-21,15455.9501953125,15707.25,15419.849609375,15638.7998046875,262800,0.018804337854487,0.0186297219218027,0.186985430218624,1.0,0.5655788222928793
2022-06-22,15545.650390625,15565.400390625,15385.9501953125,15413.2998046875,220900,-0.0144192650853174,-0.0145242329496379,0.192015027214564,1.0,0.6266176344219986
2022-06-23,15451.5498046875,15628.4501953125,15367.5,15556.650390625,259200,0.0093004475196092,0.0092574646586046,0.192236621686844,1.0,0.6293068883270863
2022-06-24,15657.400390625,15749.25,15619.4501953125,15699.25,219600,0.0091664725885294,0.0091247154617346,0.1904793478105385,1.0,0.6079807442877518
2022-06-27,15926.2001953125,15927.4501953125,15815.5,15832.0498046875,210900,0.008458990377725,0.0084234136068693,0.1787463152238326,1.0,0.46558954031198985
2022-06-28,15757.4501953125,15892.099609375,15710.150390625,15850.2001953125,251900,0.0011464333961117,0.0011457767431705,0.1790328968696861,1.0,0.4690674736841915
2022-06-29,15701.7001953125,15861.599609375,15687.7998046875,15799.099609375,444900,-0.0032239710103227,-0.0032291792019122,0.1789869710217827,1.0,0.468510121036592
2022-06-30,15774.5,15890.0,15728.849609375,15780.25,306000,-0.0011930812414028,-0.0011937935294284,0.1761665253112887,1.0,0.4342814033118535
2022-07-01,15703.7001953125,15793.9501953125,15511.0498046875,15752.0498046875,364100,-0.0017870563085186,-0.0017886549985601,0.1761909727436436,1.0,0.4345780955183571
2022-07-04,15710.5,15852.349609375,15661.7998046875,15835.349609375,304300,0.0052881882498054,0.0052742548822503,0.1783183525883209,1.0,0.46039581784707506
2022-07-05,15909.150390625,16025.75,15785.4501953125,15810.849609375,254200,-0.0015471713984448,-0.0015483695040555,0.1763813684314711,1.0,0.43688872331395945
2022-07-06,15818.2001953125,16011.349609375,15800.900390625,15989.7998046875,288400,0.0113181897073002,0.0112546182245321,0.1822308965703377,1.0,0.5078781583324095
2022-07-07,16113.75,16150.5,16045.9501953125,16132.900390625,264600,0.0089494920315105,0.0089096826671292,0.1832308978064322,1.0,0.5200140983745503
2022-07-08,16273.650390625,16275.5,16157.900390625,16220.599609375,281100,0.0054360478665673,0.0054213258871873,0.1745486130106832,1.0,0.4146465409088085
2022-07-11,16136.150390625,16248.5498046875,16115.5,16216.0,255900,-0.0002835659276332,-0.0002836061400529,0.1431237890417321,0.0,0.033277232795294875
2022-07-12,16126.2001953125,16158.75,16031.150390625,16058.2998046875,208600,-0.0097249750439381,-0.0097725714476848,0.1479245943646876,0.0,0.0915394463310714
2022-07-13,16128.2001953125,16140.0,15950.150390625,15966.650390625,233300,-0.0057072925015229,-0.0057236413300785,0.1493664018150562,0.0,0.10903711347228634
2022-07-14,16018.849609375,16070.849609375,15858.2001953125,15938.650390625,228600,-0.0017536552323109,-0.0017551946856914,0.1248889113515409,0.0,-0.18801987598449624
2022-07-15,16010.7998046875,16066.9501953125,15927.2998046875,16049.2001953125,205800,0.0069359576863876,0.0069120145803651,0.1238507961428953,0.0,-0.20061836434053143
2022-07-18,16151.400390625,16287.9501953125,16142.2001953125,16278.5,227700,0.0142873041582765,0.0141862024707188,0.1307018307404676,0.0,-0.1174747220111613
2022-07-19,16187.0498046875,16359.5,16187.0498046875,16340.5498046875,222600,0.0038117642711243,0.0038045179061477,0.1169640852599713,0.0,-0.2841949713946709
2022-07-20,16562.80078125,16588.0,16490.94921875,16520.849609375,284400,0.0110338885069691,0.0109734592658458,0.1027824131216334,0.0,-0.4563026814214438
2022-07-21,16523.55078125,16626.94921875,16483.900390625,16605.25,243600,0.005108719746296,0.0050957145121648,0.1007149661218792,0.0,-0.4813930632366815
2022-07-22,16661.25,16752.25,16610.900390625,16719.44921875,190900,0.0068772959606149,0.0068537552301666,0.0992737962685115,0.0,-0.4988829925484873
2022-07-25,16662.55078125,16706.05078125,16564.25,16631.0,211400,-0.0052901993117577,-0.0053042419636502,0.1015318776849031,0.0,-0.47147908574270514
2022-07-26,16632.900390625,16636.099609375,16463.30078125,16483.849609375,208200,-0.008847958067765,-0.0088873336833467,0.1092120683332584,0.0,-0.3782728677337486
2022-07-27,16475.349609375,16653.44921875,16438.75,16641.80078125,185200,0.0095821774414373,0.0095365595600848,0.1105596649398215,0.0,-0.3619185363310056
2022-07-28,16774.849609375,16947.650390625,16746.25,16929.599609375,376300,0.0172937311236929,0.0171458965295262,0.1208991898946413,0.0,-0.23643883651986142
2022-07-29,17079.5,17172.80078125,17018.150390625,17158.25,436100,0.0135059538264792,0.0134155614131158,0.1240573174880313,0.0,-0.1981120367765965
2022-08-01,17243.19921875,17356.25,17154.80078125,17340.05078125,381500,0.0105955316684394,0.0105397924018547,0.1260122030739491,0.0,-0.17438769184218533
2022-08-02,17310.150390625,17390.150390625,17215.849609375,17345.44921875,333600,0.0003113276638058,0.0003112792114048,0.1249895059149934,0.0,-0.1867990679029055
2022-08-03,17349.25,17407.5,17225.849609375,17388.150390625,285400,0.0024618083588656,0.0024587830727669,0.122686299955719,0.0,-0.21475060277862232
2022-08-04,17463.099609375,17490.69921875,17161.25,17382.0,325000,-0.0003537116074355,-0.0003537741781412,0.1223677869204277,0.0,-0.21861605309949597
2022-08-05,17423.650390625,17474.400390625,17348.75,17397.5,355300,0.0008917270739845,0.0008913297215996,0.1225930189389317,0.0,-0.21588265420610048
2022-08-08,17401.5,17548.80078125,17359.75,17525.099609375,257000,0.0073343646716481,0.0073075990121405,0.1224450918190438,0.0,-0.21767788664458962
2022-08-10,17566.099609375,17566.099609375,17442.80078125,17534.75,312700,0.0005506610997998,0.000550509541612,0.1122341946549759,0.0,-0.3415965692289805
2022-08-11,17711.650390625,17719.30078125,17631.94921875,17659.0,311200,0.0070859293688247,0.0070609421403666,0.1059406356291955,0.0,-0.41797472980690087
2022-08-12,17659.650390625,17724.650390625,17597.849609375,17698.150390625,303900,0.0022170219505635,0.0022145679837284,0.1034733029969147,0.0,-0.44791809368345054
2022-08-16,17797.19921875,17839.099609375,17764.05078125,17825.25,0,0.0071815193435313,0.007155855032733,0.1035293031227707,0.0,-0.4472384803537762
2022-08-17,17868.150390625,17965.94921875,17833.349609375,17944.25,262800,0.0066759231988331,0.0066537379070216,0.0982204476605517,0.0,-0.5116663522967192
2022-08-18,17898.650390625,17968.44921875,17852.05078125,17956.5,263900,0.000682669936052,0.000682437022927,0.0992895527716064,0.0,-0.4986917728080194
2022-08-19,17966.55078125,17992.19921875,17710.75,17758.44921875,295600,-0.011029475746944,-0.0110907513899549,0.1110386050042829,0.0,-0.3561061556095748
2022-08-22,17682.900390625,17690.05078125,17467.349609375,17490.69921875,287600,-0.0150773300473388,-0.0151921485542088,0.1292949024815676,0.0,-0.13454909789922287
2022-08-23,17357.349609375,17625.55078125,17345.19921875,17577.5,285600,0.0049626821755044,0.004950408657946,0.1286387421446778,0.0,-0.14251221056258873
2022-08-24,17525.44921875,17623.650390625,17499.25,17604.94921875,262000,0.0015616110795051,0.0015603930328352,0.125380018034846,0.0,-0.1820598420887761
2022-08-25,17679.0,17726.5,17487.44921875,17522.44921875,230200,-0.0046861822192667,-0.0046971967955087,0.1209845841697909,0.0,-0.23540249799771615
2022-08-26,17619.30078125,17685.849609375,17519.349609375,17558.900390625,266600,0.0020802555293466,0.0020780947938819,0.1185574157101027,0.0,-0.2648584324863486
2022-08-29,17188.650390625,17380.150390625,17166.19921875,17312.900390625,244900,-0.0140099889245538,-0.0141090551859436,0.1198869333160133,0.0,-0.24872350648034033
2022-08-30,17414.94921875,17777.650390625,17401.5,17759.30078125,324700,0.0257842637890255,0.0254574554274316,0.1418720860264661,1.0,0.01808665882844481
2022-09-01,17485.69921875,17695.599609375,17468.44921875,17542.80078125,308500,-0.0121907952721076,-0.0122657125065035,0.1461035693265214,0.0,0.0694396229701195
2022-09-02,17598.400390625,17643.849609375,17476.44921875,17539.44921875,256300,-0.0001910505934481,-0.0001910688459375,0.1461267598402622,0.0,0.06972106130653964
2022-09-05,17546.44921875,17683.150390625,17540.349609375,17665.80078125,230300,0.0072038500710118,0.0071780262893559,0.1478912809109832,0.0,0.09113515675405812
2022-09-06,17695.69921875,17764.650390625,17587.650390625,17655.599609375,251200,-0.0005774531254664,-0.0005776199157346,0.1479164162196002,0.0,0.09144019697531623
2022-09-07,17519.400390625,17650.75,17484.30078125,17624.400390625,354100,-0.0017671004916441,-0.0017686636555011,0.148191179588527,0.0,0.0947747046246221
2022-09-08,17748.150390625,17807.650390625,17691.94921875,17798.75,279800,0.0098925129655895,0.0098439023835124,0.1499657844904668,1.0,0.11631117669193773
2022-09-09,17923.349609375,17925.94921875,17786.0,17833.349609375,270300,0.0019439347917691,0.001942047795601,0.1500195296496057,0.0,0.11696342391456341
2022-09-12,17890.849609375,17980.55078125,17889.150390625,17936.349609375,228200,0.005775695663245,0.0057590802792838,0.1493737951823426,0.0,0.10912683882347449
2022-09-13,18044.44921875,18088.30078125,18015.44921875,18070.05078125,259900,0.0074542019299801,0.0074265566640349,0.151172932578581,1.0,0.13096103540266674
2022-09-14,17771.150390625,18091.55078125,17771.150390625,18003.75,365900,-0.0036690976717561,-0.0036758453208641,0.15024733089959,0.0,0.11972800280861695
2022-09-15,18046.349609375,18096.150390625,17861.5,17877.400390625,289600,-0.0070179606679163,-0.0070427023794097,0.1506702393900622,0.0,0.12486038854818592
2022-09-16,17796.80078125,17820.05078125,17497.25,17530.849609375,468500,-0.0193848531485446,-0.0195752033704768,0.1655451968731223,0.0,0.3053817575505248
2022-09-19,17540.650390625,17667.19921875,17429.69921875,17622.25,258300,0.0052136885924867,0.0052001443746094,0.1627107480887317,1.0,0.27098309957063377
2022-09-20,17770.400390625,17919.30078125,17744.400390625,17816.25,263100,0.0110088098852303,0.0109486540312579,0.1575350734182226,1.0,0.20817149973278176
2022-09-21,17766.349609375,17838.69921875,17663.599609375,17718.349609375,245500,-0.0054950054374517,-0.0055101585161579,0.1583611520369131,0.0,0.21819672792717462
2022-09-22,17609.650390625,17722.75,17532.44921875,17629.80078125,284100,-0.0049975776569025,-0.0050101073108318,0.1594358941535265,0.0,0.2312397176927904
2022-09-23,17593.849609375,17642.150390625,17291.650390625,17327.349609375,390800,-0.0171556772324205,-0.0173045408909074,0.1703436733715176,0.0,0.3636157086460049
2022-09-26,17156.30078125,17196.400390625,16978.30078125,17016.30078125,492000,-0.0179513217622564,-0.0181144013493809,0.1809460985256827,0.0,0.49228594556966515
2022-09-27,17110.900390625,17176.44921875,16942.349609375,17007.400390625,359900,-0.0005230508522044,-0.0005231876910193,0.1747801153935098,1.0,0.41745603647360274
2022-09-28,16870.55078125,17037.599609375,16820.400390625,16858.599609375,323900,-0.0087491784653945,-0.0087876772469355,0.1462544659424644,0.0,0.07127089299014291
2022-09-29,16993.599609375,17026.05078125,16788.599609375,16818.099609375,340000,-0.0024023347691036,-0.0024052250050792,0.1417318026408745,0.0,0.016384190176409054
2022-09-30,16798.05078125,17187.099609375,16747.69921875,17094.349609375,376100,0.016425755966269,0.0162923125267817,0.1560452649259019,1.0,0.19009129554454668
2022-10-03,17102.099609375,17114.650390625,16855.55078125,16887.349609375,278400,-0.0121092644487904,-0.012183178897324,0.1572473913021303,0.0,0.20468021113625223
2022-10-04,17147.44921875,17287.30078125,17117.30078125,17274.30078125,226000,0.0229136709327191,0.0226550952685504,0.1804449660016747,1.0,0.48620423882270175
2022-10-06,17379.25,17428.80078125,17315.650390625,17331.80078125,265500,0.0033286441360573,0.0033231164632058,0.1810955968867272,1.0,0.4941002464730521
2022-10-07,17287.19921875,17337.349609375,17216.94921875,17314.650390625,216300,-0.0009895331040011,-0.0009900230150986,0.1766493309027108,1.0,0.440140695778723
2022-10-10,17094.349609375,17280.150390625,17064.69921875,17241.0,234000,-0.0042536458411471,-0.0042627183291925,0.1764752229526509,1.0,0.4380277347477555
2022-10-11,17256.05078125,17261.80078125,16950.30078125,16983.55078125,282600,-0.0149323831999303,-0.0150449936685785,0.1802405061951095,1.0,0.48372292993633115
2022-10-12,17025.55078125,17142.349609375,16960.05078125,17123.599609375,256000,0.0082461453396196,0.008212331644389,0.1808482889997306,1.0,0.4910989364944157
2022-10-13,17087.349609375,17112.349609375,16956.94921875,17014.349609375,266400,-0.0063800837728176,-0.0064005234917517,0.1813033456864555,1.0,0.49662147033391074
2022-10-14,17322.30078125,17348.55078125,17169.75,17185.69921875,227000,0.0100708880038873,0.0100205145326987,0.1860938509286462,1.0,0.5547586828616091
2022-10-17,17144.80078125,17328.55078125,17098.55078125,17311.80078125,212200,0.0073375869608156,0.0073107978348221,0.1765934802756341,1.0,0.4394628967550279
2022-10-18,17438.75,17527.80078125,17434.05078125,17486.94921875,239500,0.010117285874136,0.0100664487390829,0.179544012610875,1.0,0.47527033600653024
2022-10-19,17568.150390625,17607.599609375,17472.849609375,17512.25,210500,0.0014468379208691,0.0014457922593648,0.1746907336327799,1.0,0.416371306125353
2022-10-20,17423.099609375,17584.150390625,17421.0,17563.94921875,249600,0.002952174549244,0.0029478254394111,0.1742843510888101,1.0,0.4114394780337685
2022-10-21,17622.849609375,17670.150390625,17520.75,17576.30078125,277700,0.0007032337856462,0.0007029866326317,0.1734743304026327,1.0,0.40160912770466767
2022-10-24,17736.349609375,17777.55078125,17707.400390625,17730.75,45000,0.0087873563767617,0.008748972260095,0.1636821018312466,1.0,0.28277137577808015
2022-10-25,17808.30078125,17811.5,17637.0,17656.349609375,251400,-0.004196122026705,-0.0042049504521588,0.1487326675372484,0.0,0.10134616178090458
2022-10-27,17771.400390625,17783.900390625,17654.5,17736.94921875,324600,0.0045649078749665,0.0045545202832827,0.1487519274921991,0.0,0.10157989915047909
2022-10-28,17756.400390625,17838.900390625,17723.69921875,17786.80078125,250000,0.0028106052447454,0.0028066628790527,0.1430816374765037,0.0,0.03276568455932281
2022-10-31,17910.19921875,18022.80078125,17899.900390625,18012.19921875,227200,0.0126722303955641,0.0125926096268805,0.1458887542719644,1.0,0.0668326435703394
2022-11-01,18130.69921875,18175.80078125,18060.150390625,18145.400390625,349900,0.0073950532223929,0.0073678438770083,0.13871574125658,0.0,-0.02021850470241517
2022-11-02,18177.900390625,18178.75,18048.650390625,18082.849609375,270900,-0.0034471976315451,-0.0034531529072475,0.1291902669487428,0.0,-0.1358189468822088
2022-11-03,17968.349609375,18106.30078125,17959.19921875,18052.69921875,213000,-0.0016673473084335,-0.001668738878993,0.1083234651292632,0.0,-0.38905688960861834
2022-11-04,18053.400390625,18135.099609375,18017.150390625,18117.150390625,267900,0.0035701681556883,0.0035638102334325,0.1083598163396761,0.0,-0.3886157340438981
2022-11-07,18211.75,18255.5,18064.75,18202.80078125,314800,0.0047275862251119,0.0047164462855731,0.1080133458277825,0.0,-0.3928204742051524
2022-11-09,18288.25,18296.400390625,18117.5,18157.0,307200,-0.0025161392359563,-0.0025193100341803,0.1067350843015176,0.0,-0.40833336027068556
2022-11-10,18044.349609375,18103.099609375,17969.400390625,18028.19921875,256500,-0.0070937259046097,-0.0071190060025469,0.0920683221593294,0.0,-0.5863280862223194
2022-11-11,18272.349609375,18362.30078125,18259.349609375,18349.69921875,378500,0.0178331732470333,0.0176760277314828,0.1044863958278241,0.0,-0.43562327502796927
2022-11-14,18376.400390625,18399.44921875,18311.400390625,18329.150390625,301400,-0.0011198455015547,-0.0011204729970374,0.0994380451305889,0.0,-0.49688968067024797
2022-11-15,18362.75,18427.94921875,18282.0,18403.400390625,250900,0.0040509242609507,0.0040427413587009,0.0966405243395134,0.0,-0.5308401832913529
2022-11-16,18398.25,18442.150390625,18344.150390625,18409.650390625,219300,0.0003396111515991,0.0003395534967851,0.0960873139066482,0.0,-0.5375539036364989
2022-11-17,18358.69921875,18417.599609375,18312.94921875,18343.900390625,200500,-0.0035714963948192,-0.0035778894143715,0.0951199387716496,0.0,-0.5492938957613599
2022-11-18,18382.94921875,18394.599609375,18209.80078125,18307.650390625,198800,-0.0019761337135545,-0.0019780888419361,0.0963403330186084,0.0,-0.5344832826598118
2022-11-21,18246.400390625,18262.30078125,18133.349609375,18159.94921875,213800,-0.0080677295405768,-0.0081004497747084,0.1029875559348569,0.0,-0.45381308361746553
2022-11-22,18179.150390625,18261.849609375,18137.69921875,18244.19921875,177700,0.0046393301536886,0.0046286016308605,0.1034411274518356,0.0,-0.4483085736866836
2022-11-23,18325.19921875,18325.400390625,18246.0,18267.25,178800,0.0012634580983039,0.0012626606067816,0.1001955145316983,0.0,-0.48769708879754037
2022-11-24,18326.099609375,18529.69921875,18294.25,18484.099609375,204000,0.0118709498898301,0.0118010428622143,0.1041585132744037,0.0,-0.43960243311852776
2022-11-25,18528.44921875,18534.900390625,18445.099609375,18512.75,205900,0.0015500019600884,0.0015488019469054,0.1038380393156903,0.0,-0.4434916810590631
2022-11-28,18430.55078125,18614.25,18365.599609375,18562.75,206500,0.0027008413120686,0.0026972005940332,0.1038294517286552,0.0,-0.44359589937160415
2022-11-29,18552.44921875,18678.099609375,18552.150390625,18618.05078125,195300,0.0029791265437502,0.0029746977400658,0.0963228149616627,0.0,-0.5346958804857687
2022-11-30,18625.69921875,18816.05078125,18616.55078125,18758.349609375,345600,0.0075356346254191,0.0075073835684748,0.0964338075347986,0.0,-0.5333488829380847
2022-12-01,18871.94921875,18887.599609375,18778.19921875,18812.5,325000,0.0028867353340049,0.0028825767148602,0.0945819399483621,0.0,-0.5558230091529182
2022-12-02,18752.400390625,18781.94921875,18639.19921875,18696.099609375,254400,-0.006187396179402,-0.0062066174425393,0.0982046943248244,0.0,-0.5118575335982513
2022-12-05,18719.55078125,18728.599609375,18591.349609375,18701.05078125,288400,0.0002648237856262,0.000264788725997,0.0980951208270356,0.0,-0.5131873093538952
2022-12-06,18600.650390625,18654.900390625,18577.900390625,18642.75,217800,-0.0031175136590962,-0.0031223832280691,0.09872165432661,0.0,-0.505583745767391
2022-12-07,18638.849609375,18668.30078125,18528.400390625,18560.5,200500,-0.0044119027503989,-0.0044216639141222,0.0998947004679502,0.0,-0.49134774572646306
2022-12-08,18570.849609375,18625.0,18536.94921875,18609.349609375,202800,0.0026319123609277,0.0026284549446723,0.095137999458141,0.0,-0.5490747126239115
2022-12-09,18662.400390625,18664.69921875,18410.099609375,18496.599609375,215800,-0.0060587824059793,-0.0060772113035933,0.0776046692124906,0.0,-0.7618578942040571
2022-12-12,18402.150390625,18521.55078125,18345.69921875,18497.150390625,193900,2.977743269738653e-05,2.977698935843848e-05,0.0774131965430843,0.0,-0.7641815921673702
2022-12-13,18524.400390625,18617.25,18490.19921875,18608.0,187600,0.0059927938646799,0.0059749084955102,0.0788902037653993,0.0,-0.7462567432323537
2022-12-14,18671.25,18696.099609375,18632.900390625,18660.30078125,208000,0.0028106610731943,0.0028067185510282,0.0792868392984232,0.0,-0.7414432041349824
2022-12-15,18614.400390625,18652.900390625,18387.69921875,18414.900390625,183100,-0.0131509343553336,-0.013238173588299,0.0924789577550294,0.0,-0.5813446434137417
2022-12-16,18319.099609375,18440.94921875,18255.150390625,18269.0,277700,-0.0079229530179417,-0.007954506384605,0.0966778709929914,0.0,-0.530386947104212
2022-12-19,18288.099609375,18431.650390625,18244.55078125,18420.44921875,154800,0.0082899566889265,0.0082557837296452,0.096170384588259,0.0,-0.5365457640713662
2022-12-20,18340.30078125,18404.900390625,18202.650390625,18385.30078125,169000,-0.0019081205394395,-0.0019099433205291,0.0954365798192002,0.0,-0.5454511637433851
2022-12-21,18435.150390625,18473.349609375,18162.75,18199.099609375,187600,-0.0101277196435586,-0.0101793539169421,0.1024275911514869,0.0,-0.46060877425403823
2022-12-22,18288.80078125,18318.75,18068.599609375,18127.349609375,195700,-0.0039425027358517,-0.0039502948868902,0.0927829405273313,0.0,-0.5776555312753334
2022-12-23,17977.650390625,18050.44921875,17779.5,17806.80078125,221500,-0.0176831602541178,-0.0178413752680846,0.1097641704637909,0.0,-0.371572597662635
2022-12-26,17830.400390625,18084.099609375,17774.25,18014.599609375,176700,0.0116696328935068,0.0116020678589944,0.1189269330144898,0.0,-0.2603739981789579
2022-12-27,18089.80078125,18149.25,17967.44921875,18132.30078125,214300,0.0065336546149905,0.0065124028114138,0.1213305586624747,0.0,-0.2312037774884107
2022-12-28,18084.75,18173.099609375,18068.349609375,18122.5,193900,-0.0005405150382313,-0.0005406611691443,0.1168431182004554,0.0,-0.285663018561385
2022-12-29,18045.69921875,18229.69921875,17992.80078125,18191.0,281100,0.0037798317009243,0.0037727060871833,0.1173502151655025,0.0,-0.27950892780505965
2022-12-30,18259.099609375,18265.25,18080.30078125,18105.30078125,192000,-0.0047110779368918,-0.0047222100411233,0.1167072685479564,0.0,-0.2873116797609574
2023-01-02,18131.69921875,18215.150390625,18086.5,18197.44921875,256100,0.0050895833553579,0.0050766752055361,0.1189582189746002,0.0,-0.2599943141122226
2023-01-03,18163.19921875,18251.94921875,18149.80078125,18232.55078125,208700,0.0019289276248581,0.0019270696328715,0.1193185584119628,0.0,-0.25562126171107735
2023-01-04,18230.650390625,18243.0,18020.599609375,18042.94921875,235200,-0.0103990694870288,-0.0104535176122929,0.123388947993104,0.0,-0.20622331886671888
2023-01-05,18101.94921875,18120.30078125,17892.599609375,17992.150390625,269900,-0.0028154392892826,-0.002819410093268,0.1225340911693213,0.0,-0.21659779720092492
2023-01-06,18008.05078125,18047.400390625,17795.55078125,17859.44921875,238200,-0.0073755037054461,-0.0074028372147649,0.1232523536392987,0.0,-0.20788101770552248
2023-01-09,17952.55078125,18141.400390625,17936.150390625,18101.19921875,257200,0.0135362517084902,0.0134454550995231,0.1345110645821351,0.0,-0.07124614564507996
2023-01-10,18121.30078125,18127.599609375,17856.0,17914.150390625,283300,-0.0103335047509585,-0.0103872660939372,0.1356600284230922,0.0,-0.05730240659641621
2023-01-11,17924.25,17976.349609375,17824.349609375,17895.69921875,259900,-0.0010299775022909,-0.0010305082936186,0.1345737014822192,0.0,-0.07048598892085937
2023-01-12,17920.849609375,17945.80078125,17761.650390625,17858.19921875,227800,-0.0020954755408891,-0.0020976741216788,0.1279842493110515,0.0,-0.15045508653134282
2023-01-13,17867.5,17999.349609375,17774.25,17956.599609375,256700,0.0055100959183882,0.0054949708747303,0.1279408467494519,0.0,-0.15098181676550285
2023-01-16,18033.150390625,18049.650390625,17853.650390625,17894.849609375,206200,-0.0034388470725693,-0.0034447734977776,0.1235467713466026,0.0,-0.2043079864789422
2023-01-17,17922.80078125,18072.05078125,17886.94921875,18053.30078125,219100,0.0088545685118242,0.0088155967034695,0.128769882248182,0.0,-0.1409207040965939
2023-01-18,18074.30078125,18183.75,18032.44921875,18165.349609375,255800,0.00620655632356,0.0061873749786786,0.126226222525726,0.0,-0.17179036781810694
2023-01-19,18119.80078125,18155.19921875,18063.75,18107.849609375,237800,-0.003165367099256,-0.0031703874707042,0.1259401419874017,0.0,-0.17526221978689682
2023-01-20,18115.599609375,18145.44921875,18016.19921875,18027.650390625,237200,-0.0044289753051891,-0.0044388122721841,0.1086296300336618,0.0,-0.38534129527865496
2023-01-23,18118.44921875,18162.599609375,18063.44921875,18118.55078125,202500,0.0050422760956287,0.0050296063930943,0.1021243866617935,0.0,-0.46428844121304913
2023-01-24,18183.94921875,18201.25,18078.650390625,18118.30078125,216900,-1.3798013043020418e-05,-1.379810823647804e-05,0.0994406502071385,0.0,-0.4968580656565159
2023-01-25,18093.349609375,18100.599609375,17846.150390625,17891.94921875,257200,-0.0124929796250122,-0.0125716729916367,0.1089607893479649,0.0,-0.38132237066364677
2023-01-27,17877.19921875,17884.75,17493.55078125,17604.349609375,476300,-0.0160742469061787,-0.0162048389496388,0.1206756974407481,0.0,-0.23915112418753623
2023-01-30,17541.94921875,17709.150390625,17405.55078125,17648.94921875,432400,0.0025334426073457,0.0025302388515036,0.1209637048708047,0.0,-0.23565588760512107
2023-01-31,17731.44921875,17735.69921875,17537.55078125,17662.150390625,398300,0.0007479862801675,0.000747706677847,0.118906706597406,0.0,-0.26061946446053463
2023-02-01,17811.599609375,17972.19921875,17353.400390625,17616.30078125,512900,-0.0025959245256645,-0.0025992997802722,0.1182638088188182,0.0,-0.26842162371049544
2023-02-02,17517.099609375,17653.900390625,17445.94921875,17610.400390625,490100,-0.0003349392530399,-0.0003349953577196,0.1137190310490144,0.0,-0.3235767060527946
2023-02-03,17721.75,17870.30078125,17584.19921875,17854.05078125,424100,0.0138355963078902,0.0137407582052342,0.1252273306176187,0.0,-0.18391284513894895
2023-02-06,17818.55078125,17823.69921875,17698.349609375,17764.599609375,282500,-0.0050101331608701,-0.0050227259566789,0.123734407022572,0.0,-0.20203085398036183
2023-02-07,17790.099609375,17811.150390625,17652.55078125,17721.5,354400,-0.0024261514654264,-0.0024290993398515,0.1127453415352988,0.0,-0.33539332900444563
2023-02-08,17750.30078125,17898.69921875,17744.150390625,17871.69921875,291000,0.0084755364246817,0.0084398207303899,0.1118906951387151,0.0,-0.3457652536099382
2023-02-09,17885.5,17916.900390625,17779.80078125,17893.44921875,260900,0.0012170079483646,0.0012162679944837,0.1119320574572354,0.0,-0.34526328361285413
2023-02-10,17847.55078125,17876.94921875,17801.0,17856.5,232000,-0.0020649578680046,-0.0020670928330845,0.111924531351674,0.0,-0.3453546198657979
2023-02-13,17859.099609375,17880.69921875,17719.75,17770.900390625,231300,-0.0047937507000251,-0.0048052775756446,0.1111810294743298,0.0,-0.3543777029170829
2023-02-14,17840.349609375,17954.55078125,17800.05078125,17929.849609375,244500,0.0089443537049958,0.0089045899051629,0.1154323395097892,0.0,-0.3027841230007367
2023-02-15,17896.599609375,18034.099609375,17853.80078125,18015.849609375,229300,0.0047964707944361,0.0047850043793272,0.1122373867160219,0.0,-0.3415578306154
2023-02-16,18094.75,18134.75,18000.650390625,18035.849609375,230200,0.0011101336008929,0.0011095178582493,0.1098849930285767,0.0,-0.3701063040731344
2023-02-17,17974.849609375,18034.25,17884.599609375,17944.19921875,208100,-0.0050815676893513,-0.005094522761127,0.1107470973385845,0.0,-0.35964387078936483
2023-02-20,17965.55078125,18004.349609375,17818.400390625,17844.599609375,174600,-0.0055505184801407,-0.0055659798467826,0.1113556209387551,0.0,-0.35225887399202066
2023-02-21,17905.80078125,17924.900390625,17800.30078125,17826.69921875,198200,-0.001003126492992,-0.0010036299610954,0.1094171430797135,0.0,-0.37578409598296947
2023-02-22,17755.349609375,17772.5,17529.44921875,17554.30078125,204000,-0.0152803631315826,-0.0153983109464969,0.1209487412969609,0.0,-0.23583748441563473
2023-02-23,17574.650390625,17620.05078125,17455.400390625,17511.25,240800,-0.0024524349779846,-0.0024554471223785,0.1138806362475335,0.0,-0.32161547747733243
2023-02-24,17591.349609375,17599.75,17421.80078125,17465.80078125,209400,-0.002595429723749,-0.0025988036906682,0.0992011348950233,0.0,-0.4997648055305155
2023-02-27,17428.599609375,17451.599609375,17299.0,17392.69921875,246400,-0.0041854114458053,-0.0041941947968163,0.099442509874976,0.0,-0.4968354968670389
2023-02-28,17383.25,17440.44921875,17255.19921875,17303.94921875,420900,-0.0051027157362857,-0.0051157790480877,0.1004587928975963,0.0,-0.48450196228408776
2023-03-01,17360.099609375,17467.75,17345.25,17450.900390625,272900,0.008492348770636,0.0084564916412935,0.1056892678142257,0.0,-0.421025310767092
2023-03-02,17421.5,17445.80078125,17306.0,17321.900390625,310700,-0.0073921687198044,-0.0074196261962128,0.1085216809070645,0.0,-0.38665135778728016
2023-03-03,17451.25,17644.75,17427.69921875,17594.349609375,356200,0.0157285986298278,0.0156061861385825,0.1119892941684484,0.0,-0.34456866317598045
2023-03-06,17680.349609375,17799.94921875,17671.94921875,17711.44921875,362800,0.0066555236183669,0.006633473404126,0.1136971660169514,0.0,-0.32384205844293
2023-03-08,17665.75,17766.5,17602.25,17754.400390625,267000,0.0024250512391459,0.0024221155475668,0.1137113402511858,0.0,-0.3236700409987479
2023-03-09,17772.05078125,17772.349609375,17573.599609375,17589.599609375,262400,-0.0092822498999752,-0.0093255984380825,0.1139007696346388,0.0,-0.32137114020060126
2023-03-10,17443.80078125,17451.5,17324.349609375,17412.900390625,235900,-0.010045664635585,-0.0100964628118636,0.1182463352624499,0.0,-0.2686336814807807
2023-03-13,17421.900390625,17529.900390625,17113.44921875,17154.30078125,254900,-0.0148510359316261,-0.0149624166878137,0.1277455073983301,0.0,-0.1533524404882726
2023-03-14,17160.55078125,17224.650390625,16987.099609375,17043.30078125,290600,-0.0064706805258611,-0.0064917061281422,0.1283743646420848,0.0,-0.1457206761165817
2023-03-15,17166.44921875,17211.349609375,16938.900390625,16972.150390625,248200,-0.0041746837386849,-0.0041834220591396,0.1217421596312864,0.0,-0.22620861898411287
2023-03-16,16994.650390625,17062.44921875,16850.150390625,16985.599609375,349800,0.0007924286811309,0.0007921148752918,0.1192665962809509,0.0,-0.2562518702380079
2023-03-17,17111.80078125,17145.80078125,16958.150390625,17100.05078125,408100,0.0067381296219788,0.0067155298897271,0.1233828850983725,0.0,-0.20629689770271176
2023-03-20,17066.599609375,17066.599609375,16828.349609375,16988.400390625,241800,-0.0065292432199922,-0.0065506519680019,0.1238706302517115,0.0,-0.2003776590826833
2023-03-21,17060.400390625,17127.69921875,17016.0,17107.5,246700,0.007010642946744,0.0069861826445701,0.1280122623963443,0.0,-0.15011512182806258
2023-03-22,17177.44921875,17207.25,17107.849609375,17151.900390625,0,0.0025953757489405,0.0025920135774438,0.1290561447311471,0.0,-0.1374466440612817
2023-03-23,17097.400390625,17205.400390625,17045.30078125,17076.900390625,219200,-0.0043726933046436,-0.0043822814890137,0.1193680284119255,0.0,-0.2550208974997523
2023-03-24,17076.19921875,17109.44921875,16917.349609375,16945.05078125,228000,-0.0077209333285906,-0.0077508940504488,0.1214632194817134,0.0,-0.22959381573025348
2023-03-27,16984.30078125,17091.0,16918.55078125,16985.69921875,218400,0.0023988383407489,0.002395965721106,0.1222336657677436,0.0,-0.22024373735488148
2023-03-28,17031.75,17061.75,16913.75,16951.69921875,238800,-0.0020016838613549,-0.002003689907923,0.1218146096909224,0.0,-0.225329370491155
2023-03-29,16977.30078125,17126.150390625,16940.599609375,17080.69921875,345900,0.0076098565893214,0.0075810476927372,0.1248180103958259,0.0,-0.18888032466838797
2023-03-31,17210.349609375,17381.599609375,17204.650390625,17359.75,263900,0.0163371989446239,0.0162051828184336,0.1349359356664308,0.0,-0.06608994201398294
2023-04-03,17427.94921875,17428.05078125,17312.75,17398.05078125,230200,0.0022062979737611,0.0022038676723761,0.1324666192473361,0.0,-0.09605738097860345
2023-04-05,17422.30078125,17570.55078125,17402.69921875,17557.05078125,248300,0.0091389548173612,0.0090974472685303,0.1241958230710956,0.0,-0.19643114340276943
2023-04-06,17533.849609375,17638.69921875,17502.849609375,17599.150390625,242700,0.0023978747854371,0.0023950044712142,0.1220377765152768,0.0,-0.22262103463915428
2023-04-10,17634.900390625,17694.099609375,17597.94921875,17624.05078125,254800,0.001414863221935,0.0014138632460749,0.1217897444432915,0.0,-0.2256311332725293
2023-04-11,17704.80078125,17748.75,17655.150390625,17722.30078125,304300,0.0055747683219642,0.0055592868116142,0.1186917966957071,0.0,-0.2632275949181191
2023-04-12,17759.55078125,17825.75,17717.25,17812.400390625,232800,0.0050839679614469,0.0050710882313096,0.1130178244334118,0.0,-0.33208649697799447
2023-04-13,17807.30078125,17842.150390625,17729.650390625,17828.0,285800,0.0008757724412713,0.0008753891763391,0.0957657795945153,0.0,-0.5414560199466503
2023-04-17,17863.0,17863.0,17574.05078125,17706.849609375,357400,-0.0067955121508301,-0.0068187067828511,0.0961532560440556,0.0,-0.5367536347998799
2023-04-18,17766.599609375,17766.599609375,17610.19921875,17660.150390625,258900,-0.0026373533282438,-0.0026408372714739,0.0950058182113184,0.0,-0.5506788543271752
2023-04-19,17653.349609375,17666.150390625,17579.849609375,17618.75,281500,-0.0023442830162407,-0.0023470351496987,0.0961756444188218,0.0,-0.5364819311619277
2023-04-20,17638.599609375,17684.44921875,17584.349609375,17624.44921875,215100,0.0003234746363958,0.0003234223297552,0.0945313372060966,0.0,-0.5564371202399208
2023-04-21,17639.75,17663.19921875,17553.94921875,17624.05078125,230200,-2.260708945023282e-05,-2.260734499433094e-05,0.0898735539639829,0.0,-0.6129636285233946
2023-04-24,17707.55078125,17754.5,17612.5,17743.400390625,255700,0.0067719737565652,0.0067491469394085,0.0896971863217096,0.0,-0.6151040130096797
2023-04-25,17761.55078125,17807.44921875,17716.849609375,17769.25,297400,0.0014568576938982,0.0014557975062981,0.089658960259719,0.0,-0.6155679216326098
2023-04-26,17767.30078125,17827.75,17711.19921875,17813.599609375,233000,0.0024958627615121,0.0024927532688865,0.0866755737315716,0.0,-0.6517740769065077
2023-04-27,17813.099609375,17931.599609375,17797.900390625,17915.05078125,241400,0.0056951528101938,0.0056789967392659,0.0791939662295814,0.0,-0.7425703047367732
2023-04-28,17950.400390625,18089.150390625,17885.30078125,18065.0,290300,0.0083700136036979,0.0083351792806977,0.081578931325011,0.0,-0.7136265471132608
2023-05-02,18124.80078125,18180.25,18101.75,18147.650390625,265200,0.0045751669319125,0.0045647326692429,0.0794539900710819,0.0,-0.7394146748874527
2023-05-03,18113.80078125,18116.349609375,18042.400390625,18089.849609375,226200,-0.0031850283648763,-0.0031901113635851,0.0811333960586887,0.0,-0.7190335297084659
2023-05-04,18081.0,18267.44921875,18066.69921875,18255.80078125,226600,0.0091737176073036,0.0091318946467,0.0686366065726608,0.0,-0.8706936301639393
2023-05-05,18117.30078125,18216.94921875,18055.44921875,18069.0,239700,-0.0102324068655403,-0.0102851178222677,0.0823396200384685,0.0,-0.7043948859072131
2023-05-08,18120.599609375,18286.94921875,18100.30078125,18264.400390625,228400,0.0108141231183243,0.0107560686526575,0.0844481837574411,0.0,-0.6788055146696093
2023-05-09,18303.400390625,18344.19921875,18229.650390625,18265.94921875,245400,8.480038171931881e-05,8.479678637020549e-05,0.0846935580828322,0.0,-0.6758276702496793
2023-05-10,18313.599609375,18326.75,18211.94921875,18315.099609375,220500,0.0026908205008338,0.0026872067245805,0.084725318062853,0.0,-0.6754422335128436
2023-05-11,18357.80078125,18389.69921875,18270.400390625,18297.0,248900,-0.0009882342854272,-0.0009887229108728,0.0841845053469748,0.0,-0.6820054960939558
2023-05-12,18273.75,18342.75,18194.55078125,18314.80078125,241700,0.0009728797753729,0.0009724068345624,0.0831916026960201,0.0,-0.6940552882389428
2023-05-15,18339.30078125,18458.900390625,18287.900390625,18398.849609375,216100,0.0045891205221868,0.0045786226137952,0.0839226701769553,0.0,-0.6851831080904075
2023-05-16,18432.349609375,18432.349609375,18264.349609375,18286.5,219500,-0.0061063388070606,-0.0061250587396132,0.0830338303446384,0.0,-0.6959700016688519
2023-05-17,18300.44921875,18309.0,18115.349609375,18181.75,229900,-0.0057282694884204,-0.0057447389485387,0.0858256865213211,0.0,-0.6620882443834044
2023-05-18,18287.5,18297.19921875,18104.849609375,18129.94921875,272100,-0.0028490536527011,-0.0028531199312594,0.0861412873823333,0.0,-0.6582581359912881
2023-05-19,18186.150390625,18218.099609375,18060.400390625,18203.400390625,260900,0.0040513721791914,0.0040431874696799,0.0865185975273346,0.0,-0.6536791283543472
2023-05-22,18201.099609375,18335.25,18178.849609375,18314.400390625,262600,0.0060977618257063,0.0060792457091855,0.0876890159827168,0.0,-0.6394750177132368
2023-05-23,18362.900390625,18419.75,18324.19921875,18348.0,270400,0.0018346005688616,0.0018329197446846,0.0858153919694553,0.0,-0.6622131782931783
2023-05-24,18294.80078125,18392.599609375,18262.94921875,18285.400390625,232600,-0.0034117947119577,-0.0034176281556568,0.0877035748312114,0.0,-0.6392983326192232
2023-05-25,18268.900390625,18338.099609375,18202.400390625,18321.150390625,235900,0.0019551116867164,0.0019532029433287,0.0876378835852342,0.0,-0.6400955566562518
2023-05-26,18368.349609375,18508.55078125,18333.150390625,18499.349609375,198700,0.0097264208278746,0.0096794236936861,0.091299592902822,0.0,-0.5956573268561096
2023-05-29,18619.150390625,18641.19921875,18581.25,18598.650390625,265300,0.0053677985089635,0.0053534432264762,0.0889679546166351,0.0,-0.6239539143199774
2023-05-30,18606.650390625,18662.44921875,18575.5,18633.849609375,234400,0.0018925684396833,0.0018907797884415,0.0882318447121304,0.0,-0.6328872889429772
2023-05-31,18594.19921875,18603.900390625,18483.849609375,18534.400390625,696500,-0.0053370195013254,-0.0053513122664302,0.0900132218702602,0.0,-0.6112686292821812
2023-06-01,18579.400390625,18580.30078125,18464.55078125,18487.75,265600,-0.0025169624936233,-0.0025201353688439,0.0858238611727256,0.0,-0.662110396677133
2023-06-02,18550.849609375,18573.69921875,18478.400390625,18534.099609375,270900,0.0025070443604549,0.0025039069673706,0.0756521088449315,0.0,-0.7855540204627633
2023-06-05,18612.0,18640.150390625,18582.80078125,18593.849609375,256100,0.0032237875731377,0.0032186023111129,0.0673986590099071,0.0,-0.8857172689901951
2023-06-06,18600.80078125,18622.75,18531.599609375,18599.0,220800,0.0002769943144211,0.0002769559585788,0.0673715111846591,0.0,-0.8860467329624307
2023-06-07,18665.599609375,18738.94921875,18636.0,18726.400390625,260100,0.0068498516385289,0.0068264979901573,0.0703609356499553,0.0,-0.8497673017358929
2023-06-08,18725.349609375,18777.900390625,18615.599609375,18634.55078125,286500,-0.0049048192636628,-0.004916887367083,0.0732380761667202,0.0,-0.8148505400920372
2023-06-09,18655.900390625,18676.650390625,18555.400390625,18563.400390625,221800,-0.0038181972541345,-0.0038255051772626,0.0751427694562064,0.0,-0.791735325104755
2023-06-12,18595.05078125,18633.599609375,18559.75,18601.5,179500,0.0020524046550352,0.0020503013499982,0.0739264275518152,0.0,-0.8064967592806623
2023-06-13,18631.80078125,18728.900390625,18631.80078125,18716.150390625,233200,0.0061635024393194,0.006144585747086,0.0720430388391373,0.0,-0.8293534235207689
2023-06-14,18744.599609375,18769.69921875,18690.0,18755.900390625,261400,0.0021238341844009,0.0021215820368078,0.0672967561071327,0.0,-0.8869539549797245
2023-06-15,18774.44921875,18794.099609375,18669.05078125,18688.099609375,263000,-0.0036149041015322,-0.0036214536561356,0.0680156132976878,0.0,-0.878229957999971
2023-06-16,18723.30078125,18864.69921875,18710.5,18826.0,272800,0.007379048352023,0.0073519563684706,0.0706106944907405,0.0,-0.8467362471657989
2023-06-19,18873.30078125,18881.44921875,18719.150390625,18755.44921875,219800,-0.0037475183921172,-0.0037545579318734,0.0711137883441494,0.0,-0.8406307378722455
2023-06-20,18752.349609375,18839.69921875,18660.650390625,18816.69921875,211600,0.0032657175674986,0.0032603966930515,0.0714646534325629,0.0,-0.8363726654597586
2023-06-21,18849.400390625,18875.900390625,18794.849609375,18856.849609375,217500,0.002133763746672,0.0021314905059401,0.0693287182393944,0.0,-0.8622942148564653
2023-06-22,18853.599609375,18886.599609375,18759.5,18771.25,252700,-0.0045394438174043,-0.0045497783797934,0.0725796221257002,0.0,-0.8228414889767933
2023-06-23,18741.849609375,18756.400390625,18647.099609375,18665.5,210600,-0.0056336152360657,-0.0056495438985202,0.0691816316452634,0.0,-0.8640792467373737
2023-06-26,18682.349609375,18722.05078125,18646.69921875,18691.19921875,171300,0.0013768299134766,0.0013758829522746,0.0668413842194351,0.0,-0.892480314074597
2023-06-27,18748.55078125,18829.25,18714.25,18817.400390625,222500,0.0067519034171119,0.0067292114028286,0.0705234827018057,0.0,-0.8477946428990024
2023-06-28,18908.150390625,19011.25,18861.349609375,18972.099609375,398800,0.0082210728123248,0.008187463868637,0.072008817456693,0.0,-0.829768731652912
2023-06-30,19076.849609375,19201.69921875,19024.599609375,19189.05078125,247900,0.0114352747635688,0.0113703862194518,0.0791062635284775,0.0,-0.7436346581432627
2023-07-03,19246.5,19345.099609375,19234.400390625,19322.55078125,226100,0.0069570924336936,0.0069330035274252,0.0811199106818142,0.0,-0.7191971872313644
2023-07-04,19406.599609375,19434.150390625,19300.0,19389.0,226900,0.0034389465191355,0.0034330468644171,0.0811632857757688,0.0,-0.7186707903424855
2023-07-05,19405.94921875,19421.599609375,19339.599609375,19398.5,224400,0.0004899685388621,0.000489848543472,0.0811035764936685,0.0,-0.719395417714306
2023-07-06,19385.69921875,19512.19921875,19373.0,19497.30078125,268300,0.0050932175812563,0.0050802910218655,0.0799842529276756,0.0,-0.7329794446078102
2023-07-07,19422.80078125,19523.599609375,19303.599609375,19331.80078125,237100,-0.0084883544577184,-0.0085245857132682,0.0850002929434992,0.0,-0.6721051589731659
2023-07-10,19400.349609375,19435.849609375,19327.099609375,19355.900390625,268200,0.0012466303397029,0.0012458539412885,0.0823856776981578,0.0,-0.7038359336016602
2023-07-11,19427.099609375,19515.099609375,19406.44921875,19439.400390625,251300,0.0043139300324381,0.0043046517107255,0.0827589526242323,0.0,-0.6993058970791388
2023-07-12,19497.44921875,19507.69921875,19361.75,19384.30078125,327900,-0.0028344294714754,-0.0028384540734558,0.0832260154644357,0.0,-0.6936376574609983
2023-07-13,19495.19921875,19567.0,19385.80078125,19413.75,310400,0.0015192303855748,0.0015180775225879,0.0832182168507995,0.0,-0.6937323008515108
2023-07-14,19493.44921875,19595.349609375,19433.5,19564.5,291200,0.0077651149314275,0.0077351215942267,0.0833073295788666,0.0,-0.6926508354634902
2023-07-17,19612.150390625,19731.849609375,19562.94921875,19711.44921875,268700,0.0075110132510414,0.0074829460454974,0.0834140925212206,0.0,-0.6913551683979264
2023-07-18,19787.5,19819.44921875,19690.19921875,19749.25,286400,0.0019177068530324,0.001915870400722,0.0803283483552034,0.0,-0.7288035282923851
2023-07-19,19802.94921875,19851.69921875,19727.44921875,19833.150390625,259700,0.0042482823714824,0.0042392838963021,0.0805130051981072,0.0,-0.7265625466885988
2023-07-20,19831.69921875,19991.849609375,19758.400390625,19979.150390625,274700,0.0073614124394989,0.0073344494857055,0.0821861571718279,0.0,-0.706257299753339
2023-07-21,19800.44921875,19887.400390625,19700.0,19745.0,312500,-0.011719737128305,-0.0117889545859248,0.0940406920156002,0.0,-0.5623915534935077
2023-07-24,19748.44921875,19782.75,19658.30078125,19672.349609375,265600,-0.0036794322929856,-0.0036862180542648,0.0920124958654375,0.0,-0.5870055899403078
2023-07-25,19729.349609375,19729.349609375,19615.94921875,19680.599609375,369700,0.0004193703428323,0.0004192824316674,0.0922473472957669,0.0,-0.5841554505860608
2023-07-26,19733.349609375,19825.599609375,19716.69921875,19778.30078125,244700,0.0049643391875346,0.0049520574860006,0.0913986989366818,0.0,-0.5944545834580772
2023-07-27,19850.900390625,19867.55078125,19603.55078125,19659.900390625,334900,-0.0059863783008722,-0.0060043684967971,0.093523678320711,0.0,-0.5686659929398485
2023-07-28,19659.75,19695.900390625,19563.099609375,19646.05078125,258700,-0.0007044597937843,-0.000704708042179,0.0866727662966048,0.0,-0.6518081477268223
2023-07-31,19666.349609375,19772.75,19597.599609375,19753.80078125,295100,0.0054845628365591,0.0054695773892536,0.0855318766761491,0.0,-0.6656538986407167
2023-08-01,19784.0,19795.599609375,19704.599609375,19733.55078125,298000,-0.0010251191770254,-0.001025644971054,0.085385511131326,0.0,-0.6674301799212736
2023-08-02,19655.400390625,19678.25,19423.55078125,19526.55078125,290700,-0.0104897492749598,-0.0105451544933879,0.0945484984712871,0.0,-0.5562288524119604
2023-08-03,19463.75,19537.650390625,19296.44921875,19381.650390625,315700,-0.0074206854169113,-0.0074483556761193,0.096634122743441,0.0,-0.5309178725814301
2023-08-04,19462.80078125,19538.849609375,19436.44921875,19517.0,280800,0.0069833892701145,0.0069591183373327,0.0947620808832765,0.0,-0.553636832269983
2023-08-07,19576.849609375,19620.44921875,19524.80078125,19597.30078125,216600,0.0041144018676027,0.0041059608614452,0.0956100164673394,0.0,-0.5433463495822072
2023-08-08,19627.19921875,19634.400390625,19533.099609375,19570.849609375,260300,-0.0013497354646058,-0.0013506471779916,0.0948233217819958,0.0,-0.5528936173136827
2023-08-09,19578.80078125,19645.5,19467.5,19632.55078125,266500,0.0031527078847637,0.0031477485221408,0.0945449535028811,0.0,-0.5562718738828083
2023-08-10,19605.55078125,19623.599609375,19495.400390625,19543.099609375,312200,-0.0045562684580157,-0.004566679886024,0.096244091837661,0.0,-0.5356512584176459
2023-08-11,19554.25,19557.75,19412.75,19428.30078125,235500,-0.0058741361615907,-0.0058914567617632,0.0944806725043213,0.0,-0.5570519832628901
2023-08-14,19383.94921875,19465.849609375,19257.900390625,19434.55078125,243900,0.0003216956578122,0.0003216439248586,0.089916313102197,0.0,-0.612444706827211
2023-08-16,19369.0,19482.75,19317.19921875,19465.0,0,0.0015667570139761,0.0015655309306883,0.089789262244458,0.0,-0.613986586513125
2023-08-17,19450.55078125,19461.55078125,19326.25,19365.25,268700,-0.0051245825841254,-0.0051377582900605,0.0890799569027549,0.0,-0.622594662971208
2023-08-18,19301.75,19373.80078125,19253.599609375,19310.150390625,256100,-0.0028452826260957,-0.0028493381372506,0.0832958020500482,0.0,-0.6927907326891382
2023-08-21,19320.650390625,19425.94921875,19296.30078125,19393.599609375,262600,0.0043215209131937,0.0043122099570484,0.0767913853425536,0.0,-0.7717278462866592
2023-08-22,19417.099609375,19443.5,19381.30078125,19396.44921875,208700,0.0001469355577301,0.0001469247637584,0.0761480831293758,0.0,-0.7795349137244884
2023-08-23,19439.19921875,19472.05078125,19366.599609375,19444.0,225200,0.0024515199000461,0.0024485198272942,0.0768830133286909,0.0,-0.7706158559152401
2023-08-24,19535.150390625,19584.44921875,19369.0,19386.69921875,268300,-0.0029469646806212,-0.0029513155310064,0.0743845898232945,0.0,-0.8009365362973795
2023-08-25,19297.400390625,19339.55078125,19229.69921875,19265.80078125,466500,-0.0062361537740819,-0.0062556798015631,0.0746138360194164,0.0,-0.7981544216453119
2023-08-28,19298.349609375,19366.849609375,19249.69921875,19306.05078125,248200,0.0020891942389009,0.0020870149074536,0.0754202677564984,0.0,-0.788367626533409
2023-08-29,19374.849609375,19377.900390625,19309.099609375,19342.650390625,307400,0.001895758474361,0.0018939637920959,0.0724412769482651,0.0,-0.8245204356799282
2023-08-30,19433.44921875,19452.80078125,19334.75,19347.44921875,233000,0.0002480956863764,0.0002480649157308,0.0725882865561887,0.0,-0.8227363380978621
2023-08-31,19375.55078125,19388.19921875,19223.650390625,19253.80078125,562600,-0.0048403506033882,-0.0048521030396481,0.0650703718668454,0.0,-0.9139731872322939
2023-09-01,19258.150390625,19458.55078125,19255.69921875,19435.30078125,333000,0.0094267101889176,0.0093825560252025,0.0692248414708549,0.0,-0.863554855532961
2023-09-04,19525.05078125,19545.150390625,19432.849609375,19528.80078125,296800,0.0048108337016425,0.0047992986219631,0.0667837686805991,0.0,-0.893179531935107
2023-09-05,19564.650390625,19587.05078125,19525.75,19574.900390625,256800,0.0023605960187407,0.0023578141889496,0.0656473753969743,0.0,-0.9069707156422627
2023-09-06,19581.19921875,19636.44921875,19491.5,19611.05078125,287600,0.0018467726478093,0.0018450694598145,0.0657921660780967,0.0,-0.9052135467895274
2023-09-07,19598.650390625,19737.0,19550.05078125,19727.05078125,304900,0.0059150323607803,0.0058976072365512,0.0681616525727012,0.0,-0.8764576363053677
2023-09-08,19774.80078125,19867.150390625,19727.05078125,19819.94921875,288100,0.004709190366575,0.0046981368182121,0.067425774719686,0.0,-0.8853881947688852
2023-09-11,19890.0,20008.150390625,19865.349609375,19996.349609375,248800,0.0089001434200508,0.0088607705870589,0.0686124026491763,0.0,-0.8709873671650451
2023-09-12,20110.150390625,20110.349609375,19914.650390625,19993.19921875,328100,-0.0001575482868895,-0.0001575606989245,0.068737058978028,0.0,-0.8694745473022158
2023-09-13,19989.5,20096.900390625,19944.099609375,20070.0,251400,0.0038413452699443,0.003833986143147,0.0692716389747002,0.0,-0.8629869245341889
2023-09-14,20127.94921875,20167.650390625,20043.44921875,20103.099609375,275100,0.0016492082399102,0.0016478497893743,0.064641078538223,0.0,-0.9191830588890527
2023-09-15,20156.44921875,20222.44921875,20129.69921875,20192.349609375,438200,0.0044396138771742,0.0044297878632228,0.0627287738856032,0.0,-0.9423906448087841
2023-09-18,20155.94921875,20195.349609375,20115.69921875,20133.30078125,264900,-0.0029243168460981,-0.0029286010148227,0.0647786596448735,0.0,-0.9175133848916857
2023-09-20,19980.75,20050.650390625,19878.849609375,19901.400390625,378100,-0.011518249945432,-0.0115850988033336,0.0804193804840889,0.0,-0.7276987691999088
2023-09-21,19840.55078125,19848.75,19709.94921875,19742.349609375,275100,-0.0079919391664983,-0.0080240458900552,0.0867522570112306,0.0,-0.6508434543726688
2023-09-22,19744.849609375,19798.650390625,19657.5,19674.25,246400,-0.0034494176591149,-0.0034553806166447,0.0870562914548485,0.0,-0.6471537151550426
2023-09-25,19678.19921875,19734.150390625,19601.55078125,19674.55078125,188400,1.5288066889551644e-05,1.5287950028248088e-05,0.0831338016479643,0.0,-0.6947567574254387
2023-09-26,19682.80078125,19699.349609375,19637.44921875,19664.69921875,204900,-0.0005007261720755,-0.0005008515772894,0.0832130108533591,0.0,-0.6937954804462111
2023-09-27,19637.05078125,19730.69921875,19554.0,19716.44921875,203600,0.0026316191986632,0.0026281625519171,0.0833676155082586,0.0,-0.6919192099433625
2023-09-28,19761.80078125,19766.650390625,19492.099609375,19523.55078125,352800,-0.0097836296667737,-0.0098318038412133,0.0917601927719271,0.0,-0.5900675213707601
2023-09-29,19581.19921875,19726.25,19551.05078125,19638.30078125,243500,0.0058775169171687,0.0058603116976752,0.0914239633092801,0.0,-0.5941479769260166
2023-10-03,19622.400390625,19623.19921875,19479.650390625,19528.75,221700,-0.0055784246544688,-0.0055940421731296,0.0885992526946888,0.0,-0.628428453207187
2023-10-04,19446.30078125,19457.80078125,19333.599609375,19436.099609375,277100,-0.0047443072713306,-0.0047555972198833,0.088569370207939,0.0,-0.628791104826421
2023-10-05,19521.849609375,19576.94921875,19487.30078125,19545.75,234900,0.0056415841052857,0.0056257299700197,0.0905765119374979,0.0,-0.6044325832498499
2023-10-06,19621.19921875,19675.75,19589.400390625,19653.5,159100,0.0055127073660514,0.005497568008546,0.0925104385163586,0.0,-0.5809625952540173
2023-10-09,19539.44921875,19588.94921875,19480.5,19512.349609375,165100,-0.0071819467588469,-0.007207861089913,0.093325310046445,0.0,-0.5710733754468514
2023-10-10,19565.599609375,19717.80078125,19565.44921875,19689.849609375,216600,0.0090968029762401,0.0090556762901256,0.0977505271369073,0.0,-0.5173692725468907
2023-10-11,19767.0,19839.19921875,19756.94921875,19811.349609375,213700,0.0061706921287072,0.0061517313687301,0.0948010050040295,0.0,-0.553164452058238
2023-10-12,19822.69921875,19843.30078125,19772.650390625,19794.0,217900,-0.0008757409120068,-0.0008761245971014,0.0948044371645341,0.0,-0.5531227996156257
2023-10-13,19654.55078125,19805.400390625,19635.30078125,19751.05078125,255000,-0.002169809980297,-0.002172167428733,0.0935511121253846,0.0,-0.5683330583427406
2023-10-16,19737.25,19781.30078125,19691.849609375,19731.75,181000,-0.0009772027556287,-0.0009776805295215,0.0931027263969716,0.0,-0.5737746339322106
2023-10-17,19843.19921875,19849.75,19775.650390625,19811.5,185800,0.0040417094276989,0.0040335636613206,0.092810229984757,0.0,-0.5773243484656057
2023-10-18,19820.44921875,19840.94921875,19659.94921875,19671.099609375,198900,-0.0070868127413371,-0.007112043473065,0.0951503705812572,0.0,-0.5489245776011005
2023-10-19,19545.19921875,19681.80078125,19512.349609375,19624.69921875,230300,-0.0023588102112444,-0.0023615965866002,0.0870353498771817,0.0,-0.647407860571847
2023-10-20,19542.150390625,19593.80078125,19518.69921875,19542.650390625,198300,-0.0041808960845935,-0.0041896604678091,0.0837583755049804,0.0,-0.6871769759141291
2023-10-23,19521.599609375,19556.849609375,19257.849609375,19281.75,176000,-0.0133503074255556,-0.013440223951969,0.0951430796936522,0.0,-0.5490130592665571
2023-10-25,19286.44921875,19347.30078125,19074.150390625,19122.150390625,225300,-0.008277236732921,-0.0083116832700098,0.0984882470837454,0.0,-0.5084163585708199
2023-10-26,19027.25,19041.69921875,18837.849609375,18857.25,300400,-0.0138530649123475,-0.013949914095014,0.1079336681138101,0.0,-0.3937874369693591
2023-10-27,18928.75,19076.150390625,18926.650390625,19047.25,205200,0.0100757003274603,0.0100252788637633,0.1151788046820624,0.0,-0.30586100266530963
2023-10-30,19053.400390625,19158.5,18940.0,19140.900390625,180100,0.0049167407696648,0.0049046930738934,0.1132873987678219,0.0,-0.32881496306261854
2023-10-31,19232.94921875,19233.69921875,19056.44921875,19079.599609375,206000,-0.0032026069828995,-0.0032077463043944,0.1105550155007951,0.0,-0.3619749615745126
2023-11-01,19064.05078125,19096.05078125,18973.69921875,18989.150390625,194100,-0.0047406245729368,-0.0047518969731957,0.1101754040378307,0.0,-0.36658189783374934
2023-11-02,19120.0,19175.25,19064.150390625,19133.25,245600,0.0075885232572669,0.0075598752540646,0.1138146658674829,0.0,-0.32241608906455216
2023-11-03,19241.0,19276.25,19210.900390625,19230.599609375,189500,0.0050879808383312,0.0050750808020812,0.1134193802952629,0.0,-0.3272132451387992
2023-11-06,19345.849609375,19423.0,19309.69921875,19411.75,180700,0.0094199033989916,0.0093758127789547,0.1170583092715369,0.0,-0.28305147585324936
2023-11-07,19404.05078125,19423.5,19329.099609375,19406.69921875,198700,-0.0002601919584787,-0.0002602258142791,0.1144400333652618,0.0,-0.31482667598843556
2023-11-08,19449.599609375,19464.400390625,19401.5,19443.5,195000,0.0018962926582819,0.0018944969651071,0.1094116084482976,0.0,-0.37585126385496226
2023-11-09,19457.400390625,19463.900390625,19378.349609375,19395.30078125,208400,-0.002478937369815,-0.002482015022314,0.106569561000728,0.0,-0.4103421386416055
2023-11-10,19351.849609375,19451.30078125,19329.44921875,19425.349609375,152200,0.0015492839458333,0.0015480850435944,0.1069720562764863,0.0,-0.40545748614564986
2023-11-13,19486.75,19494.400390625,19414.75,19443.55078125,189300,0.0009369804014345,0.0009365417093074,0.1070662424543961,0.0,-0.4043144497506392
2023-11-15,19651.400390625,19693.19921875,19579.650390625,19675.44921875,291500,0.0119267535086042,0.0118561902899385,0.1160722190947279,0.0,-0.2950185923226606
2023-11-16,19674.69921875,19875.25,19627.0,19765.19921875,282700,0.0045615222809993,0.0045511500683312,0.1163334712749211,0.0,-0.2918480554470406
2023-11-17,19674.75,19806.0,19667.44921875,19731.80078125,236800,-0.0016897597201204,-0.0016911889743673,0.1135688342206979,0.0,-0.3253994835026382
2023-11-20,19731.150390625,19756.44921875,19670.5,19694.0,173800,-0.0019157289123818,-0.0019175662679732,0.1134492565571819,0.0,-0.3268506690636452
2023-11-21,19770.900390625,19829.099609375,19754.05078125,19783.400390625,195000,0.004539473475424,0.0045292011413009,0.1132202364132099,0.0,-0.3296300403637662
2023-11-22,19784.0,19825.55078125,19703.849609375,19811.849609375,184500,0.0014380348265852,0.0014370018446946,0.1003094409963892,0.0,-0.4863144857618666
2023-11-23,19828.44921875,19875.150390625,19786.75,19802.0,170000,-0.0004971574875239,-0.000497281111283,0.0939542514248852,0.0,-0.5634405900229239
2023-11-24,19809.599609375,19832.849609375,19768.849609375,19794.69921875,145900,-0.0003686890844358,-0.0003687570669664,0.0741389498697271,0.0,-0.8039176043609458
2023-11-28,19844.650390625,19916.849609375,19800.0,19889.69921875,229600,0.0047992646389904,0.0047877848833909,0.0691839396165923,0.0,-0.8640512373703294
2023-11-29,19976.55078125,20104.650390625,19956.30078125,20096.599609375,236200,0.0104023891135545,0.0103486565738691,0.0745360633180673,0.0,-0.7990982653191201
2023-11-30,20108.5,20158.69921875,20015.849609375,20133.150390625,486600,0.0018187545137213,0.0018171025823992,0.0715645379628672,0.0,-0.8351604742872312
2023-12-01,20194.099609375,20291.55078125,20183.69921875,20267.900390625,265800,0.0066929416105065,0.0066706433156343,0.0671667230917452,0.0,-0.8885320259073212
2023-12-04,20601.94921875,20702.650390625,20507.75,20686.80078125,381100,0.0206681690037693,0.0204574804837739,0.0898830255808502,0.0,-0.612848681691076
2023-12-05,20808.900390625,20864.05078125,20711.150390625,20855.099609375,421000,0.0081355657602475,0.0081026504477443,0.091041470494208,0.0,-0.5987898810584491
2023-12-06,20950.75,20961.94921875,20852.150390625,20937.69921875,359200,0.0039606432442005,0.0039528205452235,0.0888462758990149,0.0,-0.6254305981161
2023-12-07,20932.400390625,20941.25,20850.80078125,20901.150390625,275000,-0.001745599062397,-0.0017471243957791,0.0898944688647551,0.0,-0.6127098068553833
2023-12-08,20934.099609375,21006.099609375,20862.69921875,20969.400390625,292400,0.0032653705047074,0.0032600507599202,0.08965920833117,0.0,-0.6155649110560757
2023-12-11,20965.30078125,21026.099609375,20923.69921875,20997.099609375,212900,0.0013209351833629,0.0013200635160099,0.08711834077813,0.0,-0.6464006892188543
2023-12-12,21018.55078125,21037.900390625,20867.150390625,20906.400390625,244900,-0.0043196070141755,-0.0043289634704181,0.0916624842799552,0.0,-0.5912533043051993
2023-12-13,20929.75,20950.0,20769.5,20926.349609375,260300,0.0009542158562574,0.0009537608817135,0.0916556843651429,0.0,-0.5913358275616464
2023-12-14,21110.400390625,21210.900390625,21074.44921875,21182.69921875,334400,0.0122500872899569,0.0121756621637251,0.0920401212317137,0.0,-0.5866703305659499
2023-12-15,21287.44921875,21492.30078125,21235.30078125,21456.650390625,508800,0.0129327792008919,0.0128498649215015,0.0976143079392336,0.0,-0.5190224185190024
2023-12-18,21434.80078125,21482.80078125,21365.349609375,21418.650390625,249700,-0.0017710126840955,-0.0017725827811074,0.0976788221291636,0.0,-0.5182394791459319
2023-12-19,21477.650390625,21505.05078125,21337.75,21453.099609375,249800,0.0016083748565725,0.0016070828069474,0.0955767935155724,0.0,-0.5437495408344919
2023-12-20,21543.5,21593.0,21087.349609375,21150.150390625,363900,-0.0141214660942333,-0.0142221227330497,0.1159317331868484,0.0,-0.2967235187700016
2023-12-21,21033.94921875,21288.349609375,20976.80078125,21255.05078125,277500,0.0049597940765233,0.0049475348167753,0.1158370383136146,0.0,-0.2978727286533332
2023-12-22,21295.849609375,21390.5,21232.44921875,21349.400390625,284700,0.0044389265566107,0.0044291035803757,0.1148895050052799,0.0,-0.3093719218571248
2023-12-26,21365.19921875,21477.150390625,21329.44921875,21441.349609375,219500,0.0043068759341071,0.0042976278879013,0.1138536229174938,0.0,-0.3219433092258017
2023-12-27,21497.650390625,21675.75,21495.80078125,21654.75,256500,0.0099527499207277,0.0099035475021389,0.1157580969128595,0.0,-0.29883075557552785
2023-12-28,21715.0,21801.44921875,21678.0,21778.69921875,393100,0.0057238813077962,0.0057075621422148,0.113669108011378,0.0,-0.3241825682953685
2023-12-29,21737.650390625,21770.30078125,21676.900390625,21731.400390625,270900,-0.0021717930740454,-0.0021741548367498,0.1155617472890136,0.0,-0.3012136398923484
2024-01-01,21727.75,21834.349609375,21680.849609375,21741.900390625,154000,0.0004831718072126,0.000483055117301,0.1156242145847453,0.0,-0.30045554147383513
2024-01-02,21751.349609375,21755.599609375,21555.650390625,21665.80078125,263700,-0.003500136051024,-0.003506275858172,0.0991551330116338,0.0,-0.500323080939075
2024-01-03,21661.099609375,21677.0,21500.349609375,21517.349609375,311900,-0.0068518663756694,-0.0068754481934599,0.1017730117436099,0.0,-0.4685527008814095
2024-01-04,21605.80078125,21685.650390625,21564.55078125,21658.599609375,339200,0.0065644701863494,0.0065430178827624,0.1029877562199406,0.0,-0.45381065297270295
2024-01-05,21705.75,21749.599609375,21629.19921875,21710.80078125,309300,0.0024101822286055,0.002407282397897,0.102200220997038,0.0,-0.46336812140498856
2024-01-08,21747.599609375,21763.94921875,21492.900390625,21513.0,231500,-0.009110708685643,-0.0091524650052922,0.1092632571968857,0.0,-0.37765164352183417
2024-01-09,21653.599609375,21724.44921875,21517.849609375,21544.849609375,228600,0.0014804820050666,0.0014793871720368,0.1092655022326649,0.0,-0.37762439793590347
2024-01-10,21529.30078125,21641.849609375,21448.650390625,21618.69921875,217000,0.0034277152411805,0.0034218540152167,0.1074296199545177,0.0,-0.39990452764758083
2024-01-11,21688.0,21726.5,21593.75,21647.19921875,212500,0.0013183031833516,0.001317434984659,0.10740498298536,0.0,-0.40020352005851595
2024-01-12,21773.55078125,21928.25,21715.150390625,21894.55078125,294700,0.0114264926377058,0.0113617033464997,0.1063853897567169,0.0,-0.4125772270536302
2024-01-15,22053.150390625,22115.55078125,21963.55078125,22097.44921875,345500,0.0092670746948486,0.0092243988092869,0.1020128746582298,0.0,-0.465641742529469
2024-01-16,22080.5,22124.150390625,21969.80078125,22032.30078125,292400,-0.0029482333845447,-0.0029525879856159,0.1025948868086025,0.0,-0.4585784866996001
2024-01-17,21647.25,21851.5,21550.44921875,21571.94921875,456000,-0.0208943935120824,-0.0211157704737447,0.1300541605764947,0.0,-0.12533479857242255
2024-01-18,21414.19921875,21539.400390625,21285.55078125,21462.25,387300,-0.0050852715087356,-0.0050982455047793,0.1202249547357287,0.0,-0.2446213038684251
2024-01-19,21615.19921875,21670.599609375,21575.0,21622.400390625,343100,0.0074619571864553,0.0074342545093672,0.1216963374410717,0.0,-0.22676471364977255
2024-01-23,21716.69921875,21750.25,21192.599609375,21238.80078125,449700,-0.0177408429427344,-0.0179000980548101,0.1377546218294939,0.0,-0.031882578024971846
2024-01-24,21185.25,21482.349609375,21137.19921875,21453.94921875,407500,0.0101299710711508,0.0100790068029252,0.1417617287431295,0.0,0.0167473711101447
2024-01-25,21454.599609375,21459.0,21247.05078125,21352.599609375,418100,-0.0047240537554001,-0.0047352473640612,0.1377033871870561,0.0,-0.03250435780509904
2024-01-29,21433.099609375,21763.25,21429.599609375,21737.599609375,376700,0.0180305914522447,0.0178699682193025,0.1513080536200423,1.0,0.13260085423330156
2024-01-30,21775.75,21813.05078125,21501.80078125,21522.099609375,375100,-0.0099136981024832,-0.0099631660190465,0.1552038950225754,0.0,0.17988049346603077
2024-01-31,21487.25,21741.349609375,21448.849609375,21725.69921875,410600,0.0094600254190029,0.009415559590485,0.1591311230292503,1.0,0.22754103817391624
2024-02-01,21780.650390625,21832.94921875,21658.75,21697.44921875,332500,-0.0013003033741542,-0.0013011495021482,0.1586854352313366,0.0,0.22213220446675136
2024-02-02,21812.75,22126.80078125,21805.55078125,21853.80078125,442800,0.0072059881750932,0.0071801490987671,0.1583655425497749,1.0,0.21825001086215695
2024-02-05,21921.05078125,21964.30078125,21726.94921875,21771.69921875,440800,-0.0037568550808078,-0.0037639297855089,0.1576115003670402,0.0,0.20909901145474374
2024-02-06,21825.19921875,21951.400390625,21737.55078125,21929.400390625,371000,0.0072434021015312,0.0072172946598549,0.159395181995027,1.0,0.23074563798898368
2024-02-07,22045.05078125,22053.30078125,21860.150390625,21930.5,346300,5.014315737827957e-05,5.014190025218764e-05,0.1552977564519899,0.0,0.18101958873764543
2024-02-08,22009.650390625,22011.05078125,21665.30078125,21717.94921875,491100,-0.0096920171108729,-0.0097392904057516,0.1598404217991087,0.0,0.23614903487658456
2024-02-09,21727.0,21804.44921875,21629.900390625,21782.5,349200,0.0029722318898448,0.00296782354157,0.1597346698531019,1.0,0.23486563718690695
2024-02-12,21800.80078125,21831.69921875,21574.75,21616.05078125,287400,-0.0076414194307357,-0.0076707646646054,0.1622003897610142,0.0,0.2647894291614088
2024-02-13,21664.30078125,21766.80078125,21543.349609375,21743.25,365800,0.0058844800115076,0.0058672340814856,0.1581863171446634,1.0,0.2160749447802829
2024-02-14,21578.150390625,21870.849609375,21530.19921875,21840.05078125,359100,0.0044519922849619,0.0044421114826255,0.1552318200476912,1.0,0.18021938947760402
2024-02-15,21906.55078125,21953.849609375,21794.80078125,21910.75,345400,0.0032371361888359,0.003231907943473,0.1555331873619838,0.0,0.1838767606136635
2024-02-16,22020.30078125,22068.650390625,21968.94921875,22040.69921875,343900,0.0059308430222606,0.00591332480386,0.1358472313419941,0.0,-0.05503052600516782
2024-02-19,22103.44921875,22186.650390625,22021.05078125,22122.25,0,0.0037000088082788,0.0036931806134258,0.1341220478540316,0.0,-0.07596722349703561
2024-02-20,22099.19921875,22215.599609375,22045.849609375,22196.94921875,295700,0.003376655573009,0.0033709674724873,0.1325092049344577,0.0,-0.09554056427187671
2024-02-21,22248.849609375,22249.400390625,21997.94921875,22055.05078125,364500,-0.00639270001033,-0.0064132208193745,0.1156177035580627,0.0,-0.30053455880559504
2024-02-22,22081.55078125,22252.5,21875.25,22217.44921875,343500,0.0073633218581414,0.0073363449492495,0.1134290089785258,0.0,-0.32709639216047715
2024-02-23,22290.0,22297.5,22186.099609375,22212.69921875,226000,-0.0002137959201901,-0.0002138187777958,0.1111129616096654,0.0,-0.35520376942035037
2024-02-26,22169.19921875,22202.150390625,22075.150390625,22122.05078125,207800,-0.0040809285088362,-0.004089278221713,0.0957228285818903,0.0,-0.5419772702163018
2024-02-27,22090.19921875,22218.25,22085.650390625,22198.349609375,252200,0.0034489943486464,0.0034430602082678,0.0870207763140671,0.0,-0.6475847242413859
2024-02-28,22214.099609375,22229.150390625,21915.849609375,21951.150390625,203000,-0.0111359278099485,-0.0111983964511737,0.0928660825966466,0.0,-0.5766465253543701
2024-02-29,21935.19921875,22060.55078125,21860.650390625,21982.80078125,360200,0.0014418556686905,0.0014408171929075,0.0926642240789302,0.0,-0.5790962651942617
2024-03-01,22048.30078125,22353.30078125,22047.75,22338.75,351500,0.0161921687000685,0.0160624736924449,0.1054446487775943,0.0,-0.42399398905925006
2024-03-04,22403.5,22440.900390625,22358.30078125,22405.599609375,298800,0.0029925402887358,0.0029880715530739,0.1040303326558374,0.0,-0.4411580234971562
2024-03-05,22371.25,22416.900390625,22269.150390625,22356.30078125,296200,-0.0022002905070378,-0.0022027147028049,0.1024476536194492,0.0,-0.4603652976467106
2024-03-06,22327.5,22497.19921875,22224.349609375,22474.05078125,312300,0.0052669715420341,0.0052531495595052,0.1034915094568049,0.0,-0.44769714145096146
2024-03-07,22505.30078125,22525.650390625,22430.0,22493.55078125,379900,0.000867667346212,0.0008672911404987,0.0950967123537335,0.0,-0.5495757698281605
2024-03-11,22517.5,22526.599609375,22307.25,22332.650390625,277900,-0.0071531788017711,-0.0071788854481033,0.1000702195424829,0.0,-0.4892176593946702
2024-03-12,22334.44921875,22452.55078125,22256.0,22335.69921875,299200,0.000136518866846,0.0001365095489935,0.0945260839998123,0.0,-0.556500872757612
2024-03-13,22432.19921875,22446.75,21905.650390625,21997.69921875,493300,-0.0151327252704165,-0.0152483933565969,0.1103810893062705,0.0,-0.364085716833928
2024-03-14,21982.55078125,22204.599609375,21917.5,22146.650390625,426700,0.0067712159528048,0.0067483942326731,0.1117460115211997,0.0,-0.34752112314676437
2024-03-15,22064.849609375,22120.900390625,21931.69921875,22023.349609375,661500,-0.0055674686273187,-0.0055830247464483,0.1134614775547659,0.0,-0.32670235595303954
2024-03-18,21990.099609375,22123.69921875,21916.55078125,22055.69921875,356300,0.0014688778023679,0.0014678000566242,0.1116038545730947,0.0,-0.3492463292130227
2024-03-19,21946.44921875,21978.30078125,21793.099609375,21817.44921875,344200,-0.0108021966402886,-0.0108609639603587,0.1170969944522247,0.0,-0.2825819954002251
2024-03-20,21843.900390625,21930.900390625,21710.19921875,21839.099609375,312400,0.0009923428906801,0.0009918508439663,0.1163035134808158,0.0,-0.29221162099069586
2024-03-21,21989.900390625,22080.94921875,21941.30078125,22011.94921875,353200,0.0079146856998078,0.0078835288646751,0.1182283714522381,0.0,-0.26885168893496164
2024-03-22,21932.19921875,22180.69921875,21883.30078125,22096.75,388700,0.0038524885010076,0.0038450866714008,0.1159441637680902,0.0,-0.2965726621678352
2024-03-26,21947.900390625,22073.19921875,21947.55078125,22004.69921875,328400,-0.0041658063402989,-0.0041745074847941,0.1167670940272761,0.0,-0.2865856422283922
2024-03-27,22053.94921875,22193.599609375,22052.849609375,22123.650390625,409100,0.0054057167831516,0.0053911583385007,0.1177155381318809,0.0,-0.2750753956693389
2024-03-28,22163.599609375,22516.0,22163.599609375,22326.900390625,410500,0.0091870010785439,0.0091450572802347,0.1216011311781532,0.0,-0.22792012971998424
2024-04-01,22455.0,22529.94921875,22427.75,22462.0,0,0.0060509791780918,0.0060327455209344,0.1152276673069659,0.0,-0.3052680095121747
2024-04-02,22458.80078125,22497.599609375,22388.150390625,22453.30078125,289500,-0.0003872860275131,-0.0003873610421153,0.1153491983209197,0.0,-0.30379311823667593
2024-04-03,22385.69921875,22521.099609375,22346.5,22434.650390625,309600,-0.0008306302403686,-0.000830975404816,0.1008855878343453,0.0,-0.47932241092382755
2024-04-04,22592.099609375,22619.0,22303.80078125,22514.650390625,401000,0.0035659124883635,0.0035595696965144,0.1011141356627137,0.0,-0.4765487716104675
2024-04-05,22486.400390625,22537.599609375,22427.599609375,22513.69921875,242200,-4.224679746289706e-05,-4.22476898839797e-05,0.1007111305167329,0.0,-0.48143961185322387
2024-04-08,22578.349609375,22697.30078125,22550.349609375,22666.30078125,227600,0.0067781647528144,0.0067552962734934,0.1018160327114948,0.0,-0.4680306016399676
2024-04-09,22765.099609375,22768.400390625,22612.25,22642.75,232400,-0.0010390218270411,-0.0010395619844089,0.1019313136607799,0.0,-0.46663156068078937
2024-04-10,22720.25,22775.69921875,22673.69921875,22753.80078125,276800,0.0049044741142307,0.0048924863608352,0.0991032266519957,0.0,-0.5009530126287937
2024-04-12,22677.400390625,22726.44921875,22503.75,22519.400390625,357200,-0.0103015928142499,-0.0103550214717636,0.1069127519492172,0.0,-0.406177199015994
2024-04-15,22339.05078125,22427.44921875,22259.55078125,22272.5,355500,-0.010963897188301,-0.0110244436660376,0.0995024416842396,0.0,-0.4961081689222449
2024-04-16,22125.30078125,22213.75,22079.44921875,22147.900390625,317300,-0.005594325260972,-0.0056100321053902,0.0990775184172768,0.0,-0.5012650058382784
2024-04-18,22212.349609375,22326.5,21961.69921875,21995.849609375,456900,-0.0068652458503182,-0.0068889200657005,0.100156573728013,0.0,-0.4881696714721011
2024-04-19,21861.5,22179.55078125,21777.650390625,22147.0,362500,0.0068717686886063,0.0068482656961372,0.103026736252815,0.0,-0.45333759421564385
2024-04-22,22336.900390625,22375.650390625,22198.150390625,22336.400390625,279300,0.0085519659829773,0.0085156050796275,0.0982680812075856,0.0,-0.5110882751404794
2024-04-23,22447.05078125,22447.55078125,22349.44921875,22368.0,231500,0.0014147135985376,0.0014137138340638,0.0982690410023013,0.0,-0.5110766271437548
2024-04-24,22421.55078125,22476.44921875,22384.0,22402.400390625,235900,0.0015379287654238,0.0015367473640989,0.0950712470688192,0.0,-0.5498848146170279
2024-04-25,22316.900390625,22625.94921875,22305.25,22570.349609375,475000,0.0074969296067168,0.0074689672972998,0.0974121319069726,0.0,-0.521476011691607
2024-04-26,22620.400390625,22620.400390625,22385.55078125,22419.94921875,329900,-0.0066636269808832,-0.0066859280691195,0.0995858054287988,0.0,-0.4950964727671382
2024-04-29,22475.55078125,22655.80078125,22441.900390625,22643.400390625,292000,0.0099666225688024,0.0099172833455234,0.103491525301903,0.0,-0.4476969491560385
2024-04-30,22679.650390625,22783.349609375,22568.400390625,22604.849609375,361900,-0.0017025173156396,-0.0017039682453004,0.0994779446245225,0.0,-0.49640546340269637
2024-05-02,22567.849609375,22710.5,22567.849609375,22648.19921875,445900,0.001917712797214,0.0019158763335262,0.0975610650084109,0.0,-0.5196685707364295
2024-05-03,22766.349609375,22794.69921875,22348.05078125,22475.849609375,438100,-0.0076098592965534,-0.0076389620148829,0.1016594943053407,0.0,-0.46993034000308986
2024-05-06,22561.599609375,22588.80078125,22409.44921875,22442.69921875,320300,-0.0014749338156797,-0.0014760226012829,0.1017593867992596,0.0,-0.4687180521847325
2024-05-07,22489.75,22499.05078125,22232.05078125,22302.5,297800,-0.006246985595782,-0.006266579655461,0.1031911370471612,0.0,-0.4513424384987791
2024-05-08,22231.19921875,22368.650390625,22185.19921875,22302.5,277400,0.0,0.0,0.1031935870353792,0.0,-0.45131270562541403
2024-05-09,22224.80078125,22307.75,21932.400390625,21957.5,331300,-0.0154691178119045,-0.015590012996666,0.1125024378913525,0.0,-0.3383411894195614
2024-05-10,21990.94921875,22131.30078125,21950.30078125,22055.19921875,265800,0.004449469144939,0.00443959952266,0.114520099581144,0.0,-0.3138549983941735
2024-05-13,22027.94921875,22131.650390625,21821.05078125,22104.05078125,278200,0.0022149680905385,0.0022125186649836,0.1129782805385939,0.0,-0.3325663987213332
2024-05-14,22112.900390625,22270.05078125,22081.25,22217.849609375,230200,0.0051483245877055,0.0051351172756336,0.110126116150879,0.0,-0.367180051935224
2024-05-15,22255.599609375,22297.55078125,22151.75,22200.55078125,231900,-0.0007786004689536,-0.0007789037357247,0.1031378036230085,0.0,-0.45198968893647545
2024-05-16,22319.19921875,22432.25,22054.55078125,22403.849609375,368900,0.0091573776762647,0.0091157031198713,0.1060258902083039,0.0,-0.41694008662544024
2024-05-17,22415.25,22502.150390625,22345.650390625,22466.099609375,242700,0.002778540343975,0.0027746873362616,0.1024937589640349,0.0,-0.4598057666408295
2024-05-21,22404.55078125,22591.099609375,22404.55078125,22529.05078125,347600,0.0028020516676037,0.0027981332388829,0.1004467227585846,0.0,-0.484648444586368
2024-05-22,22576.599609375,22629.5,22483.150390625,22597.80078125,290300,0.00305161547495,0.0030469687473969,0.0967218527946975,0.0,-0.5298531872555391
2024-05-23,22614.099609375,22993.599609375,22577.44921875,22967.650390625,369800,0.016366619608483,0.0162341301383458,0.1115782798686968,0.0,-0.3495567019085411
2024-05-24,22930.75,23026.400390625,22908.0,22957.099609375,261900,-0.0004593757337192,-0.0004594812790761,0.1117523685046149,0.0,-0.3474439752725507
2024-05-27,23038.94921875,23110.80078125,22871.19921875,22932.44921875,260000,-0.0010737589261899,-0.0010743358183047,0.1095114391088422,0.0,-0.3746397264418004
2024-05-28,22977.150390625,22998.55078125,22858.5,22888.150390625,217900,-0.0019317094176221,-0.0019335775744709,0.106462017222328,0.0,-0.41164728187489275
2024-05-29,22762.75,22825.5,22685.44921875,22704.69921875,269900,-0.008015115627261,-0.0080474093408375,0.105674336788713,0.0,-0.4212065125734992
2024-05-30,22617.44921875,22705.75,22417.0,22488.650390625,373400,-0.0095155996581792,-0.0095611622438567,0.1110326582313616,0.0,-0.35617832519998355
2024-05-31,22568.099609375,22653.75,22465.099609375,22530.69921875,572100,0.0018697799732139,0.0018680341105537,0.1110203657636155,0.0,-0.356327505667119
2024-06-03,23337.900390625,23338.69921875,23062.30078125,23263.900390625,569400,0.0325423176953527,0.0320240306745201,0.1561532219033976,1.0,0.19140145333108627
2024-06-04,23179.5,23179.5,21281.44921875,21884.5,1006100,-0.0592935994164107,-0.0611241959627575,0.2725347351009498,1.0,1.6037987736536314
2024-06-05,22128.349609375,22670.400390625,21791.94921875,22620.349609375,638500,0.0336242367600356,0.0330713026490232,0.2975706432811715,1.0,1.9076326786619242
2024-06-06,22798.599609375,22910.150390625,22642.599609375,22821.400390625,480400,0.0088880492442378,0.0088487830297353,0.2989461456944538,1.0,1.92432567284322
2024-06-07,22821.849609375,23320.19921875,22789.05078125,23290.150390625,473600,0.0205399314668071,0.0203318318180632,0.2994602636094319,1.0,1.9305649693216245
2024-06-10,23319.150390625,23411.900390625,23227.150390625,23259.19921875,304400,-0.0013289382574128,-0.0013298220789751,0.2997787297175804,1.0,1.9344298501382107
2024-06-11,23283.75,23389.44921875,23206.650390625,23264.849609375,305200,0.0002429314342191,0.0002429019311563,0.29989901975113,1.0,1.9358896809685466
2024-06-12,23344.44921875,23441.94921875,23295.94921875,23322.94921875,295600,0.0024973129141392,0.0024941998100964,0.2997446293214439,1.0,1.93401601028683
2024-06-13,23480.94921875,23481.05078125,23353.900390625,23398.900390625,268300,0.003256499474515,0.0032512085635553,0.299514199658789,1.0,1.9312195331736295
2024-06-14,23464.94921875,23490.400390625,23334.25,23465.599609375,223100,0.0028505279152657,0.0028464728647632,0.2985383955425331,1.0,1.9193772475640576
2024-06-18,23570.80078125,23579.05078125,23499.69921875,23557.900390625,272200,0.0039334507869606,0.0039257349959185,0.2985898508378074,1.0,1.920001705170469
2024-06-19,23629.849609375,23664.0,23412.900390625,23516.0,328800,-0.0017786131162043,-0.0017801967265448,0.2989453798936285,1.0,1.9243163791418079
2024-06-20,23586.150390625,23624.0,23442.599609375,23567.0,280300,0.0021687361796223,0.0021663878659495,0.2989264342258271,1.0,1.9240864559375184
2024-06-21,23661.150390625,23667.099609375,23398.19921875,23501.099609375,609900,-0.0027962995130903,-0.0028002164622532,0.2945937265563741,1.0,1.8715050404365121
2024-06-24,23382.30078125,23558.099609375,23350.0,23537.849609375,239400,0.001563756616109,0.0015625352218749,0.2945348166878512,1.0,1.8707901146879433
2024-06-25,23577.099609375,23754.150390625,23562.05078125,23721.30078125,298100,0.0077938798539154,0.0077636644675083,0.295279928372981,1.0,1.879832734245845
2024-06-26,23723.099609375,23889.900390625,23670.44921875,23868.80078125,287800,0.0062180401218379,0.006198787876631,0.2953669518493891,1.0,1.88088884463234
2024-06-27,23881.55078125,24087.44921875,23805.400390625,24044.5,515200,0.0073610408985447,0.0073340806597626,0.2933996368443206,1.0,1.8570136571988123
2024-06-28,24085.900390625,24174.0,23985.80078125,24010.599609375,354800,-0.0014099020825968,-0.0014108969297394,0.2902300131006608,1.0,1.8185473410376138
2024-07-01,23992.94921875,24164.0,23992.69921875,24141.94921875,0,0.0054704843490753,0.0054555755969174,0.2902788461114146,1.0,1.8191399747956472
2024-07-02,24228.75,24236.349609375,24056.400390625,24123.849609375,0,-0.0007497161563467,-0.0007499973340487,0.2701065441388826,1.0,1.5743304301527732
2024-07-03,24291.75,24309.150390625,24207.099609375,24286.5,0,0.0067423066077227,0.0067196789101684,0.1329830149243831,0.0,-0.08979044175046944
2024-07-04,24369.94921875,24401.0,24281.0,24302.150390625,251200,0.0006444070008029,0.0006441994597673,0.0834601835970369,0.0,-0.6907958105567613
2024-07-05,24213.349609375,24363.0,24168.849609375,24323.849609375,298400,0.0008928929498506,0.0008924945580705,0.0815625200226673,0.0,-0.713825713448329
2024-07-08,24329.44921875,24344.599609375,24240.55078125,24320.55078125,266300,-0.0001356211363734,-0.0001356303337513,0.0512144838285579,0.0,-1.0821272058413087
2024-07-09,24351.0,24443.599609375,24331.900390625,24433.19921875,250500,0.0046318209860134,0.0046211271118829,0.0501749504748128,0.0,-1.0947429046999686
2024-07-10,24459.849609375,24461.05078125,24141.80078125,24324.44921875,292300,-0.0044509111977667,-0.0044608459932337,0.055436456096738,0.0,-1.030889666869534
2024-07-11,24396.55078125,24402.650390625,24193.75,24315.94921875,306400,-0.0003494426502141,-0.0003495037195243,0.0561687689425096,0.0,-1.0220023730666954
2024-07-12,24387.94921875,24592.19921875,24331.150390625,24502.150390625,325800,0.007657573644356,0.0076284032489554,0.059428822703403,0.0,-0.9824386049948939
2024-07-15,24587.599609375,24635.05078125,24522.75,24586.69921875,305400,0.0034506697076412,0.0034447298074261,0.0595391460757264,0.0,-0.9810997288181078
2024-07-16,24615.900390625,24661.25,24587.650390625,24613.0,283200,0.0010697158254551,0.0010691440871768,0.0593891943629919,0.0,-0.9829195315636219
2024-07-18,24543.80078125,24837.75,24504.44921875,24800.849609375,350900,0.0076321297434283,0.0076031523871201,0.0603994936921443,0.0,-0.9706586146360653
2024-07-19,24853.80078125,24854.80078125,24508.150390625,24530.900390625,343800,-0.0108846762510892,-0.0109443477378994,0.0773662981956022,0.0,-0.7647507469969593
2024-07-22,24445.75,24595.19921875,24362.30078125,24509.25,324200,-0.0008825762723847,-0.000882965972133,0.0760757078095282,0.0,-0.7804132551809765
2024-07-23,24568.900390625,24582.55078125,24074.19921875,24479.05078125,436400,-0.0012321559717249,-0.0012329157000276,0.0769795023462388,0.0,-0.7694448724309998
2024-07-24,24444.94921875,24504.25,24307.25,24413.5,366600,-0.0026778318259059,-0.0026814236311497,0.0754492703820766,0.0,-0.7880156528434
2024-07-25,24230.94921875,24426.150390625,24210.80078125,24406.099609375,391800,-0.0003031269840456,-0.0003031729363163,0.0735131314539224,0.0,-0.8115124897444232
2024-07-26,24423.349609375,24861.150390625,24410.900390625,24834.849609375,383800,0.0175673297602745,0.0174148078999285,0.0913681527328763,0.0,-0.5948252898977476
2024-07-29,24943.30078125,24999.75,24774.599609375,24836.099609375,355000,5.03324972633834e-05,5.0331230625744864e-05,0.0908717517268288,0.0,-0.6008495752974122
2024-07-30,24839.400390625,24971.75,24798.650390625,24857.30078125,385000,0.0008536433743,0.0008532792280141,0.089804598933776,0.0,-0.6138004616011848
2024-07-31,24886.69921875,24984.599609375,24856.5,24951.150390625,333600,0.0037755350108565,0.0037684255675633,0.0897620312826193,0.0,-0.6143170594247936
2024-08-01,25030.94921875,25078.30078125,24956.400390625,25010.900390625,431300,0.0023946791656728,0.002391816490734,0.0878370175144274,0.0,-0.6376788822184452
2024-08-02,24789.0,24851.900390625,24686.849609375,24717.69921875,345000,-0.0117229354919546,-0.0117921908833044,0.0996814102198627,0.0,-0.4939362201892272
2024-08-05,24302.849609375,24350.05078125,23893.69921875,24055.599609375,487000,-0.0267864578946228,-0.0271517531414515,0.1407577096573955,0.0,0.0045626707459530385
2024-08-06,24189.849609375,24382.599609375,23960.400390625,23992.55078125,312300,-0.0026209626510589,-0.0026244033870099,0.1409366018138687,0.0,0.006733692547332721
2024-08-07,24289.400390625,24337.69921875,24184.900390625,24297.5,317600,0.0127101624804444,0.0126300663412452,0.1476391223494868,1.0,0.08807497935329406
2024-08-08,24248.55078125,24340.5,24079.69921875,24117.0,311900,-0.007428747813561,-0.0074564783815551,0.1491399515618831,0.0,0.10628893017426415
2024-08-09,24386.849609375,24419.75,24311.19921875,24367.5,215100,0.0103868640378157,0.0103332912152946,0.1539577163994003,1.0,0.16475696310749316
2024-08-12,24320.05078125,24472.80078125,24212.099609375,24347.0,279900,-0.0008412844977941,-0.0008416385761983,0.1513828651877366,0.0,0.1335087618110388
2024-08-13,24342.349609375,24359.94921875,24116.5,24139.0,239700,-0.0085431469996303,-0.0085798488623965,0.1534227694857367,0.0,0.15826488746236217
2024-08-14,24184.400390625,24196.5,24099.69921875,24143.75,303300,0.0001967769998756,0.0001967576418212,0.1533040481075146,0.0,0.1568240937154959
2024-08-16,24334.849609375,24563.900390625,24204.5,24541.150390625,271600,0.0164597624902924,0.016325768935141,0.1626120905792405,1.0,0.26978579943071773
2024-08-19,24636.349609375,24638.80078125,24522.94921875,24572.650390625,243600,0.0012835584110202,0.001282735354142,0.1579475775709012,0.0,0.21317761920878658
2024-08-20,24648.900390625,24734.30078125,24607.19921875,24698.849609375,238300,0.0051357593399101,0.0051226163083365,0.1588951699811076,1.0,0.22467752966846294
2024-08-21,24680.55078125,24787.94921875,24654.5,24770.19921875,257100,0.0028887826964991,0.002884618182089,0.1590111623491514,1.0,0.22608520435236978
2024-08-22,24863.400390625,24867.349609375,24784.44921875,24811.5,220300,0.0016673576536574,0.0016659691560852,0.1585726641952731,1.0,0.2207636236262899
2024-08-23,24845.400390625,24858.400390625,24771.650390625,24823.150390625,206800,0.0004695560778267,0.0004694458708691,0.1585245306332283,0.0,0.22017947832535828
2024-08-26,24906.099609375,25043.80078125,24874.69921875,25010.599609375,210300,0.007551387144671,0.0075230181481054,0.1483768186861658,0.0,0.09702760679824372
2024-08-27,25024.80078125,25073.099609375,24973.650390625,25017.75,223300,0.000285894410237,0.0002858535502177,0.1483728104242977,0.0,0.09697896283266767
2024-08-28,25030.80078125,25129.599609375,24964.650390625,25052.349609375,220400,0.0013830024432652,0.0013820469762269,0.1484077874587406,0.0,0.09740344150082267
2024-08-29,25035.30078125,25192.900390625,24998.5,25151.94921875,354000,0.0039756594063229,0.0039677773564559,0.1484696373043698,0.0,0.09815404659117558
2024-08-30,25249.69921875,25268.349609375,25199.400390625,25235.900390625,638200,0.0033377600735777,0.0033322021164079,0.1486742822408816,0.0,0.10063760220070125
2024-09-02,25333.599609375,25333.650390625,25235.5,25278.69921875,222800,0.0016959501132323,0.0016945136137639,0.1414813965241284,0.0,0.013345280313772597
2024-09-03,25313.400390625,25321.69921875,25235.80078125,25279.849609375,212100,4.550829989491412e-05,4.550726442364936e-05,0.0945467869057855,0.0,-0.5562496238425906
2024-09-04,25089.94921875,25216.0,25083.80078125,25198.69921875,253800,-0.0032100820170585,-0.0032152453831834,0.0949922381690068,0.0,-0.5508436607027223
2024-09-05,25250.5,25275.44921875,25127.75,25145.099609375,222200,-0.0021270784221717,-0.0021293438665674,0.0882249648428213,0.0,-0.6329707825212042
2024-09-06,25093.69921875,25168.75,24801.30078125,24852.150390625,311700,-0.0116503502989019,-0.0117187473822492,0.0951285300400686,0.0,-0.5491896327718199
2024-09-09,24823.400390625,24957.5,24753.150390625,24936.400390625,254400,0.0033900486950126,0.0033843154336383,0.08960956403215,0.0,-0.616167390547695
2024-09-10,24999.400390625,25130.5,24896.80078125,25041.099609375,251300,0.0041986500501236,0.0041898603137641,0.0899028051643929,0.0,-0.6126086381478598
2024-09-11,25034.0,25113.69921875,24885.150390625,24918.44921875,279200,-0.0048979634496194,-0.0049099977844991,0.0853238512021083,0.0,-0.6681784802002925
2024-09-12,25059.650390625,25433.349609375,24941.44921875,25388.900390625,380100,0.0188796328272711,0.0187036244247439,0.1044616738917551,0.0,-0.43592329859097073
2024-09-13,25430.44921875,25430.5,25292.44921875,25356.5,250800,-0.0012761636040355,-0.0012769785942554,0.0914733620161504,0.0,-0.5935484779223167
2024-09-16,25406.650390625,25445.69921875,25336.19921875,25383.75,168700,0.0010746751326089,0.001074098082679,0.0914869909375903,0.0,-0.5933830783533326
2024-09-17,25416.900390625,25441.650390625,25352.25,25418.55078125,216000,0.0013709866056039,0.0013700476615561,0.0905484239117541,0.0,-0.604773457424826
2024-09-18,25402.400390625,25482.19921875,25285.55078125,25377.55078125,215700,-0.0016129951842196,-0.0016142974615182,0.0910009997203952,0.0,-0.599281031335792
2024-09-19,25487.05078125,25611.94921875,25376.05078125,25415.80078125,314500,0.0015072376499098,0.0015061029073179,0.0909921720722327,0.0,-0.5993881630121803
2024-09-20,25525.94921875,25849.25,25426.599609375,25790.94921875,533100,0.0147604413777415,0.0146525662899847,0.102655487675588,0.0,-0.457843039120445
2024-09-23,25872.55078125,25956.0,25847.349609375,25939.05078125,209200,0.0057423850996662,0.0057259604541125,0.1015449795871144,0.0,-0.4713200820395743
2024-09-24,25921.44921875,26011.55078125,25886.849609375,25940.400390625,384100,5.203002169906768e-05,5.20286681844374e-05,0.1015952892618164,0.0,-0.4707095275985544
2024-09-25,25899.44921875,26032.80078125,25871.349609375,26004.150390625,278500,0.0024575565157058,0.0024545416621303,0.1016065848724357,0.0,-0.47057244491478617
2024-09-26,26005.400390625,26250.900390625,25998.400390625,26216.05078125,370900,0.008148714241454,0.0081156927368075,0.1037887903957066,0.0,-0.4440893622603351
2024-09-27,26248.25,26277.349609375,26151.400390625,26178.94921875,490300,-0.0014152231703233,-0.0014162255444679,0.1043908859908465,0.0,-0.4367823752502066
2024-09-30,26061.30078125,26134.69921875,25794.099609375,25810.849609375,343100,-0.0140609008520233,-0.0141606918570764,0.1188434854131986,0.0,-0.26138671201307834
2024-10-01,25788.44921875,25907.599609375,25739.19921875,25796.900390625,247400,-0.0005404401234794,-0.0005405862138807,0.1189268219789121,0.0,-0.2603753456984056
2024-10-03,25452.849609375,25639.44921875,25230.30078125,25250.099609375,423400,-0.0211963752609873,-0.02142424417261,0.1427001673253813,0.0,0.02813619139992584
2024-10-04,25181.900390625,25485.05078125,24966.80078125,25014.599609375,374900,-0.0093266958801446,-0.0093704618486467,0.1464669880852685,0.0,0.0738500457847641
2024-10-07,25084.099609375,25143.0,24694.349609375,24795.75,374300,-0.0087488751686026,-0.0087873712731709,0.1437701182710726,0.0,0.04112103587437261
2024-10-08,24832.19921875,25044.0,24756.80078125,25013.150390625,333200,0.0087676473034692,0.008729434677965,0.146716697615265,0.0,0.07688050192282267
2024-10-09,25065.80078125,25234.05078125,24947.69921875,24981.94921875,290600,-0.0012473907279866,-0.0012481693673798,0.1460005906300947,0.0,0.06818988122946618
2024-10-10,25067.05078125,25134.05078125,24979.400390625,24998.44921875,261400,0.0006604768849507,0.0006602588660852,0.1449106647689249,0.0,0.05496262267807216
2024-10-11,24985.30078125,25028.650390625,24920.05078125,24964.25,210500,-0.0013680536120755,-0.0013689902517646,0.127288284718342,0.0,-0.158901260659649
2024-10-14,25023.44921875,25159.75,25017.5,25127.94921875,206400,0.0065573457544287,0.0065359398889081,0.1299290848929729,0.0,-0.12685270769209375
2024-10-15,25186.30078125,25212.05078125,25008.150390625,25057.349609375,257200,-0.0028096049048969,-0.0028135592532655,0.1300559444943735,0.0,-0.1253131490787661
2024-10-16,25008.55078125,25093.400390625,24908.44921875,24971.30078125,226800,-0.0034340754096676,-0.0034399853806971,0.1301871521727837,0.0,-0.12372082252877736
2024-10-17,25027.400390625,25029.5,24728.900390625,24749.849609375,252800,-0.0088682273228345,-0.0089077840900148,0.1332649393123717,0.0,-0.08636902851061262
2024-10-18,24664.94921875,24886.19921875,24567.650390625,24854.05078125,290900,0.0042101739412401,0.0042013359565505,0.1343438993046455,0.0,-0.07327485092215028
2024-10-21,24956.150390625,24978.30078125,24679.599609375,24781.099609375,242000,-0.0029351823779982,-0.0029394984735484,0.1207832353312366,0.0,-0.23784605240950163
2024-10-22,24798.650390625,24882.0,24445.80078125,24472.099609375,279500,-0.0124691803378693,-0.0125475729094392,0.1226882348245387,0.0,-0.2147271213556624
2024-10-23,24378.150390625,24604.25,24378.099609375,24435.5,284600,-0.0014955647434917,-0.0014966842167451,0.1223147845417848,0.0,-0.21925928599370045
2024-10-24,24412.69921875,24480.650390625,24341.19921875,24399.400390625,216700,-0.0014773427748562,-0.0014784351216731,0.1207806977043406,0.0,-0.23787684885929336
2024-10-25,24418.05078125,24440.25,24073.900390625,24180.80078125,372600,-0.0089592205494931,-0.0089995957000837,0.1146665222751917,0.0,-0.31207802355491077
2024-10-28,24251.099609375,24492.599609375,24134.900390625,24339.150390625,278600,0.0065485676346082,0.0065272189172371,0.1204011716910464,0.0,-0.24248274810773782
2024-10-29,24328.849609375,24484.5,24140.849609375,24466.849609375,332000,0.0052466588480091,0.0052329430871703,0.1175796353558706,0.0,-0.2767247015718625
2024-10-30,24371.44921875,24498.19921875,24307.30078125,24340.849609375,285200,-0.0051498252538292,-0.0051631313061232,0.1176122227100159,0.0,-0.276329223884671
2024-10-31,24349.849609375,24372.44921875,24172.599609375,24205.349609375,287000,-0.005566773640794,-0.0055823258691893,0.0959816479286101,0.0,-0.5388362580253522
2024-11-01,24302.75,24368.25,24280.19921875,24304.349609375,38800,0.0040900049616161,0.0040816636276529,0.0943545774883194,0.0,-0.5585822629251317
2024-11-04,24315.75,24316.75,23816.150390625,23995.349609375,285500,-0.0127137736646451,-0.0127952853023641,0.0994298703176185,0.0,-0.49698888958768084
2024-11-05,23916.5,24229.05078125,23842.75,24213.30078125,289500,0.0090830588186072,0.0090420559405291,0.0998675428441418,0.0,-0.49167732861329316
2024-11-06,24308.75,24537.599609375,24204.05078125,24484.05078125,351100,0.0111818707596305,0.0111198158079183,0.1096564361248674,0.0,-0.3728800535241512
2024-11-07,24489.599609375,24503.349609375,24179.05078125,24199.349609375,322200,-0.0116280257061476,-0.0116961598894184,0.1157669001517895,0.0,-0.2987239201277554
2024-11-08,24207.69921875,24276.150390625,24066.650390625,24148.19921875,298700,-0.0021137093124677,-0.0021159463488489,0.1157754055767982,0.0,-0.29862069892740806
2024-11-11,24087.25,24336.80078125,24004.599609375,24141.30078125,273400,-0.0002856708874028,-0.0002857116991034,0.1118341890282185,0.0,-0.34645100753128283
2024-11-12,24225.80078125,24242.0,23839.150390625,23883.44921875,255800,-0.0106809307765333,-0.0107383813677232,0.1160544237551848,0.0,-0.29523455522943465
2024-11-13,23822.44921875,23873.599609375,23509.599609375,23559.05078125,304600,-0.0135825623229214,-0.0136756491890301,0.1227653820042148,0.0,-0.21379086896598934
2024-11-14,23542.150390625,23675.900390625,23484.150390625,23532.69921875,257700,-0.0011185324376894,-0.001119158461959,0.1208168133829779,0.0,-0.23743855169054673
2024-11-18,23605.30078125,23606.80078125,23350.400390625,23453.80078125,263300,-0.0033527151631265,-0.0033583481065696,0.1181890793503036,0.0,-0.2693285349387418
2024-11-19,23529.55078125,23780.650390625,23464.80078125,23518.5,297500,0.0027585814066317,0.0027547835038892,0.1198797570688092,0.0,-0.24881059687848492
2024-11-21,23488.44921875,23507.30078125,23263.150390625,23349.900390625,420300,-0.0071688079331164,-0.0071946273067947,0.1154200528398933,0.0,-0.3029332331055968
2024-11-22,23411.80078125,23956.099609375,23359.0,23907.25,367600,0.0238694641112378,0.0235890420376329,0.1477049352148474,1.0,0.08887367935404294
2024-11-25,24253.55078125,24351.55078125,24135.44921875,24221.900390625,687200,0.0131612958673623,0.0130754385217122,0.1560023286063599,1.0,0.189570223589049
2024-11-26,24343.30078125,24343.30078125,24125.400390625,24194.5,230700,-0.0011312238174179,-0.0011318641340202,0.1526913194248196,0.0,0.1493880643518443
2024-11-27,24204.80078125,24354.55078125,24145.650390625,24274.900390625,295000,0.0033230854378061,0.0033175761911502,0.1512981342920392,0.0,0.13248047401219903
2024-11-28,24274.150390625,24345.75,23873.349609375,23914.150390625,366700,-0.0148610290544929,-0.0149725605075969,0.1586179516274454,0.0,0.2213132285084319
2024-11-29,23927.150390625,24188.44921875,23927.150390625,24131.099609375,282100,0.0090720019405352,0.0090310985286958,0.1618158846174518,1.0,0.26012310356126034
2024-12-02,24140.849609375,24301.69921875,24008.650390625,24276.05078125,220400,0.0060068200049485,0.0059888509835426,0.1621443801833433,1.0,0.26410970112521714
2024-12-03,24367.5,24481.349609375,24280.0,24457.150390625,339500,0.0074600111445999,0.0074323228793726,0.1636523097048144,1.0,0.28240982076488724
2024-12-04,24488.75,24573.19921875,24366.30078125,24467.44921875,348000,0.0004210968146538,0.0004210081782723,0.1561643389975587,0.0,0.191536369552499
2024-12-05,24539.150390625,24857.75,24295.55078125,24708.400390625,361500,0.0098478255628851,0.0097996517421212,0.1567056681510599,1.0,0.19810589958189267
2024-12-06,24729.44921875,24751.05078125,24620.5,24677.80078125,226700,-0.0012384293961259,-0.0012391968835286,0.15220886399702,0.0,0.14353302144444938
2024-12-09,24633.900390625,24705.0,24580.05078125,24619.0,248100,-0.0023827399277279,-0.0023855831698785,0.1458553901089918,0.0,0.06642773858944834
2024-12-10,24652.650390625,24677.80078125,24510.650390625,24610.05078125,261000,-0.00036350862139,-0.0003635747066644,0.1455134703855493,0.0,0.062278226455713986
2024-12-11,24620.5,24691.75,24583.849609375,24641.80078125,187300,0.0012901233029631,0.0012892918089711,0.1454438512854201,0.0,0.061433334275124755
2024-12-12,24604.44921875,24675.25,24527.94921875,24548.69921875,266100,-0.0037781963796591,-0.0037853517923229,0.1399759013980817,0.0,-0.004925295685506722
2024-12-13,24498.349609375,24792.30078125,24180.80078125,24768.30078125,310100,0.0089455478085889,0.008905773422254,0.1303981944376901,0.0,-0.12115962942139247
2024-12-16,24753.400390625,24781.25,24601.75,24668.25,187600,-0.0040394689217332,-0.0040476496141852,0.1318829147436762,0.0,-0.1031411750811087
2024-12-17,24584.80078125,24624.099609375,24303.44921875,24336.0,264900,-0.0134687300477334,-0.0135602561482743,0.1423059779010074,0.0,0.023352338093773146
2024-12-18,24297.94921875,24394.44921875,24149.849609375,24198.849609375,235300,-0.0056356998120069,-0.0056516402868919,0.1447024645064861,0.0,0.0524359198996005
2024-12-19,23877.150390625,24004.900390625,23870.30078125,23951.69921875,271100,-0.010213311567061,-0.0102658252990389,0.1475125148833335,0.0,0.08653848063442772
2024-12-20,23960.69921875,24065.80078125,23537.349609375,23587.5,442700,-0.0152055691508056,-0.0153223592363376,0.1334270828514051,0.0,-0.08440126667502264
2024-12-23,23738.19921875,23869.55078125,23647.19921875,23753.44921875,189800,0.0070354729729729,0.0070108395042457,0.1267061004270974,0.0,-0.16596660557823562
2024-12-24,23769.099609375,23867.650390625,23685.150390625,23727.650390625,177700,-0.0010861087115143,-0.0010866989549987,0.1267054672009401,0.0,-0.1659742903634148
2024-12-26,23775.80078125,23854.5,23653.599609375,23750.19921875,177700,0.0009503186263191,0.0009498673594489,0.1259180640744538,0.0,-0.17553015568349395
2024-12-27,23801.400390625,23938.849609375,23800.599609375,23813.400390625,176800,0.002661079652128,0.0026575452485017,0.1152413638608761,0.0,-0.3051017891606006
2024-12-30,23796.900390625,23915.349609375,23599.30078125,23644.900390625,364900,-0.0070758479358679,-0.0071010004684319,0.1122705987710959,0.0,-0.3411547716045648
2024-12-31,23560.599609375,23689.849609375,23460.44921875,23644.80078125,193600,-4.212721278373799e-06,-4.2127301519090045e-06,0.1092857747568604,0.0,-0.3773783721018753
2025-01-01,23637.650390625,23822.80078125,23562.80078125,23742.900390625,154900,0.0041488871182535,0.0041403042175613,0.1063760552577729,0.0,-0.41269050983310973
2025-01-02,23783.0,24226.69921875,23751.55078125,24188.650390625,283200,0.0187740331916654,0.0185999761576599,0.1280527106185711,0.0,-0.14962424523507692
2025-01-03,24196.400390625,24196.44921875,23976.0,24004.75,312300,-0.0076027553276091,-0.0076318035968108,0.1242169119352509,0.0,-0.19617521052818102
2025-01-06,24045.80078125,24089.94921875,23551.900390625,23616.05078125,278100,-0.0161925959966257,-0.0163251287258849,0.1349638039009369,0.0,-0.06575173520899222
2025-01-07,23679.900390625,23795.19921875,23637.80078125,23707.900390625,262300,0.0038892874268343,0.0038817437019732,0.1366715349181043,0.0,-0.04502683959447416
2025-01-08,23746.650390625,23751.849609375,23496.150390625,23688.94921875,266400,-0.0007993610384197,-0.0007996806978147,0.1366158800162908,0.0,-0.0457022633110465
2025-01-09,23674.75,23689.5,23503.05078125,23526.5,269200,-0.0068575949591475,-0.0068812163158634,0.1371576759937434,0.0,-0.03912706794117151
2025-01-10,23551.900390625,23596.599609375,23344.349609375,23431.5,261000,-0.0040379997024632,-0.0040461744370668,0.137197858254075,0.0,-0.03863941904180977
2025-01-13,23195.400390625,23340.94921875,23047.25,23085.94921875,316500,-0.0147472753024774,-0.0148570974223703,0.1373188910804294,0.0,-0.03717057373367328
2025-01-14,23165.900390625,23264.94921875,23134.150390625,23176.05078125,311200,0.0039028744993869,0.0038952780436351,0.1397841620462336,0.0,-0.007252230086943407
2025-01-15,23250.44921875,23293.650390625,23146.44921875,23213.19921875,228000,0.0016028803979861,0.0016015971562733,0.1350449045383615,0.0,-0.06476750395243089
2025-01-16,23377.25,23391.650390625,23272.05078125,23311.80078125,299400,0.0042476507253836,0.0042386549220649,0.1364057491113081,0.0,-0.04825239622271209
2025-01-17,23277.099609375,23292.099609375,23100.349609375,23203.19921875,272900,-0.0046586517926727,-0.0046695371314281,0.1332455790329481,0.0,-0.08660398341047029
2025-01-20,23290.400390625,23391.099609375,23170.650390625,23344.75,301500,0.0061004855371675,0.0060819529090996,0.1254138586155411,0.0,-0.18164915533811662
2025-01-21,23421.650390625,23426.30078125,22976.849609375,23024.650390625,312900,-0.0137118456772935,-0.0138067213115826,0.1305067198387075,0.0,-0.11984257328960171
2025-01-22,23099.150390625,23169.55078125,22981.30078125,23155.349609375,276000,0.0056764909144164,0.0056604403518015,0.1330036762609784,0.0,-0.08953969731830239
2025-01-23,23128.30078125,23270.80078125,23090.650390625,23205.349609375,275600,0.0021593282262408,0.0021570002277194,0.1333335796270019,0.0,-0.08553601479747061
2025-01-24,23183.900390625,23347.30078125,23050.0,23092.19921875,264300,-0.0048760476583936,-0.0048879743646975,0.1331579579513594,0.0,-0.08766734628864116
2025-01-27,22940.150390625,23007.44921875,22786.900390625,22829.150390625,257400,-0.0113912419355629,-0.0114566190908245,0.1364289535448007,0.0,-0.04797078895722722
2025-01-28,22960.44921875,23137.94921875,22857.650390625,22957.25,361900,0.0056112298172781,0.0055955455120542,0.1388095577640412,0.0,-0.01907995460025875
2025-01-29,23026.75,23183.349609375,22976.5,23163.099609375,226300,0.0089666492883511,0.0089266875926458,0.1423719087675706,0.0,0.024152470148271713
2025-01-30,23169.5,23322.05078125,23139.19921875,23249.5,361900,0.0037300875997627,0.0037231480743501,0.1234119580575031,0.0,-0.205944070449983
2025-01-31,23296.75,23546.80078125,23277.400390625,23508.400390625,304900,0.0111357401503258,0.0110741942803563,0.1297497520309407,0.0,-0.12902907786310283
2025-02-01,23528.599609375,23632.44921875,23318.30078125,23482.150390625,281000,-0.0011166221250199,-0.0011172460119788,0.1165540924131238,0.0,-0.28917061385135456
2025-02-03,23319.349609375,23381.599609375,23222.0,23361.05078125,329700,-0.0051570919766934,-0.0051704356717334,0.1166917748113365,0.0,-0.28749971058718143
2025-02-04,23509.900390625,23762.75,23423.150390625,23739.25,376700,0.0161893068206311,0.0160596574106868,0.1310354458241337,0.0,-0.11342599436324557
2025-02-05,23801.75,23807.30078125,23680.44921875,23696.30078125,267000,-0.0018092070621439,-0.0018108456539069,0.1286640631262176,0.0,-0.14220491702865753
2025-02-06,23761.94921875,23773.55078125,23556.25,23603.349609375,307000,-0.0039226026346081,-0.0039303162184799,0.1286120916460466,0.0,-0.14283563901628207
2025-02-07,23649.5,23694.5,23443.19921875,23559.94921875,368100,-0.0018387386257991,-0.0018404311807618,0.1158441048648494,0.0,-0.29778696951724926
2025-02-10,23543.80078125,23568.599609375,23316.30078125,23381.599609375,234200,-0.0075700336923079,-0.0075988318246352,0.1191917785225598,0.0,-0.25715985294557725
2025-02-11,23383.55078125,23390.05078125,22986.650390625,23071.80078125,268000,-0.0132496849360461,-0.0133382451446241,0.1286827072943695,0.0,-0.1419786528015142
2025-02-12,23050.80078125,23144.69921875,22798.349609375,23045.25,279700,-0.0011507892904301,-0.0011514519568673,0.127575816224166,0.0,-0.15541179985804576
2025-02-13,23055.75,23235.5,22992.19921875,23031.400390625,265700,-0.0006009745771905,-0.0006011552347958,0.1266580504939388,0.0,-0.166549735965273
2025-02-14,23096.44921875,23133.69921875,22774.849609375,22929.25,254500,-0.0044352661537063,-0.0044451311266271,0.1250458777961123,0.0,-0.18611494297922707
2025-02-17,22809.900390625,22974.19921875,22725.44921875,22959.5,207400,0.0013192755977626,0.0013184061183492,0.1154979785217662,0.0,-0.30198753287161917
2025-02-18,22963.650390625,22992.5,22801.5,22945.30078125,210600,-0.0006184463402948,-0.0006186376571162,0.1134467060211915,0.0,-0.326881622177239
2025-02-19,22847.25,23049.94921875,22814.849609375,22932.900390625,207000,-0.0005404326900405,-0.0005405787764224,0.1130260705305715,0.0,-0.33198642296098363
2025-02-20,22821.099609375,22923.849609375,22812.75,22913.150390625,240800,-0.0008612081186238,-0.0008615791713867,0.1118935647294371,0.0,-0.34573042847203767
2025-02-21,22857.19921875,22921.0,22720.30078125,22795.900390625,242800,-0.0051171487988824,-0.0051302862414602,0.1056748826415163,0.0,-0.4211998881447951
2025-02-24,22609.349609375,22668.05078125,22518.80078125,22553.349609375,214300,-0.0106401053300685,-0.0106971160111741,0.1098274017386499,0.0,-0.37080522765069995
2025-02-25,22516.44921875,22625.30078125,22513.900390625,22547.55078125,250300,-0.0002571160481895,-0.0002571491081876,0.1036045783535105,0.0,-0.4463249457960747
2025-02-27,22568.94921875,22613.30078125,22508.400390625,22545.05078125,289200,-0.0001108767876499,-0.0001108829349354,0.1019975910196126,0.0,-0.46582722362208084
2025-02-28,22433.400390625,22450.349609375,22104.849609375,22124.69921875,551300,-0.0186449596666951,-0.018820968141259,0.1079930214250844,0.0,-0.3930671296327995
2025-03-03,22194.55078125,22261.55078125,22004.69921875,22119.30078125,282400,-0.0002440004922383,-0.0002440302652016,0.1082426855253405,0.0,-0.3900372248266652
2025-03-04,21974.44921875,22105.05078125,21964.599609375,22082.650390625,253300,-0.0016569416451024,-0.0016583158911502,0.1080218311782359,0.0,-0.39271749662810357
2025-03-05,22073.05078125,22394.900390625,22067.80078125,22337.30078125,305900,0.0115316950692254,0.0114657118546871,0.0981564623891975,0.0,-0.5124428727536012
2025-03-06,22476.349609375,22556.44921875,22245.849609375,22544.69921875,372100,0.009284847776867,0.0092420085440883,0.1074030174765827,0.0,-0.40022737332570474
2025-03-07,22508.650390625,22633.80078125,22464.75,22552.5,289800,0.0003460139864501,0.0003459541374161,0.1077151111486391,0.0,-0.39643982791586063
2025-03-10,22521.849609375,22676.75,22429.05078125,22460.30078125,293900,-0.0040882039130917,-0.0040965834647173,0.1078913636932861,0.0,-0.39430084024574086
2025-03-11,22345.94921875,22522.099609375,22314.69921875,22497.900390625,347900,0.001674047455606,0.0016726478000064,0.1069700045764504,0.0,-0.4054823854234922
2025-03-12,22536.349609375,22577.400390625,22329.55078125,22470.5,369700,-0.0012179087892316,-0.0012186510428671,0.0981047608250541,0.0,-0.5130703190605476
2025-03-13,22541.5,22558.05078125,22377.349609375,22397.19921875,287500,-0.0032620894617386,-0.0032674216748287,0.0983436635283991,0.0,-0.5101710137606625
2025-03-17,22353.150390625,22577.0,22353.150390625,22508.75,251100,0.0049805683362682,0.0049682063353279,0.1009167290282234,0.0,-0.47894448372923587
2025-03-18,22662.25,22857.80078125,22599.19921875,22834.30078125,272600,0.0144632989948354,0.0143597031826613,0.1139955976802979,0.0,-0.3202203141466987
2025-03-19,22874.94921875,22940.69921875,22807.94921875,22907.599609375,324000,0.0032100316461272,0.003204890493779,0.1145259576257171,0.0,-0.31378390560434755
2025-03-20,23036.599609375,23216.69921875,22973.94921875,23190.650390625,313700,0.01235619558909,0.0122804808636645,0.1226365158824699,0.0,-0.21535477855980856
2025-03-21,23168.25,23402.69921875,23132.80078125,23350.400390625,541000,0.0068885519512889,0.0068649342763162,0.1245795326356536,0.0,-0.19177447288978233
2025-03-24,23515.400390625,23708.75,23433.5,23658.349609375,311900,0.0131881772302988,0.013101970335,0.1316189795371091,0.0,-0.10634427296368526
2025-03-25,23751.5,23869.599609375,23601.400390625,23668.650390625,338200,0.0004353972876416,0.0004353025297464,0.1293065738040738,0.0,-0.13440745560415865
2025-03-26,23700.94921875,23736.5,23451.69921875,23486.849609375,278600,-0.0076810793285454,-0.0077107307525872,0.1258425513704379,0.0,-0.17644657219907345
2025-03-27,23433.94921875,23646.44921875,23412.19921875,23591.94921875,510300,0.0044748278770025,0.0044648456029652,0.1258216197150457,0.0,-0.17670059719989686
2025-03-28,23600.400390625,23649.19921875,23450.19921875,23519.349609375,295400,-0.0030773044101545,-0.0030820490476671,0.1270018944831505,0.0,-0.16237687108640472
2025-04-01,23341.099609375,23565.150390625,23136.400390625,23165.69921875,314300,-0.0150365718652369,-0.0151507672965339,0.1194190451261889,0.0,-0.25440176247961405
2025-04-02,23192.599609375,23350.0,23158.44921875,23332.349609375,341000,0.0071938424586863,0.0071680902053714,0.1202213124187048,0.0,-0.24466550675480256
2025-04-03,23150.30078125,23306.5,23145.80078125,23250.099609375,283200,-0.0035251486188494,-0.0035313765959128,0.1212946786831714,0.0,-0.23163921422770795
2025-04-04,23190.400390625,23214.69921875,22857.44921875,22904.44921875,466800,-0.0148666197750665,-0.0149782355814721,0.1314818453228555,0.0,-0.10800852350842206
2025-04-07,21758.400390625,22254.0,21743.650390625,22161.599609375,647100,-0.0324325462830553,-0.0329701369044216,0.1754826584962032,0.0,0.42598204690595487
2025-04-08,22446.75,22697.19921875,22270.849609375,22535.849609375,468300,0.0168873189028142,0.0167463133888997,0.1862968573508049,1.0,0.5572223535837668
2025-04-09,22460.30078125,22468.69921875,22353.25,22399.150390625,383800,-0.0060658560080705,-0.006084328049671,0.1870036334063336,1.0,0.5657997348144302
2025-04-11,22695.400390625,22923.900390625,22695.400390625,22828.55078125,402200,0.0191703874091904,0.0189889506738593,0.1989458438271309,1.0,0.7107295053049624
2025-04-15,23368.349609375,23368.349609375,23207.0,23328.55078125,388300,0.0219023977821084,0.0216659860293088,0.2121215142859194,1.0,0.8706284543576132
2025-04-16,23344.099609375,23452.19921875,23273.05078125,23437.19921875,348400,0.004657316201027,0.0046465044600635,0.2114365372351387,1.0,0.8623156242145397
2025-04-17,23401.849609375,23872.349609375,23298.55078125,23851.650390625,505300,0.0176834769379541,0.0175289433936214,0.2181571548070381,1.0,0.9438765352962747
2025-04-21,23949.150390625,24189.55078125,23903.650390625,24125.55078125,406100,0.0114834984640164,0.0114180635667531,0.2163496399582793,1.0,0.9219406705812606
2025-04-22,24185.400390625,24242.599609375,24072.0,24167.25,440900,0.0017284255654137,0.0017269335569158,0.2163720655129336,1.0,0.9222128254315476
2025-04-23,24357.599609375,24359.30078125,24119.94921875,24328.94921875,415000,0.0066908406521222,0.0066685563231763,0.2139719726644408,1.0,0.8930854785308215
2025-04-24,24277.900390625,24347.849609375,24216.150390625,24246.69921875,358800,-0.0033807460922566,-0.0033864737270896,0.2142262340596991,1.0,0.896171175764494
2025-04-25,24289.0,24365.44921875,23847.849609375,24039.349609375,387700,-0.0085516633626838,-0.0085884386458094,0.2129929847360858,1.0,0.8812045544162708
2025-04-28,24070.25,24355.099609375,24054.05078125,24328.5,320500,0.0120282118827472,0.0119564478312009,0.2166273437426401,1.0,0.9253108628918625
2025-04-29,24370.69921875,24457.650390625,24290.75,24335.94921875,357600,0.0003061930965739,0.0003061462290345,0.2140212317853887,1.0,0.8936832835302305
2025-04-30,24342.05078125,24396.150390625,24198.75,24334.19921875,424500,-7.191007773188485e-05,-7.191266338548166e-05,0.2138709932938644,1.0,0.89186000045882
2025-05-02,24311.900390625,24589.150390625,24238.5,24346.69921875,421100,0.0005136803511647,0.0005135484625769,0.2132182260180395,1.0,0.8839380657301975
2025-05-05,24419.5,24526.400390625,24400.650390625,24461.150390625,291500,0.0047008906976129,0.0046898760166561,0.2038097094637445,1.0,0.7697570140803547
2025-05-06,24500.75,24509.650390625,24331.80078125,24379.599609375,302400,-0.0033338898599493,-0.0033394596535795,0.2041811270448473,1.0,0.7742645100035245
2025-05-07,24233.30078125,24449.599609375,24220.0,24414.400390625,330100,0.0014274549954715,0.0014264371500933,0.2030923692717206,1.0,0.7610514272810631
2025-05-08,24431.5,24447.25,24150.19921875,24273.80078125,411400,-0.0057588802970967,-0.0057755265883323,0.1950917483730111,1.0,0.663956491772942
2025-05-09,23935.75,24164.25,23935.75,24008.0,335600,-0.0109501096942064,-0.0110105034287145,0.1524475283597493,0.0,0.14642943426048818
2025-05-12,24420.099609375,24944.80078125,24378.849609375,24924.69921875,368700,0.0381830730902199,0.0374721401846667,0.1888376368199148,1.0,0.5880570627665724
2025-05-13,24864.05078125,24973.80078125,24547.5,24578.349609375,423000,-0.0138958390765435,-0.0139932900771993,0.1969292638201991,1.0,0.6862564415016777
2025-05-14,24613.80078125,24767.55078125,24535.55078125,24666.900390625,345500,0.0036027960647213,0.0035963215412445,0.1894955177023995,1.0,0.5960410558423074
2025-05-15,24694.44921875,25116.25,24494.44921875,25062.099609375,500800,0.0160214381414618,0.0158944494666119,0.1833142860908863,1.0,0.5210260923439819
2025-05-16,25064.650390625,25070.0,24953.05078125,25019.80078125,432700,-0.0016877607536591,-0.0016891866264205,0.1842045771965432,1.0,0.5318305984668948
2025-05-19,25005.349609375,25062.94921875,24916.650390625,24945.44921875,255300,-0.0029717088137536,-0.0029761331077067,0.1774028394449982,1.0,0.4492852189656692
2025-05-20,24996.19921875,25010.349609375,24669.69921875,24683.900390625,414800,-0.0104848313546668,-0.0105401844508155,0.179449683626923,1.0,0.4741255665280962
2025-05-21,24744.25,24946.19921875,24685.349609375,24813.44921875,332700,0.0052483127088862,0.0052345883147392,0.1800318170764753,1.0,0.48119029443571615
2025-05-22,24733.94921875,24737.5,24462.400390625,24609.69921875,403300,-0.0082112727740422,-0.0082451709667342,0.1819279154520884,1.0,0.5042012021925004
2025-05-23,24639.5,24909.05078125,24614.05078125,24853.150390625,270500,0.0098924887180058,0.0098438783734483,0.1841561054873569,1.0,0.5312423494376011
2025-05-26,24919.349609375,25079.19921875,24900.5,25001.150390625,302800,0.0059549794562796,0.0059373186446142,0.1810713868313264,1.0,0.49380643505546984
2025-05-27,24956.650390625,25062.900390625,24704.099609375,24826.19921875,525700,-0.0069977248703164,-0.0070223237717306,0.1797038057184866,1.0,0.4772095731825716
2025-05-28,24832.5,24864.25,24737.05078125,24752.44921875,684400,-0.0029706520659956,-0.0029750732108038,0.1802514880355788,1.0,0.48385620472907864
2025-05-29,24825.099609375,24892.599609375,24677.30078125,24833.599609375,345400,0.0032784792287758,0.0032731167331063,0.1804159489343872,1.0,0.48585208986919126
2025-05-30,24812.599609375,24863.94921875,24717.400390625,24750.69921875,853900,-0.0033382349691143,-0.0033438193068198,0.1810767209563405,1.0,0.49387116959680033
2025-06-02,24669.69921875,24754.400390625,24526.150390625,24716.599609375,311100,-0.0013777230725331,-0.0013786730055621,0.1806386088782563,1.0,0.48855427425761794
2025-06-03,24786.30078125,24845.099609375,24502.150390625,24542.5,349300,-0.0070438333802584,-0.0070687582881646,0.182173774423677,1.0,0.5071849282423547
2025-06-04,24560.44921875,24644.25,24530.44921875,24620.19921875,280900,0.0031659048079861,0.0031609038835467,0.18241572979571,1.0,0.5101212805006122
2025-06-05,24691.19921875,24899.849609375,24613.099609375,24750.900390625,388400,0.0053086967621067,0.0052946553040901,0.1816600630654301,1.0,0.5009505657059649
2025-06-06,24748.69921875,25029.5,24671.44921875,25003.05078125,335600,0.0101875239545026,0.0101359809008172,0.1786411003051752,1.0,0.4643126599459695
2025-06-09,25160.099609375,25160.099609375,25077.150390625,25103.19921875,279200,0.0040054487100871,0.0039974482568901,0.1206685582402053,0.0,-0.23923776499017635
2025-06-10,25196.05078125,25199.30078125,25055.44921875,25104.25,307300,4.18584595869298e-05,4.18575835460567e-05,0.1081682313606763,0.0,-0.3909407949880195
2025-06-11,25134.150390625,25222.400390625,25081.30078125,25141.400390625,301200,0.0014798446727146,0.0014787507816465,0.107769738360852,0.0,-0.3957768761632466
2025-06-12,25164.44921875,25196.19921875,24825.900390625,24888.19921875,328300,-0.0100710846627866,-0.0101221411211214,0.099151968453924,0.0,-0.5003614857742289
2025-06-13,24473.0,24754.349609375,24473.0,24718.599609375,318700,-0.0068144588479197,-0.006837783295332,0.1017264188214467,0.0,-0.4691181490922228
2025-06-16,24732.349609375,24967.099609375,24703.599609375,24946.5,305800,0.0092197937677085,0.0091775509175443,0.1069821801350592,0.0,-0.4053346237568836
2025-06-17,24977.849609375,24982.05078125,24813.69921875,24853.400390625,242400,-0.0037319707924959,-0.00373895196994,0.1006283764533473,0.0,-0.48244390896330897
2025-06-18,24788.349609375,24947.55078125,24750.44921875,24812.05078125,237600,-0.0016637405234334,-0.0016651260767121,0.0991487573783463,0.0,-0.5004004551467408
2025-06-19,24803.25,24863.099609375,24733.400390625,24793.25,274600,-0.0007577278241026,-0.0007580150449296,0.0943388277501494,0.0,-0.5587734005669779
2025-06-20,24787.650390625,25136.19921875,24783.650390625,25112.400390625,574700,0.0128724709598377,0.0127903249029659,0.0987397815859935,0.0,-0.5053637547063141
2025-06-23,24939.75,25057.0,24824.849609375,24971.900390625,248500,-0.0055948454872697,-0.0056105552585128,0.0988433194018071,0.0,-0.5041072275346924
2025-06-24,25179.900390625,25317.69921875,24999.69921875,25044.349609375,450200,0.0029012296868362,0.00289702924233,0.0957988548927883,0.0,-0.5410546206061005
2025-06-25,25150.349609375,25266.80078125,25125.05078125,25244.75,260600,0.0080018205204253,0.0079699757193964,0.0984686049306178,0.0,-0.50865473426882
2025-06-26,25268.94921875,25565.30078125,25259.900390625,25549.0,428900,0.0120520108141297,0.0119799636297515,0.1057345664445043,0.0,-0.42047556998557145
2025-06-27,25576.650390625,25654.19921875,25523.55078125,25637.80078125,564000,0.003475704773181,0.0034696784710735,0.104420945472995,0.0,-0.43641757562808137
2025-06-30,25661.650390625,25669.349609375,25473.30078125,25517.05078125,271000,-0.0047098423546652,-0.0047209686111904,0.1064087459586882,0.0,-0.4122937779372642
2025-07-01,25551.349609375,25593.400390625,25501.80078125,25541.80078125,260700,0.0009699396772837,0.0009694695897414,0.1014392461488094,0.0,-0.47260325512116996
2025-07-02,25588.30078125,25608.099609375,25378.75,25453.400390625,309800,-0.0034610085397696,-0.0034670116851196,0.1031432755248392,0.0,-0.4519232823460264
2025-07-03,25505.099609375,25587.5,25384.349609375,25405.30078125,293400,-0.0018897125192245,-0.0018915002785163,0.1029424425285308,0.0,-0.4543605765349828
2025-07-04,25428.849609375,25470.25,25331.650390625,25461.0,193500,0.0021924250859925,0.0021900252291445,0.0976282669099732,0.0,-0.5188530134964574
2025-07-07,25450.44921875,25489.80078125,25407.25,25461.30078125,196100,1.1813410706551508e-05,1.181334092876479e-05,0.0969780947984123,0.0,-0.5267434535061031
2025-07-08,25427.849609375,25548.05078125,25424.150390625,25522.5,210400,0.0024036171315751,0.002400733064455,0.0971244830095592,0.0,-0.5249668971487396
2025-07-09,25514.599609375,25548.69921875,25424.349609375,25476.099609375,239100,-0.0018180190273288,-0.0018196736296237,0.0975353782634031,0.0,-0.5199803031483912
2025-07-10,25511.650390625,25524.05078125,25340.44921875,25355.25,219600,-0.004743646446198,-0.0047549332448686,0.0913283236544814,0.0,-0.5953086526075998
2025-07-11,25255.5,25322.44921875,25129.0,25149.849609375,250000,-0.008100901810276,-0.0081338924051924,0.0928928409817247,0.0,-0.5763217875988442
2025-07-14,25149.5,25151.099609375,25001.94921875,25082.30078125,259500,-0.0026858541571485,-0.0026894675348791,0.0882424588376432,0.0,-0.6327584767113782
2025-07-15,25089.5,25245.19921875,25088.44921875,25195.80078125,241300,0.0045251032187942,0.0045148957209608,0.0881309590035943,0.0,-0.6341116303394786
2025-07-16,25196.599609375,25255.30078125,25121.05078125,25212.05078125,228800,0.0006449487413033,0.0006447408512447,0.087694631048237,0.0,-0.6394068736989833
2025-07-17,25230.75,25238.349609375,25101.0,25111.44921875,243400,-0.0039902173517283,-0.0039981995097579,0.0891992887260631,0.0,-0.621146460908535
2025-07-18,25108.55078125,25144.599609375,24918.650390625,24968.400390625,317000,-0.0056965580472427,-0.0057128453177427,0.0794074326558244,0.0,-0.7399796921891202
2025-07-21,24999.0,25111.400390625,24882.30078125,25090.69921875,305200,0.0048981443028652,0.0048861874225141,0.078814260354858,0.0,-0.7471783867700402
2025-07-22,25166.650390625,25182.0,25035.55078125,25060.900390625,483700,-0.0011876443882732,-0.001188350196758,0.0783182661314757,0.0,-0.7531977354857721
2025-07-23,25139.349609375,25233.5,25085.5,25219.900390625,271500,0.0063445445902445,0.0063245026936848,0.0762983089118009,0.0,-0.7777117848897532
2025-07-24,25243.30078125,25246.25,25018.69921875,25062.099609375,338700,-0.006256994627491,-0.0062766516572255,0.0647730647449818,0.0,-0.9175812841773833
2025-07-25,25010.349609375,25010.349609375,24806.349609375,24837.0,278100,-0.0089816740370306,-0.0090222524286112,0.0685071695086325,0.0,-0.8722644686705127
2025-07-28,24782.44921875,24889.19921875,24646.599609375,24680.900390625,262100,-0.0062849623293875,-0.0063047958507558,0.0696887446774698,0.0,-0.8579249609912074
2025-07-29,24609.650390625,24847.150390625,24598.599609375,24821.099609375,284700,0.0056804742343701,0.0056644011802598,0.073908437483108,0.0,-0.8067150854059751
2025-07-30,24890.400390625,24902.30078125,24771.94921875,24855.05078125,243900,0.0013678351245234,0.0013669004902461,0.0741338170297477,0.0,-0.8039798961221833
2025-07-31,24642.25,24956.5,24635.0,24768.349609375,346300,-0.0034882717656889,-0.0034943699712402,0.0745523032972958,0.0,-0.7989011781485357
2025-08-01,24734.900390625,24784.150390625,24535.05078125,24565.349609375,263400,-0.0081959437427822,-0.008229715141942,0.0772646093415721,0.0,-0.7659848353069729
2025-08-04,24596.05078125,24736.25,24554.0,24722.75,259300,0.0064074150430544,0.0063869748254638,0.0823815166556288,0.0,-0.7038864317018845
2025-08-05,24720.25,24733.099609375,24590.30078125,24649.55078125,251800,-0.0029608040671041,-0.0029651959185494,0.0812299205967137,0.0,-0.7178621151503782
2025-08-06,24641.349609375,24671.400390625,24539.19921875,24574.19921875,225100,-0.0030569142281212,-0.0030615961343119,0.0813655686032469,0.0,-0.7162159011111316
2025-08-07,24464.19921875,24634.19921875,24344.150390625,24596.150390625,616700,0.0008932609229541,0.0008928622028389,0.0811165739059791,0.0,-0.7192376820927778
2025-08-08,24544.25,24585.5,24337.5,24363.30078125,312600,-0.0094669127354072,-0.0095120087930806,0.0827382370270316,0.0,-0.6995573000139458
2025-08-11,24371.5,24600.849609375,24347.44921875,24585.05078125,241100,0.0091018044718578,0.0090606326859919,0.0907862213748664,0.0,-0.6018875652375575
2025-08-12,24563.349609375,24702.599609375,24465.650390625,24487.400390625,237000,-0.0039719417907191,-0.0039798509014786,0.0889291776875076,0.0,-0.6244245082251886
2025-08-13,24586.19921875,24664.55078125,24535.25,24619.349609375,236000,0.0053884535167121,0.0053739877432256,0.0919237304748688,0.0,-0.5880828400664837
2025-08-14,24607.25,24673.650390625,24596.900390625,24631.30078125,270200,0.000485438164071,0.0004853203770828,0.0914833916413513,0.0,-0.5934267591426894
2025-08-18,24938.19921875,25022.0,24852.849609375,24876.94921875,363100,0.0099730192766349,0.0099236169088637,0.0973689826777396,0.0,-0.5219996675031552
2025-08-19,24891.349609375,25012.650390625,24873.94921875,24980.650390625,252300,0.0041685646806257,0.0041599002852598,0.096900436473764,0.0,-0.5276859091128436
2025-08-20,24965.80078125,25088.69921875,24929.69921875,25050.55078125,287100,0.0027981813736617,0.002794273751954,0.0974023787704817,0.0,-0.521594375024975
2025-08-21,25142.0,25153.650390625,25054.900390625,25083.75,226500,0.0013252889742787,0.0013244115539841,0.094660717783368,0.0,-0.554866967252395
2025-08-22,25064.150390625,25084.849609375,24859.150390625,24870.099609375,210200,-0.0085174820600987,-0.0085539631092473,0.0968958777769118,0.0,-0.5277412331161265
2025-08-25,24949.150390625,25021.55078125,24894.349609375,24967.75,213000,0.0039264173509054,0.0039187290926014,0.0923785180984559,0.0,-0.5825635715570605
2025-08-26,24899.5,24919.650390625,24689.599609375,24712.05078125,750500,-0.0102411798720348,-0.0102939815650658,0.0971043019910646,0.0,-0.5252118124764409
2025-08-28,24695.80078125,24702.650390625,24481.599609375,24500.900390625,326600,-0.0085444301039235,-0.0085811430237306,0.0993458135812184,0.0,-0.49800899583982283
2025-08-29,24466.69921875,24572.44921875,24404.69921875,24426.849609375,325500,-0.0030223697933294,-0.0030269463766577,0.0993874335636251,0.0,-0.49750389885312774
2025-09-01,24432.69921875,24635.599609375,24432.69921875,24625.05078125,229300,0.0081140701746054,0.0080813281022769,0.1037306317004021,0.0,-0.44479517182703227
2025-09-02,24653.0,24756.099609375,24522.349609375,24579.599609375,271600,-0.0018457290617897,-0.0018474345185382,0.099644995527078,0.0,-0.4943781461712529
2025-09-03,24616.5,24737.05078125,24533.19921875,24715.05078125,340300,0.005510715147017,0.0054955867098578,0.0989383686702984,0.0,-0.502953716737081
2025-09-04,24980.75,24980.75,24708.19921875,24734.30078125,314100,0.0007788776228048,0.0007785744550393,0.0983487554689528,0.0,-0.5101092183517896
2025-09-05,24818.849609375,24832.349609375,24621.599609375,24741.0,210100,0.0002708473067116,0.0002708106342015,0.0976042797178037,0.0,-0.5191441202625704
2025-09-08,24802.599609375,24885.5,24751.55078125,24773.150390625,213200,0.0012994782193525,0.0012986346282709,0.0976454803535769,0.0,-0.5186441124351856
2025-09-09,24864.099609375,24891.80078125,24814.0,24868.599609375,226900,0.0038529301782352,0.0038455266535053,0.0910241217348995,0.0,-0.5990004243009711
2025-09-10,24991.0,25035.69921875,24915.05078125,24973.099609375,244100,0.0042020862308871,0.0041932821216746,0.086871029705089,0.0,-0.6494020378630866
2025-09-11,24945.5,25037.30078125,24940.150390625,25005.5,224600,0.0012974116602184,0.0012965707489705,0.0850337300554136,0.0,-0.6716993686893854
2025-09-12,25074.44921875,25139.44921875,25038.05078125,25114.0,225700,0.0043390454100098,0.0043296588950226,0.0844073811361616,0.0,-0.6793006922229332
2025-09-15,25118.900390625,25138.44921875,25048.75,25069.19921875,185400,-0.0017838966811339,-0.0017854897196444,0.0849721027134139,0.0,-0.6724472734923693
2025-09-16,25073.599609375,25261.400390625,25070.44921875,25239.099609375,240100,0.0067772563910986,0.0067543940269436,0.0811580403643445,0.0,-0.7187344482623399
2025-09-17,25276.599609375,25346.5,25275.349609375,25330.25,268900,0.0036114755294653,0.003604969810507,0.0808697114714139,0.0,-0.7222335860940974
2025-09-18,25441.05078125,25448.94921875,25329.75,25423.599609375,272200,0.0036853015416349,0.0036785274558399,0.081234262294396,0.0,-0.7178094246327553
2025-09-19,25410.19921875,25428.75,25286.30078125,25327.05078125,380400,-0.0037976065391384,-0.0038048357551339,0.082769945147827,0.0,-0.6991724926367823
2025-09-22,25238.099609375,25331.69921875,25151.05078125,25202.349609375,254500,-0.0049236357186648,-0.0049357967470806,0.07841243128184,0.0,-0.7520549542794773
2025-09-23,25209.0,25261.900390625,25084.650390625,25169.5,299200,-0.001303434397354,-0.0013042846068432,0.0777254091054515,0.0,-0.7603926039136263
2025-09-24,25108.75,25149.849609375,25027.44921875,25056.900390625,244400,-0.0044736530076083,-0.0044836897383111,0.0694119771316109,0.0,-0.86128379118153
2025-09-25,25034.5,25092.69921875,24878.30078125,24890.849609375,342500,-0.0066269482123226,-0.0066490039290245,0.0662551250437858,0.0,-0.8995951114848698
2025-09-26,24818.55078125,24868.599609375,24629.44921875,24654.69921875,291500,-0.0094874379272315,-0.0095327303668938,0.0747105346543253,0.0,-0.7969808942604915
2025-09-29,24728.55078125,24791.30078125,24606.19921875,24634.900390625,394400,-0.0008030448049409,-0.0008033674181471,0.0691454710732207,0.0,-0.8645180887291234
2025-09-30,24691.94921875,24731.80078125,24587.69921875,24611.099609375,303000,-0.0009661407544825,-0.0009666077692868,0.0689002125733937,0.0,-0.8674945274986896
2025-10-01,24620.55078125,24867.94921875,24605.94921875,24836.30078125,308900,0.0091503904924759,0.0091087793157824,0.0737042709347367,0.0,-0.8091928353328871
2025-10-03,24759.55078125,24904.80078125,24747.55078125,24894.25,365900,0.0023332467769816,0.0023305289834215,0.0740583955696009,0.0,-0.804895205309007
2025-10-06,24916.55078125,25095.94921875,24881.650390625,25077.650390625,268800,0.0073671787912872,0.0073401736828141,0.0781325020009318,0.0,-0.7554521550493576
2025-10-07,25085.30078125,25220.900390625,25076.30078125,25108.30078125,288000,0.0012222193924698,0.0012214730903828,0.0781248231062536,0.0,-0.75554534553957
2025-10-08,25079.75,25192.5,25008.5,25046.150390625,227400,-0.0024752925801897,-0.0024783611817054,0.0779423386633603,0.0,-0.75775996305967
2025-10-09,25074.30078125,25199.25,25024.30078125,25181.80078125,286300,0.0054160175719368,0.0054014036910443,0.0788440316495829,0.0,-0.7468170845688856
2025-10-10,25167.650390625,25330.75,25156.849609375,25285.349609375,232900,0.004112050167679,0.0041036187949703,0.0798825545252941,0.0,-0.7342136487959006
2025-10-13,25177.30078125,25267.30078125,25152.30078125,25227.349609375,234300,-0.0022938183927065,-0.0022964532241035,0.0791910987270784,0.0,-0.7426051045322045
2025-10-14,25277.55078125,25310.349609375,25060.55078125,25145.5,292100,-0.0032444791324643,-0.0032497538671527,0.0798520018847427,0.0,-0.7345844333514366
2025-10-15,25181.94921875,25365.150390625,25159.349609375,25323.55078125,289900,0.0070808208725219,0.0070558695749474,0.080189072657903,0.0,-0.7304937677148545
2025-10-16,25394.900390625,25625.400390625,25376.849609375,25585.30078125,372800,0.0103362282114798,0.0102831746738043,0.0871851676598133,0.0,-0.6455896831920226
2025-10-17,25546.849609375,25781.5,25508.599609375,25709.849609375,422100,0.0048679837376106,0.0048561734175648,0.0878520995335196,0.0,-0.6374958479652754
2025-10-20,25824.599609375,25926.19921875,25788.5,25843.150390625,301100,0.0051848137299641,0.0051714188632333,0.0877152163251417,0.0,-0.6391570523215199
2025-10-21,25901.19921875,25934.349609375,25825.80078125,25868.599609375,42500,0.0009847568259027,0.000984272270986,0.0848649265252166,0.0,-0.6737479556785109
2025-10-23,26057.19921875,26104.19921875,25862.44921875,25891.400390625,448400,0.0008814076368377,0.0008810194252249,0.0843267092948464,0.0,-0.6802797196420532
2025-10-24,25935.099609375,25944.150390625,25718.19921875,25795.150390625,284900,-0.0037174505259611,-0.0037243774174138,0.0836628396032632,0.0,-0.6883363924560923
2025-10-27,25843.19921875,26005.94921875,25827.0,25966.05078125,266300,0.0066252915000297,0.0066034407150819,0.0797784925432596,0.0,-0.7354765372094881
2025-10-28,25939.94921875,26041.69921875,25810.05078125,25936.19921875,395200,-0.001149638146805,-0.0011502994876563,0.0682651602952293,0.0,-0.875201474343603
2025-10-29,25982.0,26097.849609375,25960.30078125,26053.900390625,321900,0.0045381040946781,0.0045278379478023,0.0674265568156359,0.0,-0.8853787033110623
2025-10-30,25984.400390625,26032.05078125,25845.25,25877.849609375,257400,-0.00675717564781,-0.00678010872612,0.0745188385798675,0.0,-0.7993073034507634
2025-10-31,25863.80078125,25953.75,25711.19921875,25722.099609375,334400,-0.0060186608373972,-0.0060368459800537,0.0761055621227367,0.0,-0.7800509454737279
2025-11-03,25696.849609375,25803.099609375,25645.5,25763.349609375,23300,0.0016036793506921,0.0016023948300849,0.0760760592015026,0.0,-0.7804089907143152
2025-11-04,25744.75,25787.400390625,25578.400390625,25597.650390625,305100,-0.0064315867797603,-0.0064523585455219,0.078273583980325,0.0,-0.7537399947228073
2025-11-06,25593.349609375,25679.150390625,25491.55078125,25509.69921875,371900,-0.0034359080045569,-0.0034418242922323,0.0798536142677723,0.0,-0.7345648655918521
2025-11-07,25433.80078125,25551.25,25318.44921875,25492.30078125,305600,-0.0006820322478444,-0.0006822649376453,0.0791289209030785,0.0,-0.7433596899434791
2025-11-10,25503.5,25653.44921875,25503.5,25574.349609375,243600,0.0032185728871263,0.003213404368611,0.0778424680104527,0.0,-0.7589719858171513
2025-11-11,25617.0,25715.80078125,25449.25,25694.94921875,297700,0.0047156471705849,0.0047045633377707,0.0782118044136518,0.0,-0.754489746913018
2025-11-12,25834.30078125,25934.55078125,25781.150390625,25875.80078125,312600,0.0070384090258497,0.0070137550406647,0.0802725441982414,0.0,-0.7294807633582517
2025-11-13,25906.099609375,26010.69921875,25808.400390625,25879.150390625,385200,0.0001294494962036,0.0001294411183406,0.0786289532632296,0.0,-0.7494272597436064
2025-11-14,25767.900390625,25940.19921875,25740.80078125,25910.05078125,518900,0.0011940264714482,0.0011933141887742,0.0757754074145157,0.0,-0.784057678264628
2025-11-17,25948.19921875,26024.19921875,25906.349609375,26013.44921875,281800,0.0039906690408659,0.0039827274423519,0.068664425699138,0.0,-0.8703560193303062
2025-11-18,26021.80078125,26029.849609375,25876.5,25910.05078125,280000,-0.0039748069020186,-0.0039827274423519,0.0689576091828783,0.0,-0.8667979665483775
2025-11-19,25918.099609375,26074.650390625,25856.19921875,26052.650390625,250100,0.0055036406751542,0.0054885509849837,0.0692579252716374,0.0,-0.8631533530065935
2025-11-20,26132.099609375,26246.650390625,26063.19921875,26192.150390625,240400,0.0053545415882216,0.0053402569993402,0.0714340590922663,0.0,-0.8367439560802769
2025-11-21,26109.55078125,26179.19921875,26052.19921875,26068.150390625,235600,-0.0047342428227803,-0.0047454848460117,0.073911946242297,0.0,-0.8066725033674707
2025-11-24,26122.80078125,26142.80078125,25912.150390625,25959.5,464700,-0.004167936312968,-0.0041766463699224,0.074258437788298,0.0,-0.8024675079378655
2025-11-25,25998.5,26032.599609375,25857.5,25884.80078125,260500,-0.002877529180069,-0.0028816772264875,0.071178256475608,0.0,-0.8398483574613311
2025-11-26,25842.94921875,26215.150390625,25842.94921875,26205.30078125,275300,0.0123817835303625,0.0123057561748778,0.0836248379827259,0.0,-0.6887975772743693
2025-11-27,26261.25,26310.44921875,26141.900390625,26215.55078125,240300,0.0003911422381892,0.0003910657620054,0.0822709843966021,0.0,-0.7052278429120439
2025-11-28,26237.44921875,26280.75,26172.400390625,26202.94921875,202500,-0.0004806903583736,-0.0004808059270205,0.0779992505406447,0.0,-0.7570692847830044
2025-12-01,26325.80078125,26325.80078125,26124.19921875,26175.75,213800,-0.0010380212747401,-0.0010385603919326,0.0742664193464243,0.0,-0.8023706443467343
2025-12-02,26087.94921875,26154.599609375,25997.849609375,26032.19921875,254800,-0.0054841133969418,-0.005499206353098,0.0775484762462476,0.0,-0.7625398478302131
2025-12-03,26004.900390625,26066.44921875,25891.0,25986.0,265700,-0.0017746951904364,-0.001776271827589,0.0736515060830151,0.0,-0.8098331856181793
2025-12-04,25981.849609375,26098.25,25938.94921875,26033.75,248100,0.0018375278996383,0.0018358417105443,0.072029557684604,0.0,-0.8295170298016511
2025-12-05,25999.80078125,26202.599609375,25985.349609375,26186.44921875,249300,0.0058654330916598,0.0058482984078969,0.0736973646696261,0.0,-0.8092766492485824
2025-12-08,26159.80078125,26178.69921875,25892.25,25960.55078125,320700,-0.0086265394598917,-0.0086639634331101,0.0813609264716203,0.0,-0.7162722376725824
2025-12-09,25867.099609375,25923.650390625,25728.0,25839.650390625,276000,-0.0046570811090926,-0.0046679590975771,0.0821164604326282,0.0,-0.7071031341558679
2025-12-10,25864.05078125,25947.650390625,25734.55078125,25758.0,207900,-0.0031598875909956,-0.00316489057782,0.0789342688220043,0.0,-0.7457219730084685
2025-12-11,25771.400390625,25922.80078125,25693.25,25898.55078125,206100,0.0054565875164998,0.0054417542776163,0.081465263622476,0.0,-0.7150060098308072
2025-12-12,25971.19921875,26057.599609375,25938.44921875,26046.94921875,216300,0.0057299900196514,0.0057136360690816,0.083860857481176,0.0,-0.6859332623329667
2025-12-15,25930.05078125,26047.150390625,25904.75,26027.30078125,181600,-0.0007543469807149,-0.000754631643564,0.0827528993745349,0.0,-0.6993793588637209
2025-12-16,25951.5,25980.75,25834.349609375,25860.099609375,264400,-0.0064240688375742,-0.0064447919666699,0.0847718633876162,0.0,-0.6748773629405087
2025-12-17,25902.400390625,25929.150390625,25770.349609375,25818.55078125,206500,-0.0016066770334456,-0.0016079691231565,0.082276725651997,0.0,-0.7051581674669302
2025-12-18,25764.69921875,25902.349609375,25726.30078125,25815.55078125,197600,-0.0001161955225689,-0.0001162022737916,0.0794123941279717,0.0,-0.7399194801350475
2025-12-19,25911.5,25993.349609375,25880.44921875,25966.400390625,382900,0.0058433620360547,0.0058263558129651,0.0811593335090022,0.0,-0.7187187547557069
2025-12-22,26055.849609375,26180.69921875,26047.80078125,26172.400390625,253000,0.0079333291061156,0.0079020257019083,0.0845550105867017,0.0,-0.6775090722773359
2025-12-23,26205.19921875,26233.55078125,26119.05078125,26177.150390625,216600,0.0001814888939914,0.0001814724268745,0.08366864879153,0.0,-0.6882658925827374
2025-12-24,26170.650390625,26236.400390625,26123.0,26142.099609375,188800,-0.0013389838361685,-0.0013398810760412,0.0713832788751019,0.0,-0.8373602209893491
2025-12-26,26121.25,26144.19921875,26008.599609375,26042.30078125,142200,-0.003817552133005,-0.003824857583702,0.0725416359490526,0.0,-0.8233024863691825
2025-12-29,26063.349609375,26106.80078125,25920.30078125,25942.099609375,234300,-0.0038476313101776,-0.0038550524856079,0.0736145899787396,0.0,-0.8102811966924722
2025-12-30,25940.900390625,25976.75,25878.0,25938.849609375,396900,-0.0001252789885528,-0.0001252868366208,0.0735973909441973,0.0,-0.8104899228864549
2025-12-31,25971.05078125,26187.94921875,25969.0,26129.599609375,246300,0.007353834224439,0.00732692662105,0.0759806828990563,0.0,-0.7815664703714904
2026-01-01,26173.30078125,26197.55078125,26113.400390625,26146.55078125,425600,0.0006487344669803,0.0006485241297397,0.0756365366763908,0.0,-0.7857430031328989
2026-01-02,26155.099609375,26340.0,26118.400390625,26328.55078125,357500,0.0069607651702385,0.0069366508822873,0.0790913758948288,0.0,-0.743815333349261
2026-01-05,26333.69921875,26373.19921875,26210.05078125,26250.30078125,338800,-0.002972058760474,-0.0029764840975281,0.0774562137767586,0.0,-0.7636595382440282
2026-01-06,26189.69921875,26273.94921875,26124.75,26178.69921875,383000,-0.0027276473171363,-0.0027313741255683,0.0711359363503866,0.0,-0.8403619513287434
2026-01-07,26143.099609375,26187.150390625,26067.900390625,26140.75,338200,-0.0014496220164682,-0.0014506737349826,0.0689685398385997,0.0,-0.8666653129298937
2026-01-08,26106.5,26133.19921875,25858.44921875,25876.849609375,328500,-0.0100953641584499,-0.0101466679260642,0.0778734194684694,0.0,-0.7585963612427513
2026-01-09,25840.400390625,25940.599609375,25623.0,25683.30078125,348800,-0.0074796132854935,-0.0075077258614666,0.0799184768780204,0.0,-0.7337776978159182
2026-01-12,25669.05078125,25813.150390625,25473.400390625,25790.25,275800,0.0041641539637333,0.0041555078687529,0.0785121173869144,0.0,-0.7508451711806662
2026-01-13,25897.349609375,25899.80078125,25603.30078125,25732.30078125,339500,-0.0022469428853927,-0.0022494710493611,0.0787565534288899,0.0,-0.747878713697935
2026-01-14,25648.55078125,25791.75,25603.94921875,25665.599609375,393100,-0.0025921184600641,-0.0025954838159783,0.0760882567291292,0.0,-0.7802609624333534
2026-01-16,25696.05078125,25873.5,25662.400390625,25694.349609375,434000,0.001120176439965,0.0011195495104741,0.0761191948093112,0.0,-0.7798855002113524
2026-01-19,25653.099609375,25653.30078125,25494.349609375,25585.5,443100,-0.0042363247573811,-0.0042453234042252,0.0774291701788242,0.0,-0.7639877373213988
2026-01-20,25580.30078125,25585.0,25171.349609375,25232.5,409800,-0.0137968771374411,-0.0138929386360228,0.0872526817848529,0.0,-0.6447703368313338
2026-01-21,25141.0,25300.94921875,24919.80078125,25157.5,395600,-0.0029723570791637,-0.0029767833055262,0.080063827785261,0.0,-0.7320137301010062
2026-01-22,25344.150390625,25435.75,25168.5,25289.900390625,486400,0.0052628596094603,0.0052490591625262,0.0838093334496433,0.0,-0.6865585541174571
2026-01-23,25344.599609375,25347.94921875,25025.30078125,25048.650390625,393900,-0.0095393811867061,-0.0095851725301575,0.0882982463001073,0.0,-0.6320814442486868
2026-01-27,25063.349609375,25246.650390625,24932.55078125,25175.400390625,618700,0.0050601528634628,0.0050473933153695,0.0916025449499974,0.0,-0.5919807235205744
2026-01-28,25258.849609375,25372.099609375,25187.650390625,25342.75,574900,0.0066473464881742,0.0066253503042048,0.0957802649535006,0.0,-0.5412802267158127
2026-01-29,25345.0,25458.150390625,25159.80078125,25418.900390625,582400,0.0030048195489833,0.0030003141018364,0.0968682879279147,0.0,-0.5280760614554476
2026-01-30,25247.55078125,25370.69921875,25213.650390625,25320.650390625,508400,-0.0038652340774046,-0.0038727233995256,0.0921216889882156,0.0,-0.5856804303872811
2026-02-02,24796.5,25108.099609375,24679.400390625,25088.400390625,449200,-0.0091723552285208,-0.0092146802912144,0.0955567495191599,0.0,-0.5439927932724758
2026-02-03,26308.05078125,26341.19921875,25641.30078125,25727.55078125,637300,0.0254759323302189,0.0251568290498399,0.1329093070502274,1.0,-0.09068495498615375
2026-02-04,25675.05078125,25818.55078125,25563.94921875,25776.0,429800,0.0018831648283172,0.0018813938963879,0.1331444962882662,0.0,-0.08783071602286745
2026-02-05,25755.900390625,25757.650390625,25579.5,25642.80078125,343800,-0.0051675674561607,-0.0051809655096962,0.1338704759754621,0.0,-0.07902028095777625
2026-02-06,25605.80078125,25703.94921875,25491.900390625,25693.69921875,375500,0.0019849016468285,0.0019829343324083,0.1342829761692025,0.0,-0.0740142095271484
2026-02-09,25888.69921875,25922.25,25780.900390625,25867.30078125,0,0.0067565810988132,0.0067338577022977,0.1321554323113773,0.0,-0.09983392230713499
